participant.label,player.opinion_war,player.proportion,player.own_dg_belief,own_position,player.dg_decision,dictator_label,rpayoff,belief_column_name,belief_value,belief_match,get_belief_payoff,belief_payoff,total_payoff
0002028d5b--62976f068753764e91f3f634,0.0,75.0,0.0,0.0,-50.0,00020297df--629797ba1cd4a2502e02e607,0.0,player.own_dg_belief,0.0,50.0,False,0.0,0.0
0002028d5b--62975da3aee53a0f1ca1c909,0.0,60.0,0.0,0.0,0.0,00020297df--6297a523e796a155f014d457,50.0,player.proportion,60.0,10.920000000000002,True,0.25,0.75
0002028d5b--62975daac4f9241828c612d7,0.0,60.0,0.0,0.0,-50.0,00020297df--6297a52485c5c060cecbb70d,0.0,player.proportion,60.0,10.920000000000002,True,0.25,0.25
0002028d5b--62975db48d75da35c17c60cc,0.0,50.0,-50.0,0.0,30.0,00020297df--6297a4f5318cc4235d1908a6,80.0,player.proportion,50.0,20.92,False,0.0,0.8
0002028d5b--62975d23035b7842af53f16b,0.0,40.0,0.0,0.0,0.0,00020297df--6297a52e5bb53b198cc4e94a,50.0,player.own_dg_belief,0.0,0.0,True,0.25,0.75
0002028d5b--62975db0ce71890706f1b41d,0.0,35.0,-20.0,0.0,0.0,00020297df--6297a4e86789b1401e9a5f1d,50.0,player.own_dg_belief,-20.0,20.0,False,0.0,0.5
0002028d5b--62975d9ec3e04913dbaeab16,0.0,50.0,0.0,0.0,-50.0,00020297df--6297a4dae796a155f014cf15,0.0,player.proportion,50.0,20.92,False,0.0,0.0
0002028d5b--629760ad56b7cb048e22ddfa,0.0,70.0,20.0,0.0,0.0,00020297df--6297a45155a6576a01d51a80,50.0,player.proportion,70.0,0.9200000000000017,True,0.25,0.75
0002028d5b--62975d90fc16bb14cdf12532,0.0,30.0,-50.0,0.0,0.0,00020297df--6297a57b6789b1401e9a65dd,50.0,player.own_dg_belief,-50.0,50.0,False,0.0,0.5
0002028d5b--6297610adf858e094c945de2,0.0,50.0,0.0,0.0,0.0,00020297df--6297a425095c8b3014b2c67c,50.0,player.proportion,50.0,20.92,False,0.0,0.5
0002028d5b--629761061a1597570c3b4d13,0.0,80.0,0.0,0.0,-40.0,00020297df--6297a4240db9233408659bb3,10.0,player.own_dg_belief,0.0,40.0,False,0.0,0.1
0002028d5b--62975d9a1cd4a2502e00a050,0.0,55.0,-50.0,0.0,0.0,00020297df--6297a06d0f0a604a6d5ad164,50.0,player.own_dg_belief,-50.0,50.0,False,0.0,0.5
0002028d5b--62975dab1b437b49aa77e08f,0.0,15.0,0.0,0.0,0.0,00020297df--6297a3c99e3b850db620c93a,50.0,player.proportion,15.0,55.92,False,0.0,0.5
0002028d5b--629760ee0808263f550a0fa2,0.0,90.0,-50.0,0.0,0.0,00020297df--6297a33e5bb53b198cc4d2e0,50.0,player.own_dg_belief,-50.0,50.0,False,0.0,0.5
0002028d5b--62975da48753764e91f30685,0.0,60.0,0.0,0.0,0.0,00020297df--6297a33a56b7cb048e262649,50.0,player.own_dg_belief,0.0,0.0,True,0.25,0.75
0002028d5b--62975d9cb8c3540865cab4a3,0.0,40.0,-20.0,0.0,-30.0,00020297df--6297a345592d6a2580666436,20.0,player.proportion,40.0,30.92,False,0.0,0.2
0002028d5b--6297610dc5079d57c57e7456,0.0,50.0,50.0,0.0,0.0,00020297df--6297a2f9035b7842af57ca59,50.0,player.own_dg_belief,50.0,50.0,False,0.0,0.5
0002028d5b--62975d8c631aea481294e5d3,0.0,28.0,0.0,0.0,-50.0,00020297df--6297a4406789b1401e9a57a8,0.0,player.own_dg_belief,0.0,50.0,False,0.0,0.0
0002028d5b--62975db7318cc4235d15f068,0.0,62.0,-30.0,0.0,0.0,00020297df--6297a57c1b437b49aa7bf59e,50.0,player.own_dg_belief,-30.0,30.0,False,0.0,0.5
0002028d5b--629760fe8d75da35c17c92a5,0.0,30.0,0.0,0.0,50.0,00020297df--6297a569c5079d57c58197fc,100.0,player.own_dg_belief,0.0,50.0,False,0.0,1.0
0002028d5b--62975db1343b1203f3754fc2,0.0,70.0,10.0,0.0,0.0,00020297df--6297a5bc343b1203f37a28ec,50.0,player.proportion,70.0,0.9200000000000017,True,0.25,0.75
0002028d5b--629760da8753764e91f32e05,0.0,40.0,-30.0,0.0,-50.0,00020297df--6297aa491b437b49aa7c31f0,0.0,player.proportion,40.0,30.92,False,0.0,0.0
0002028d5b--62975e104796d7421d1216cf,0.0,80.0,0.0,0.0,0.0,00020297df--6297aa4c27b7222acc8019ef,50.0,player.own_dg_belief,0.0,0.0,True,0.25,0.75
0002028d5b--629760b0631aea4812950593,0.0,30.0,-50.0,0.0,0.0,00020297df--6297a9020808263f55106e93,50.0,player.proportion,30.0,40.92,False,0.0,0.5
0002028d5b--6297607a035b7842af541848,0.0,70.0,0.0,0.0,50.0,00020297df--6297a8f80808263f55106de5,100.0,player.proportion,70.0,0.9200000000000017,True,0.25,1.25
0002028d5b--62975df9c5228a2201b218db,0.0,60.0,0.0,0.0,50.0,00020297df--6297a8a4e14f7b062a229719,100.0,player.proportion,60.0,10.920000000000002,True,0.25,1.25
0002028d5b--62975de7ce71890706f1b6c1,0.0,20.0,20.0,0.0,0.0,00020297df--6297a86fc5228a2201b5dd43,50.0,player.proportion,20.0,50.92,False,0.0,0.5
0002028d5b--62975dbf4796d7421d1211d3,0.0,70.0,0.0,0.0,-50.0,00020297df--6297a85d85c5c060cecbefac,0.0,player.proportion,70.0,0.9200000000000017,True,0.25,0.25
0002028d5b--629760a0379f925fdf573d6c,0.0,70.0,-50.0,0.0,-50.0,00020297df--6297a7854796d7421d176bf3,0.0,player.proportion,70.0,0.9200000000000017,True,0.25,0.25
0002028d5b--629760bff97bee03d012cbbd,0.0,20.0,0.0,0.0,-50.0,00020297df--6297a72488f65848589d8349,0.0,player.proportion,20.0,50.92,False,0.0,0.0
0002028d5b--629760b6e796a155f00fcaf0,0.0,65.0,50.0,0.0,-40.0,00020297df--6297a72f0209472a2f19e136,10.0,player.proportion,65.0,5.920000000000002,True,0.25,0.35
0002028d5b--62975dd1318cc4235d15f22c,0.0,50.0,50.0,0.0,-20.0,00020297df--6297a6ac56b7cb048e265627,30.0,player.own_dg_belief,50.0,70.0,False,0.0,0.3
0002028d5b--62975dd5ba0e0c481ecfce0b,0.0,60.0,0.0,0.0,0.0,00020297df--6297a6a18d75da35c180f1dc,50.0,player.proportion,60.0,10.920000000000002,True,0.25,0.75
0002028d5b--62976097318cc4235d160db0,0.0,35.0,-40.0,0.0,0.0,00020297df--6297a639095c8b3014b2e27b,50.0,player.own_dg_belief,-40.0,40.0,False,0.0,0.5
0002028d5b--62975db6c5228a2201b215a2,0.0,20.0,20.0,0.0,20.0,00020297df--6297a655ab45cb7cbab7f3c0,70.0,player.proportion,20.0,50.92,False,0.0,0.7
0002028d5b--629760bb27b7222acc7c63a0,0.0,70.0,-50.0,0.0,-50.0,00020297df--6297a66275f2ea5422d062ba,0.0,player.own_dg_belief,-50.0,0.0,True,0.25,0.25
0002028d5b--629760d10db9233408632a3b,0.0,70.0,0.0,0.0,0.0,00020297df--6297a62d0808263f55103cb6,50.0,player.own_dg_belief,0.0,0.0,True,0.25,0.75
0002028d5b--62975d890bd50b2755062163,0.0,50.0,-30.0,0.0,20.0,00020297df--6297a5fa4796d7421d175349,70.0,player.proportion,50.0,20.92,False,0.0,0.7
0002028d5b--629760e6fc16bb14cdf149eb,0.0,30.0,0.0,0.0,0.0,00020297df--6297a2edb8c3540865cf7ed0,50.0,player.own_dg_belief,0.0,0.0,True,0.25,0.75
0002028d5b--62976060631aea48129502b8,0.0,60.0,50.0,0.0,0.0,00020297df--6297a2eb55a6576a01d508fd,50.0,player.own_dg_belief,50.0,50.0,False,0.0,0.5
0002028d5b--62975e05318cc4235d15f437,0.0,30.0,-20.0,0.0,0.0,00020297df--6297a2da343b1203f379f17e,50.0,player.own_dg_belief,-20.0,20.0,False,0.0,0.5
0002028d5b--62975d9731ed6801133681a1,0.0,85.0,-20.0,0.0,20.0,00020297df--6297a2acfc16bb14cdf44bb6,70.0,player.proportion,85.0,14.079999999999998,False,0.0,0.7
0002028d5b--62975d818d75da35c17c5ecf,0.0,30.0,20.0,0.0,20.0,00020297df--6297a029379f925fdf5b2f61,70.0,player.proportion,30.0,40.92,False,0.0,0.7
0002028d5b--62975d4dfc16bb14cdf12270,0.0,30.0,0.0,0.0,10.0,00020297df--62979ff68383c96eb0cee9bc,60.0,player.own_dg_belief,0.0,10.0,True,0.25,0.85
0002028d5b--62975d44318cc4235d15ecbd,0.0,45.0,0.0,0.0,0.0,00020297df--6297a00ce14f7b062a22449e,50.0,player.proportion,45.0,25.92,False,0.0,0.5
0002028d5b--62975d394796d7421d120b35,0.0,60.0,10.0,0.0,20.0,00020297eb--62979def095c8b3014b27584,70.0,player.own_dg_belief,10.0,10.0,True,0.25,0.95
0002028d5b--62975d468753764e91f3027f,0.0,55.0,0.0,0.0,-50.0,00020297df--62979facc3e04913dbb29e94,0.0,player.proportion,55.0,15.920000000000002,False,0.0,0.0
0002028d5b--62975d1d0808263f5509cfe5,0.0,60.0,-50.0,0.0,0.0,00020297df--62979f9fc3e04913dbb29de5,50.0,player.own_dg_belief,-50.0,50.0,False,0.0,0.5
0002028d5b--62975d569c973a4d0b7d4193,0.0,60.0,0.0,0.0,0.0,00020297df--62979f81631aea481297bde9,50.0,player.proportion,60.0,10.920000000000002,True,0.25,0.75
0002028d5b--62975d25379f925fdf5709c3,0.0,50.0,-50.0,0.0,-50.0,00020297df--62979f7831ed68011339ddbd,0.0,player.proportion,50.0,20.92,False,0.0,0.0
0002028d5b--62975d4ec5228a2201b21166,0.0,80.0,-10.0,0.0,0.0,00020297df--62979f1285c5c060cecb3d6e,50.0,player.own_dg_belief,-10.0,10.0,True,0.25,0.75
0002028d5b--62975d354796d7421d120afc,0.0,65.0,0.0,0.0,20.0,00020297eb--62979e38592d6a2580660160,70.0,player.own_dg_belief,0.0,20.0,False,0.0,0.7
0002028d5b--62975d26343b1203f37544b0,0.0,50.0,0.0,0.0,0.0,00020297df--62979f2b55a82f0add588152,50.0,player.own_dg_belief,0.0,0.0,True,0.25,0.75
0002028d5b--6297621b379f925fdf57548f,0.0,70.0,50.0,0.0,-30.0,00020297eb--62979e96e796a155f01452d3,20.0,player.own_dg_belief,50.0,80.0,False,0.0,0.2
0002028d5b--62976255f97bee03d012e7e9,0.0,10.0,40.0,0.0,0.0,00020297df--62979ec10db9233408656f64,50.0,player.proportion,10.0,60.92,False,0.0,0.5
0002028d5b--62975cfc592d6a2580625668,0.0,70.0,0.0,0.0,0.0,00020297df--62979e75343b1203f37995ce,50.0,player.proportion,70.0,0.9200000000000017,True,0.25,0.75
0002028d5b--62975d37379f925fdf570a7f,0.0,50.0,-50.0,0.0,0.0,00020297eb--62979eb96789b1401e9a11c6,50.0,player.own_dg_belief,-50.0,50.0,False,0.0,0.5
0002028d5b--629762570bd50b275506593a,0.0,80.0,20.0,0.0,20.0,00020297eb--62979e6d0808263f550fa658,70.0,player.proportion,80.0,9.079999999999998,True,0.25,0.95
0002028d5b--6297628885c5c060cec748e8,0.0,25.0,0.0,0.0,-50.0,00020297df--62979eb11a1597570c3e1631,0.0,player.own_dg_belief,0.0,50.0,False,0.0,0.0
0002028d5b--62975d038717592fea4f190b,0.0,10.0,0.0,0.0,-50.0,00020297eb--62979d62318cc4235d18b67d,0.0,player.own_dg_belief,0.0,50.0,False,0.0,0.0
0002028d5b--62975f90e7caf416d32901d2,0.0,80.0,30.0,0.0,-50.0,00020297df--6297aa80095c8b3014b31391,0.0,player.proportion,80.0,9.079999999999998,True,0.25,0.25
0002028d5b--62975d8f8d75da35c17c5f71,0.0,40.0,30.0,0.0,0.0,00020297df--6297a0de88f65848589d243f,50.0,player.own_dg_belief,30.0,30.0,False,0.0,0.5
0002028d5b--62975d5ce7caf416d328ea16,0.0,20.0,0.0,0.0,0.0,00020297df--6297a15e55a6576a01d4f303,50.0,player.proportion,20.0,50.92,False,0.0,0.5
0002028d5b--629761ee8717592fea4f4d9c,0.0,40.0,0.0,0.0,0.0,00020297df--6297a2b10db9233408658f72,50.0,player.proportion,40.0,30.92,False,0.0,0.5
0002028d5b--62975d94592d6a2580625cf3,0.0,80.0,-50.0,0.0,10.0,00020297df--6297a2648d75da35c180a82d,60.0,player.own_dg_belief,-50.0,60.0,False,0.0,0.6
0002028d5b--62975d801cd4a2502e009fb8,0.0,70.0,-50.0,0.0,-50.0,00020297df--6297a274c5228a2201b58bea,0.0,player.proportion,70.0,0.9200000000000017,True,0.25,0.25
0002028d5b--62976115035b7842af541f3e,0.0,10.0,-50.0,0.0,20.0,00020297df--6297a24a8753764e91f6d0e4,70.0,player.own_dg_belief,-50.0,70.0,False,0.0,0.7
0002028d5b--62975d78a743b42b6acc823b,0.0,25.0,0.0,0.0,-50.0,00020297df--6297a2471cd4a2502e03516d,0.0,player.own_dg_belief,0.0,50.0,False,0.0,0.0
0002028d5b--62975d7f27b7222acc7c391a,0.0,40.0,-40.0,0.0,20.0,00020297df--6297a2430808263f550ff464,70.0,player.own_dg_belief,-40.0,60.0,False,0.0,0.7
0002028d5b--62976165b8c3540865caf5bb,0.0,10.0,-50.0,0.0,0.0,00020297df--6297a21e6789b1401e9a3c22,50.0,player.own_dg_belief,-50.0,50.0,False,0.0,0.5
0002028d5b--62975d7a343b1203f3754ae8,0.0,30.0,10.0,0.0,-50.0,00020297df--6297a211318cc4235d18e966,0.0,player.proportion,30.0,40.92,False,0.0,0.0
0002028d5b--62976129aee53a0f1ca200d5,0.0,65.0,20.0,0.0,0.0,00020297df--6297a1ed379f925fdf5b38cc,50.0,player.proportion,65.0,5.920000000000002,True,0.25,0.75
0002028d5b--62976158f6a7361ea2f6034e,0.0,50.0,-50.0,0.0,-50.0,00020297df--6297a1dd0209472a2f19a0a1,0.0,player.proportion,50.0,20.92,False,0.0,0.0
0002028d5b--629761ac4796d7421d124cf6,0.0,60.0,-50.0,0.0,0.0,00020297df--6297a1c7343b1203f379db75,50.0,player.own_dg_belief,-50.0,50.0,False,0.0,0.5
0002028d5b--62975ce3343b1203f3754118,0.0,20.0,0.0,0.0,0.0,00020297df--6297a1b3095c8b3014b2a623,50.0,player.own_dg_belief,0.0,0.0,True,0.25,0.75
0002028d5b--62975d7672b8b44b5c8ed3c1,0.0,100.0,50.0,0.0,0.0,00020297df--6297a1931b437b49aa7bc199,50.0,player.proportion,100.0,29.08,False,0.0,0.5
0002028d5b--629761e69c973a4d0b7d8eaf,0.0,70.0,0.0,0.0,0.0,00020297df--6297a19c75f2ea5422d0283d,50.0,player.own_dg_belief,0.0,0.0,True,0.25,0.75
0002028d5b--62975d5b035b7842af53f36a,0.0,90.0,20.0,0.0,0.0,00020297df--6297a166286bd91e83da5dad,50.0,player.proportion,90.0,19.08,False,0.0,0.5
0002028d5b--62975d60c3e04913dbaea891,0.0,60.0,0.0,0.0,0.0,00020297df--6297a152ab45cb7cbab7b450,50.0,player.proportion,60.0,10.920000000000002,True,0.25,0.75
0002028d5b--629761eb56b7cb048e22ed4a,0.0,50.0,0.0,0.0,0.0,00020297df--6297a160ab45cb7cbab7b53a,50.0,player.own_dg_belief,0.0,0.0,True,0.25,0.75
0002028d5b--62975d588d75da35c17c5d0e,0.0,50.0,0.0,0.0,20.0,00020297df--6297a11931ed68011339f4eb,70.0,player.own_dg_belief,0.0,20.0,False,0.0,0.7
0002028d5b--62975d6a8d75da35c17c5db1,0.0,50.0,0.0,0.0,0.0,00020297df--6297aa98c3e04913dbb33f49,50.0,player.proportion,50.0,20.92,False,0.0,0.5
0002028d5b--62975d1a318cc4235d15eb7d,0.0,70.0,0.0,0.0,20.0,00020297df--6297aad68717592fea520a30,70.0,player.own_dg_belief,0.0,20.0,False,0.0,0.7
0002028d5b--62975df2343b1203f37553d3,0.0,50.0,-50.0,0.0,0.0,00020297df--6297ab258d75da35c1814253,50.0,player.proportion,50.0,20.92,False,0.0,0.5
0002028d5b--62975dfe55a6576a01d195fb,0.0,20.0,0.0,0.0,-50.0,00020297eb--62979949343b1203f3793744,0.0,player.own_dg_belief,0.0,50.0,False,0.0,0.0
0002028d5b--62975fd88717592fea4f36be,0.0,50.0,0.0,0.0,-40.0,00020297eb--629799a04796d7421d1662cf,10.0,player.own_dg_belief,0.0,40.0,False,0.0,0.1
0002028d5b--62975fc0318cc4235d1605b2,0.0,30.0,0.0,0.0,-50.0,00020297eb--629799b8e796a155f013f0a7,0.0,player.own_dg_belief,0.0,50.0,False,0.0,0.0
0002028d5b--62975f0adf858e094c944439,0.0,10.0,50.0,0.0,-30.0,00020297eb--6297999ae14f7b062a21fec0,20.0,player.own_dg_belief,50.0,80.0,False,0.0,0.2
0002028d5b--62975eec0db92334086315af,0.0,70.0,20.0,0.0,0.0,00020297eb--62979992b8c3540865cec9cc,50.0,player.own_dg_belief,20.0,20.0,False,0.0,0.5
0002028d5b--62975ec9c2dd7967c0375f1d,0.0,50.0,-50.0,0.0,20.0,00020297eb--629799e2286bd91e83d9ef85,70.0,player.own_dg_belief,-50.0,70.0,False,0.0,0.7
0002028d5b--62975ede75f2ea5422ccecd4,0.0,30.0,-40.0,0.0,0.0,00020297eb--629799d49c973a4d0b806849,50.0,player.own_dg_belief,-40.0,40.0,False,0.0,0.5
0002028d5b--62975ee0592d6a2580627a3d,0.0,90.0,-50.0,0.0,-30.0,00020297eb--62979a14c2dd7967c03a119c,20.0,player.own_dg_belief,-50.0,20.0,False,0.0,0.2
0002028d5b--6297600555a6576a01d1ab6f,0.0,80.0,0.0,0.0,-50.0,00020297eb--62979a2c4796d7421d166d60,0.0,player.own_dg_belief,0.0,50.0,False,0.0,0.0
0002028d5b--62975dde1b437b49aa77e261,0.0,75.0,50.0,0.0,0.0,00020297eb--62979a3c55a6576a01d497cf,50.0,player.proportion,75.0,4.079999999999998,True,0.25,0.75
0002028d5b--62975fdb72b8b44b5c8efc88,0.0,60.0,-30.0,0.0,0.0,00020297eb--62979a631b437b49aa7b6009,50.0,player.own_dg_belief,-30.0,30.0,False,0.0,0.5
0002028d5b--62975ecdb8c3540865cac6be,0.0,80.0,-50.0,0.0,-50.0,00020297eb--62979a3288f65848589cbc4b,0.0,player.proportion,80.0,9.079999999999998,True,0.25,0.25
0002028d5b--62975ee2592d6a2580627a48,0.0,70.0,-50.0,0.0,-50.0,00020297eb--62979aa655a82f0add5841ca,0.0,player.own_dg_belief,-50.0,0.0,True,0.25,0.25
0002028d5b--62975eba592d6a258062787a,0.0,50.0,-50.0,0.0,-50.0,00020297eb--62979aeab8c3540865cee9ed,0.0,player.own_dg_belief,-50.0,0.0,True,0.25,0.25
0002028d5b--62975eda85c5c060cec70dcf,0.0,70.0,0.0,0.0,20.0,00020297eb--629797c6343b1203f3791e18,70.0,player.proportion,70.0,0.9200000000000017,True,0.25,0.95
0002028d5b--62975ecb035b7842af5402df,0.0,20.0,-50.0,0.0,0.0,00020297eb--62979af3c2dd7967c03a1d0d,50.0,player.own_dg_belief,-50.0,50.0,False,0.0,0.5
0002028d5b--62975eb685c5c060cec70c77,0.0,20.0,10.0,0.0,0.0,00020297eb--62979b3455a6576a01d4a75f,50.0,player.proportion,20.0,50.92,False,0.0,0.5
0002028d5b--62975eb031ed680113368cba,0.0,40.0,0.0,0.0,-50.0,00020297eb--629799af9c973a4d0b80666f,0.0,player.proportion,40.0,30.92,False,0.0,0.0
0002028d5b--62975ec10bd50b2755062dfa,0.0,10.0,0.0,0.0,-50.0,00020297eb--62979b3255a82f0add584e91,0.0,player.proportion,10.0,60.92,False,0.0,0.0
0002028d5b--62975fe2e796a155f00fbd89,0.0,50.0,-50.0,0.0,0.0,00020297eb--6297995a27b7222acc7f35fc,50.0,player.own_dg_belief,-50.0,50.0,False,0.0,0.5
0002028d5b--62975efe55a6576a01d1a05f,0.0,30.0,10.0,0.0,0.0,00020297eb--629799631a1597570c3dcbbc,50.0,player.own_dg_belief,10.0,10.0,True,0.25,0.75
0002028d5b--62975f758d75da35c17c7bfb,0.0,50.0,0.0,0.0,0.0,00020297eb--629797ede796a155f013d22c,50.0,player.proportion,50.0,20.92,False,0.0,0.5
0002028d5b--62975f86035b7842af540c2d,0.0,10.0,50.0,0.0,0.0,00020297eb--62979872e796a155f013db6b,50.0,player.own_dg_belief,50.0,50.0,False,0.0,0.5
0002028d5b--62975f980808263f5509f98c,0.0,20.0,0.0,0.0,0.0,00020297eb--629798a7343b1203f3792bf9,50.0,player.proportion,20.0,50.92,False,0.0,0.5
0002028d5b--62975f8d592d6a25806281bf,0.0,50.0,-50.0,0.0,0.0,00020297eb--629798c2e14f7b062a21f85f,50.0,player.proportion,50.0,20.92,False,0.0,0.5
0002028d5b--62975f808753764e91f31bb5,0.0,20.0,-30.0,0.0,0.0,00020297eb--62979898286bd91e83d9de84,50.0,player.own_dg_belief,-30.0,30.0,False,0.0,0.5
0002028d5b--62975f65a743b42b6acca376,0.0,10.0,-10.0,0.0,0.0,00020297eb--629798da343b1203f3792f8f,50.0,player.proportion,10.0,60.92,False,0.0,0.5
0002028d5b--62975f820209472a2f15c7cd,0.0,100.0,0.0,0.0,0.0,00020297eb--629798daaee53a0f1ca3a2e4,50.0,player.proportion,100.0,29.08,False,0.0,0.5
0002028d5b--62975f7e88f658485897e250,0.0,67.0,50.0,0.0,-50.0,00020297eb--62979915035b7842af570da6,0.0,player.own_dg_belief,50.0,100.0,False,0.0,0.0
0002028d5b--62975f5ae14f7b062a1faa03,0.0,50.0,20.0,0.0,20.0,00020297eb--629799120808263f550f33cb,70.0,player.proportion,50.0,20.92,False,0.0,0.7
0002028d5b--62975d3ac5228a2201b2102d,0.0,33.0,20.0,0.0,-50.0,00020297eb--6297992a6789b1401e99c94c,0.0,player.proportion,33.0,37.92,False,0.0,0.0
0002028d5b--62975fa6fc16bb14cdf13c06,0.0,40.0,0.0,0.0,0.0,00020297eb--6297993156b7cb048e2599db,50.0,player.own_dg_belief,0.0,0.0,True,0.25,0.75
0002028d5b--62975fa956b7cb048e22d0be,0.0,25.0,0.0,0.0,0.0,00020297eb--62979920c2dd7967c03a06cf,50.0,player.own_dg_belief,0.0,0.0,True,0.25,0.75
0002028d5b--62975fccc3e04913dbaec4d5,0.0,30.0,-40.0,0.0,0.0,00020297eb--62979925631aea4812976e36,50.0,player.own_dg_belief,-40.0,40.0,False,0.0,0.5
0002028d5b--62975f121cd4a2502e00ad14,0.0,50.0,-50.0,0.0,-20.0,00020297eb--6297993fc5228a2201b51602,30.0,player.own_dg_belief,-50.0,30.0,False,0.0,0.3
0002028d5b--62975f17a743b42b6acc9df1,0.0,81.0,10.0,0.0,-50.0,00020297eb--6297996bfc16bb14cdf3d27c,0.0,player.own_dg_belief,10.0,60.0,False,0.0,0.0
0002028d5b--62975f0e85c5c060cec71058,0.0,60.0,-50.0,0.0,-50.0,00020297eb--6297995c0209472a2f192611,0.0,player.proportion,60.0,10.920000000000002,True,0.25,0.25
0002028d5b--62975ee472b8b44b5c8ee88d,0.0,80.0,-20.0,0.0,-50.0,00020297eb--62979953a743b42b6ad07fad,0.0,player.own_dg_belief,-20.0,30.0,False,0.0,0.0
0002028d5b--62975fac379f925fdf572d4f,0.0,40.0,-50.0,0.0,-50.0,00020297eb--62979967e7caf416d32b8d50,0.0,player.proportion,40.0,30.92,False,0.0,0.0
0002028d5b--62975efa55a82f0add559d83,0.0,10.0,40.0,0.0,0.0,00020297eb--62979f100808263f550fb24f,50.0,player.own_dg_belief,40.0,40.0,False,0.0,0.5
0002028d5b--629760a275f2ea5422cd0127,0.0,70.0,0.0,0.0,-50.0,00020297eb--62979ba1ab45cb7cbab76d79,0.0,player.own_dg_belief,0.0,50.0,False,0.0,0.0
0002028d5b--62975ebdb8c3540865cac5b0,0.0,25.0,0.0,0.0,20.0,00020297eb--62979c224796d7421d1692d0,70.0,player.proportion,25.0,45.92,False,0.0,0.7
0002028d5b--62975e974796d7421d121dc0,0.0,80.0,0.0,0.0,-50.0,00020297df--6297afde035b7842af588a9b,0.0,player.own_dg_belief,0.0,50.0,False,0.0,0.0
0002028d5b--62975e5b1a1597570c3b2c51,0.0,80.0,-50.0,0.0,20.0,00020297df--6297affea743b42b6ad19d3a,70.0,player.own_dg_belief,-50.0,70.0,False,0.0,0.7
0002028d5b--62975e58e14f7b062a1f9f74,0.0,20.0,30.0,0.0,0.0,00020297df--6297afa64796d7421d17fe09,50.0,player.own_dg_belief,30.0,30.0,False,0.0,0.5
0002028d5b--62975e44f97bee03d012aa13,0.0,70.0,0.0,0.0,-50.0,00020297df--6297af70ab45cb7cbab852f4,0.0,player.own_dg_belief,0.0,50.0,False,0.0,0.0
0002028d5b--62975cfda743b42b6acc7774,0.0,50.0,-50.0,0.0,0.0,00020297df--6297af8285c5c060cecc5c3c,50.0,player.proportion,50.0,20.92,False,0.0,0.5
0002028d5b--6297606fab45cb7cbab4a5d0,0.0,30.0,30.0,0.0,0.0,00020297df--6297aed5ce71890706f57afd,50.0,player.own_dg_belief,30.0,30.0,False,0.0,0.5
0002028d5b--62975ca30808263f5509c53f,0.0,30.0,0.0,0.0,-50.0,00020297df--6297af0772b8b44b5c931e37,0.0,player.proportion,30.0,40.92,False,0.0,0.0
0002028d5b--62976ec6e14f7b062a20553a,0.0,50.0,50.0,0.0,20.0,00020297df--6297ae3b631aea481298570a,70.0,player.own_dg_belief,50.0,30.0,False,0.0,0.7
0002028d5b--62975e2872b8b44b5c8ee091,0.0,50.0,-10.0,0.0,0.0,00020297df--6297ae090f0a604a6d5b7aff,50.0,player.proportion,50.0,20.92,False,0.0,0.5
0002028d5b--62975e36f97bee03d012a97b,0.0,60.0,50.0,0.0,0.0,00020297df--6297ae24ce71890706f57398,50.0,player.own_dg_belief,50.0,50.0,False,0.0,0.5
0002028d5b--6297608555a82f0add55afb9,0.0,60.0,0.0,0.0,0.0,00020297df--6297adeb343b1203f37abd7b,50.0,player.proportion,60.0,10.920000000000002,True,0.25,0.75
0002028d5b--62975e2088f658485897d1a9,0.0,0.0,-50.0,0.0,0.0,00020297df--6297ade2b8c3540865d03f58,50.0,player.own_dg_belief,-50.0,50.0,False,0.0,0.5
0002028d5b--62975e209e3b850db61c38d4,0.0,70.0,0.0,0.0,50.0,00020297df--6297aae49c973a4d0b811e0c,100.0,player.proportion,70.0,0.9200000000000017,True,0.25,1.25
0002028d5b--62975e1b56b7cb048e22c110,0.0,67.0,-40.0,0.0,-50.0,00020297df--6297add06789b1401e9ac301,0.0,player.own_dg_belief,-40.0,10.0,True,0.25,0.25
0002028d5b--62975fbb0f0a604a6d57b729,0.0,70.0,-30.0,0.0,0.0,00020297df--6297adaff97bee03d0174835,50.0,player.own_dg_belief,-30.0,30.0,False,0.0,0.5
0002028d5b--62975e1775f2ea5422cce210,0.0,10.0,0.0,0.0,0.0,00020297df--6297ad7a6789b1401e9ac02e,50.0,player.own_dg_belief,0.0,0.0,True,0.25,0.75
0002028d5b--6297605bc5228a2201b23322,0.0,60.0,-50.0,0.0,30.0,00020297df--6297acee1a1597570c3ebede,80.0,player.proportion,60.0,10.920000000000002,True,0.25,1.05
0002028d5b--6297606eaee53a0f1ca1f4bb,0.0,30.0,0.0,0.0,0.0,00020297df--6297b1859e3b850db621672b,50.0,player.proportion,30.0,40.92,False,0.0,0.5
0002028d5b--62975e3955a6576a01d198ce,0.0,50.0,0.0,0.0,0.0,00020297eb--62979c08b8c3540865cefeee,50.0,player.proportion,50.0,20.92,False,0.0,0.5
0002028d5b--62975e4e8d75da35c17c6b69,0.0,80.0,50.0,0.0,-30.0,00020297df--6297b1aac5079d57c5821dd2,20.0,player.proportion,80.0,9.079999999999998,True,0.25,0.45
0002028d5b--62976047343b1203f37579e3,0.0,50.0,30.0,0.0,-20.0,00020297df--6297b1acce71890706f594e5,30.0,player.proportion,50.0,20.92,False,0.0,0.3
0002028d5b--62975e6cc4f9241828c61d96,0.0,32.0,-50.0,0.0,-50.0,00020297eb--62979c910f0a604a6d5a9f17,0.0,player.own_dg_belief,-50.0,0.0,True,0.25,0.25
0002028d5b--62975eaae14f7b062a1fa2dd,0.0,55.0,-50.0,0.0,0.0,00020297eb--62980176095c8b3014b5cfab,50.0,player.proportion,55.0,15.920000000000002,False,0.0,0.5
0002028d5b--62975ea4379f925fdf571e23,0.0,60.0,-50.0,0.0,-50.0,00020297eb--62979ce988f65848589cdf70,0.0,player.own_dg_belief,-50.0,0.0,True,0.25,0.25
0002028d5b--62975e960209472a2f15b008,0.0,35.0,20.0,0.0,-50.0,00020297eb--62979cc50bd50b275509bd43,0.0,player.own_dg_belief,20.0,70.0,False,0.0,0.0
0002028d5b--62975e9c095c8b3014af4722,0.0,20.0,0.0,0.0,20.0,00020297df--6297b63ba743b42b6ad1ddc6,70.0,player.proportion,20.0,50.92,False,0.0,0.7
0002028d5b--6297602bb8c3540865cae031,0.0,70.0,20.0,0.0,0.0,00020297df--6297b5db88f65848589e5325,50.0,player.proportion,70.0,0.9200000000000017,True,0.25,0.75
0002028d5b--6297600255a6576a01d1ab43,0.0,30.0,0.0,0.0,50.0,00020297df--6297b5450209472a2f1a7c4a,100.0,player.own_dg_belief,0.0,50.0,False,0.0,1.0
0002028d5b--62975e9a6789b1401e96eeb5,0.0,50.0,-30.0,0.0,0.0,00020297df--6297b45e0209472a2f1a7351,50.0,player.proportion,50.0,20.92,False,0.0,0.5
0002028d5b--6297601f8d75da35c17c866d,0.0,90.0,50.0,0.0,-10.0,00020297df--6297b33e4796d7421d18342d,40.0,player.own_dg_belief,50.0,60.0,False,0.0,0.4
0002028d5b--62975e89379f925fdf571c73,0.0,60.0,-20.0,0.0,0.0,00020297df--6297b384c4f9241828cc6310,50.0,player.own_dg_belief,-20.0,20.0,False,0.0,0.5
0002028d5b--62975e91e14f7b062a1fa1cd,0.0,20.0,50.0,0.0,20.0,00020297df--6297b37431ed6801133ac985,70.0,player.own_dg_belief,50.0,30.0,False,0.0,0.7
0002028d5b--62975e748717592fea4f27bf,0.0,40.0,10.0,0.0,50.0,00020297df--6297b2f356b7cb048e26e339,100.0,player.own_dg_belief,10.0,40.0,False,0.0,1.0
0002028d5b--62975e928753764e91f311b1,0.0,75.0,0.0,0.0,0.0,00020297df--6297b2f772b8b44b5c934a70,50.0,player.own_dg_belief,0.0,0.0,True,0.25,0.75
0002028d5b--62975e7e6789b1401e96ed52,0.0,50.0,0.0,0.0,-50.0,00020297df--6297b2b01b437b49aa7cb9a3,0.0,player.proportion,50.0,20.92,False,0.0,0.0
0002028d5b--62975e7c55a6576a01d19b83,0.0,85.0,0.0,0.0,0.0,00020297df--62979aa427b7222acc7f470f,50.0,player.own_dg_belief,0.0,0.0,True,0.25,0.75
0002028d5b--62975e770808263f5509e678,0.0,30.0,10.0,0.0,0.0,00020297df--6297ace855a6576a01d57be6,50.0,player.proportion,30.0,40.92,False,0.0,0.5
0002028d5b--62975e7baee53a0f1ca1d3e4,0.0,20.0,0.0,0.0,-50.0,00020297df--6297b1dcfc16bb14cdf4fe0b,0.0,player.proportion,20.0,50.92,False,0.0,0.0
0002028d5b--62975e326789b1401e96ea20,0.0,75.0,30.0,0.0,0.0,00020297df--6297b1b5318cc4235d198fb6,50.0,player.proportion,75.0,4.079999999999998,True,0.25,0.75
0002028d5b--62975e568d75da35c17c6bc5,0.0,80.0,0.0,0.0,-50.0,00020297df--62979e0c631aea481297abfb,0.0,player.own_dg_belief,0.0,50.0,False,0.0,0.0
0002028d5b--62975d1be796a155f00f94a2,0.0,47.0,0.0,0.0,-50.0,00020297df--6297a100318cc4235d18dcfe,0.0,player.proportion,47.0,23.92,False,0.0,0.0
0002028d5b--62975d1985c5c060cec6f51e,0.0,20.0,-50.0,0.0,-50.0,00020297df--6297995b75f2ea5422cfb718,0.0,player.own_dg_belief,-50.0,0.0,True,0.25,0.25
0002028d5b--62975fa41b437b49aa77fbab,0.0,25.0,20.0,0.0,50.0,00020297df--6297990a27b7222acc7f324e,100.0,player.proportion,25.0,45.92,False,0.0,1.0
0002028d5b--62976717df858e094c94a8f3,0.0,10.0,0.0,0.0,-50.0,00020297eb--6297b1459e3b850db62164cc,0.0,player.proportion,10.0,60.92,False,0.0,0.0
0002028d5b--629764699e3b850db61c8e27,0.0,60.0,0.0,0.0,-30.0,00020297df--62979967035b7842af5714ac,20.0,player.proportion,60.0,10.920000000000002,True,0.25,0.45
0002028d5b--6297678be796a155f01039db,0.0,35.0,-30.0,0.0,0.0,00020297df--6297997fe7caf416d32b8e9c,50.0,player.proportion,35.0,35.92,False,0.0,0.5
0002028d5b--62975cb7c5228a2201b20a38,0.0,30.0,-50.0,0.0,-50.0,00020297df--62979972a743b42b6ad081be,0.0,player.own_dg_belief,-50.0,0.0,True,0.25,0.25
0002028d5b--62975ccfe7caf416d328e494,0.0,70.0,40.0,0.0,-50.0,00020297eb--6297f0479e3b850db6235038,0.0,player.own_dg_belief,40.0,90.0,False,0.0,0.0
0002028d5b--62975cd80209472a2f159e20,0.0,23.0,-30.0,0.0,-40.0,00020297df--629798f59c973a4d0b805f43,10.0,player.proportion,23.0,47.92,False,0.0,0.1
0002028d5b--62976467631aea4812952bc8,0.0,60.0,-10.0,0.0,0.0,00020297df--6297996855a6576a01d48e7d,50.0,player.proportion,60.0,10.920000000000002,True,0.25,0.75
0002028d5b--629764331cd4a2502e00d928,0.0,50.0,0.0,0.0,0.0,00020297eb--6297ac4d1b437b49aa7c6ccf,50.0,player.own_dg_belief,0.0,0.0,True,0.25,0.75
0002028d5b--629764530bd50b27550679a4,0.0,40.0,50.0,0.0,0.0,00020297df--629799b5343b1203f3793dfb,50.0,player.proportion,40.0,30.92,False,0.0,0.5
0002028d5b--62975cd6e14f7b062a1f924d,0.0,80.0,50.0,0.0,-50.0,00020297eb--6297abf21b437b49aa7c64ee,0.0,player.proportion,80.0,9.079999999999998,True,0.25,0.25
0002028d5b--62975cdadf858e094c942820,0.0,70.0,-20.0,0.0,20.0,00020297eb--6297ab11c4f9241828cbf5f2,70.0,player.own_dg_belief,-20.0,40.0,False,0.0,0.7
0002028d5b--6297642227b7222acc7c9108,0.0,70.0,0.0,0.0,20.0,00020297eb--6297ab09b8c3540865d01295,70.0,player.proportion,70.0,0.9200000000000017,True,0.25,0.95
0002028d5b--629764069e3b850db61c887a,0.0,50.0,0.0,0.0,-50.0,00020297eb--6297aa54c5228a2201b5f401,0.0,player.proportion,50.0,20.92,False,0.0,0.0
0002028d5b--62975ce1286bd91e83d57f2f,0.0,15.0,0.0,0.0,0.0,00020297df--62979965a743b42b6ad0811c,50.0,player.proportion,15.0,55.92,False,0.0,0.5
0002028d5b--62975cd5343b1203f375404c,0.0,50.0,-50.0,0.0,0.0,00020297df--629797faba0e0c481ed3291f,50.0,player.proportion,50.0,20.92,False,0.0,0.5
0002028d5b--62975ce8e796a155f00f9164,0.0,90.0,-30.0,0.0,0.0,00020297df--629799e4343b1203f37940ce,50.0,player.own_dg_belief,-30.0,30.0,False,0.0,0.5
0002028d5b--629767c28d75da35c17cfe33,0.0,45.0,-50.0,0.0,0.0,00020297eb--6297a951ce71890706f53d9c,50.0,player.own_dg_belief,-50.0,50.0,False,0.0,0.5
0002028d5b--62975cdc8d75da35c17c569c,0.0,60.0,20.0,0.0,50.0,00020297eb--6297a8d5ce71890706f53713,100.0,player.own_dg_belief,20.0,30.0,False,0.0,1.0
0002028d5b--62975cecc3e04913dbaea32a,0.0,60.0,0.0,0.0,20.0,00020297df--62979a278717592fea51d045,70.0,player.proportion,60.0,10.920000000000002,True,0.25,0.95
0002028d5b--629767f8035b7842af546adb,0.0,70.0,0.0,0.0,40.0,00020297df--62979883035b7842af5703a8,90.0,player.proportion,70.0,0.9200000000000017,True,0.25,1.15
0002028d5b--62975ced8d75da35c17c57a0,0.0,50.0,-30.0,0.0,20.0,00020297df--62979a234796d7421d166bea,70.0,player.own_dg_belief,-30.0,50.0,False,0.0,0.7
0002028d5b--62975cce55a6576a01d18a37,0.0,90.0,-50.0,0.0,20.0,00020297eb--6297a8b00808263f5510699a,70.0,player.proportion,90.0,19.08,False,0.0,0.7
0002028d5b--62975cf7ce71890706f1ac66,0.0,15.0,0.0,0.0,30.0,00020297df--62979a3072b8b44b5c91fbce,80.0,player.own_dg_belief,0.0,30.0,False,0.0,0.8
0002028d5b--62975c7456b7cb048e22abb8,0.0,60.0,0.0,0.0,0.0,00020297df--629797f7f97bee03d01633e8,50.0,player.proportion,60.0,10.920000000000002,True,0.25,0.75
0002028d5b--629763cac5079d57c57e961b,0.0,70.0,20.0,0.0,20.0,00020297eb--6297a7dde796a155f01505dd,70.0,player.proportion,70.0,0.9200000000000017,True,0.25,0.95
0002028d5b--629763bbce71890706f1ff5c,0.0,60.0,-30.0,0.0,0.0,00020297df--62979a52592d6a258065bed3,50.0,player.own_dg_belief,-30.0,30.0,False,0.0,0.5
0002028d5b--62975cccf6a7361ea2f5e48a,0.0,75.0,-30.0,0.0,0.0,00020297eb--6297f66a56b7cb048e28a242,50.0,player.proportion,75.0,4.079999999999998,True,0.25,0.75
0002028d5b--629768080808263f550ab0ee,0.0,17.0,-20.0,0.0,0.0,00020297df--62979a3dba0e0c481ed34b63,50.0,player.proportion,17.0,53.92,False,0.0,0.5
0002028d5b--62975c2755a82f0add55808d,0.0,15.0,0.0,0.0,-50.0,00020297df--62979a631cd4a2502e02fe9d,0.0,player.proportion,15.0,55.92,False,0.0,0.0
0002028d5b--62975ce6b8c3540865caa9c0,0.0,60.0,0.0,0.0,-50.0,00020297eb--6297a978c4f9241828cbdca6,0.0,player.own_dg_belief,0.0,50.0,False,0.0,0.0
0002028d5b--62975ce5ce71890706f1ab87,0.0,45.0,-40.0,0.0,-50.0,00020297eb--6297b284e14f7b062a22e9e4,0.0,player.own_dg_belief,-40.0,10.0,True,0.25,0.25
0002028d5b--62975c3972b8b44b5c8ec5fa,0.0,70.0,0.0,0.0,0.0,00020297df--6297994bc2dd7967c03a0865,50.0,player.own_dg_belief,0.0,0.0,True,0.25,0.75
0002028d5b--62975cbbce71890706f1a777,0.0,50.0,0.0,0.0,20.0,00020297eb--6297b3f19e3b850db6218141,70.0,player.proportion,50.0,20.92,False,0.0,0.7
0002028d5b--6297648f379f925fdf577712,0.0,40.0,20.0,0.0,0.0,00020297eb--6297c4618d75da35c182a7fb,50.0,player.own_dg_belief,20.0,20.0,False,0.0,0.5
0002028d5b--62975c7375f2ea5422cccf39,0.0,80.0,40.0,0.0,0.0,00020297eb--6297c055e796a155f016a817,50.0,player.own_dg_belief,40.0,40.0,False,0.0,0.5
0002028d5b--62976531c3e04913dbaf4db2,0.0,40.0,-30.0,0.0,0.0,00020297df--6297986627b7222acc7f2a56,50.0,player.own_dg_belief,-30.0,30.0,False,0.0,0.5
0002028d5b--62975c6a8d75da35c17c50e6,0.0,60.0,0.0,0.0,20.0,00020297df--62979863286bd91e83d9db52,70.0,player.own_dg_belief,0.0,20.0,False,0.0,0.7
0002028d5b--62975c88c5228a2201b2087b,0.0,50.0,-50.0,0.0,-50.0,00020297eb--6297bf73e7caf416d32d313c,0.0,player.proportion,50.0,20.92,False,0.0,0.0
0002028d5b--62975c9a095c8b3014af2bb4,0.0,90.0,-50.0,0.0,0.0,00020297df--629797fca743b42b6ad06e83,50.0,player.proportion,90.0,19.08,False,0.0,0.5
0002028d5b--6297652cb8c3540865cb2f05,0.0,75.0,-20.0,0.0,0.0,00020297df--629798eb75f2ea5422cfb1ff,50.0,player.proportion,75.0,4.079999999999998,True,0.25,0.75
0002028d5b--62975c79c5079d57c57e3ee9,0.0,65.0,-40.0,0.0,50.0,00020297df--6297983ec4f9241828cade1f,100.0,player.own_dg_belief,-40.0,90.0,False,0.0,1.0
0002028d5b--62975c97f97bee03d0129760,0.0,50.0,-50.0,0.0,0.0,00020297eb--6297be60ce71890706f619fd,50.0,player.own_dg_belief,-50.0,50.0,False,0.0,0.5
0002028d5b--62975c90f6a7361ea2f5e2c3,0.0,50.0,20.0,0.0,0.0,00020297df--629798fbc5228a2201b5124d,50.0,player.proportion,50.0,20.92,False,0.0,0.5
0002028d5b--62975c5afc16bb14cdf11939,0.0,65.0,50.0,0.0,0.0,00020297df--629798f4631aea4812976c05,50.0,player.own_dg_belief,50.0,50.0,False,0.0,0.5
0002028d5b--62975c770808263f5509be29,0.0,75.0,0.0,0.0,-50.0,00020297eb--6297bd85c2dd7967c03b97cf,0.0,player.own_dg_belief,0.0,50.0,False,0.0,0.0
0002028d5b--62975c520808263f5509bbce,0.0,45.0,10.0,0.0,20.0,00020297eb--6297d663095c8b3014b4f5f0,70.0,player.proportion,45.0,25.92,False,0.0,0.7
0002028d5b--62975cac0db923340862ff7e,0.0,85.0,20.0,0.0,-50.0,00020297eb--6297bc4b27b7222acc80e9dd,0.0,player.own_dg_belief,20.0,70.0,False,0.0,0.0
0002028d5b--62975cabe7caf416d328e2f4,0.0,60.0,50.0,0.0,-50.0,00020297eb--6297bc87c3e04913dbb40488,0.0,player.proportion,60.0,10.920000000000002,True,0.25,0.25
0002028d5b--62975cc8c2dd7967c03746ab,0.0,60.0,0.0,0.0,0.0,00020297eb--6297dea80f0a604a6d5d2526,50.0,player.proportion,60.0,10.920000000000002,True,0.25,0.75
0002028d5b--62975ca9e796a155f00f8e48,0.0,95.0,-20.0,0.0,50.0,00020297df--6297990731ed68011339845d,100.0,player.proportion,95.0,24.08,False,0.0,1.0
0002028d5b--62975c6c0808263f5509bd9d,0.0,70.0,0.0,0.0,-50.0,00020297df--6297993ec2dd7967c03a07e7,0.0,player.proportion,70.0,0.9200000000000017,True,0.25,0.25
0002028d5b--62975cb088f658485897c344,0.0,60.0,-20.0,0.0,0.0,00020297eb--6297a0cd8753764e91f6be66,50.0,player.proportion,60.0,10.920000000000002,True,0.25,0.75
0002028d5b--6297647bf97bee03d0130dbd,0.0,50.0,-30.0,0.0,-50.0,00020297df--62979939343b1203f37935fd,0.0,player.own_dg_belief,-30.0,20.0,False,0.0,0.0
0002028d5b--62976522592d6a258062d237,0.0,25.0,0.0,0.0,-50.0,00020297df--6297992d85c5c060cecad453,0.0,player.proportion,25.0,45.92,False,0.0,0.0
0002028d5b--62975c8e0209472a2f159bc1,0.0,40.0,50.0,0.0,-50.0,00020297df--6297992955a82f0add582f10,0.0,player.proportion,40.0,30.92,False,0.0,0.0
0002028d5b--62975cad0db923340862ff8e,0.0,60.0,-30.0,0.0,0.0,00020297df--629798060f0a604a6d5a5f16,50.0,player.proportion,60.0,10.920000000000002,True,0.25,0.75
0002028d5b--629764a5095c8b3014af8aad,0.0,70.0,-50.0,0.0,-20.0,00020297df--62979a6d6789b1401e99dc07,30.0,player.own_dg_belief,-50.0,30.0,False,0.0,0.3
0002028d5b--62975cbe27b7222acc7c30bc,0.0,90.0,50.0,0.0,-50.0,00020297eb--6297e597c3e04913dbb5676f,0.0,player.proportion,90.0,19.08,False,0.0,0.0
0002028d5b--62975cc3fc16bb14cdf11d3f,0.0,36.0,20.0,0.0,-50.0,00020297df--6297980f75f2ea5422cfa81c,0.0,player.proportion,36.0,34.92,False,0.0,0.0
0002028d5b--62975c501a1597570c3b142e,0.0,40.0,20.0,0.0,-50.0,00020297df--62979813c2dd7967c039fa18,0.0,player.proportion,40.0,30.92,False,0.0,0.0
0002028d5b--62975ccab8c3540865caa7e2,0.0,75.0,-40.0,0.0,0.0,00020297df--62979930b8c3540865cebfc9,50.0,player.proportion,75.0,4.079999999999998,True,0.25,0.75
0002028d5b--62976478631aea4812952c2e,0.0,50.0,0.0,0.0,20.0,00020297df--6297990d0808263f550f3353,70.0,player.proportion,50.0,20.92,False,0.0,0.7
0002028d5b--62975cc5379f925fdf57044e,0.0,40.0,0.0,0.0,30.0,00020297df--62979928592d6a258065abe1,80.0,player.own_dg_belief,0.0,30.0,False,0.0,0.8
0002028d5b--629762b8f97bee03d012f0be,0.0,50.0,0.0,0.0,0.0,00020297df--6297990ef97bee03d016414c,50.0,player.own_dg_belief,0.0,0.0,True,0.25,0.75
0002028d5b--629764bd8d75da35c17ccbce,0.0,1.0,-50.0,0.0,-50.0,00020297eb--6297b5f6c3e04913dbb3b3b6,0.0,player.proportion,1.0,69.92,False,0.0,0.0
0002028d5b--62975c21c5079d57c57e3a3a,0.0,60.0,20.0,0.0,0.0,00020297df--62979a6b72b8b44b5c91fd98,50.0,player.proportion,60.0,10.920000000000002,True,0.25,0.75
0002028d5b--629763c48717592fea4f6189,0.0,35.0,50.0,0.0,-30.0,00020297eb--6297a8ba095c8b3014b2fd66,20.0,player.own_dg_belief,50.0,80.0,False,0.0,0.2
0002028d5b--62976513c4f9241828c68e63,0.0,65.0,50.0,0.0,0.0,00020297df--629797c1ce71890706f46ac8,50.0,player.own_dg_belief,50.0,50.0,False,0.0,0.5
0002028d5b--62975c28592d6a2580624d6b,0.0,0.0,0.0,0.0,-40.0,00020297df--62979c5a318cc4235d18ab23,10.0,player.own_dg_belief,0.0,40.0,False,0.0,0.1
0002028d5b--6297689bce71890706f232c8,0.0,35.0,-40.0,0.0,0.0,00020297df--629797e3c3e04913dbb22fa4,50.0,player.proportion,35.0,35.92,False,0.0,0.5
0002028d5b--62975d09c3e04913dbaea46f,0.0,50.0,0.0,0.0,20.0,00020297eb--6297a2d3095c8b3014b2b433,70.0,player.own_dg_belief,0.0,20.0,False,0.0,0.7
0002028d5b--62975bf7c3e04913dbae989d,0.0,30.0,0.0,0.0,20.0,00020297eb--6297a3348d75da35c180b7ba,70.0,player.proportion,30.0,40.92,False,0.0,0.7
0002028d5b--62975cefa743b42b6acc7681,0.0,20.0,0.0,0.0,10.0,00020297eb--6297a2cce14f7b062a2261af,60.0,player.proportion,20.0,50.92,False,0.0,0.6
0002028d5b--629762e00808263f550a32a6,0.0,65.0,0.0,0.0,-40.0,00020297df--62979c6d8d75da35c1803eb2,10.0,player.proportion,65.0,5.920000000000002,True,0.25,0.35
0002028d5b--62975c82631aea481294dce9,0.0,30.0,-50.0,0.0,20.0,00020297df--62979c86c5079d57c58137a3,70.0,player.proportion,30.0,40.92,False,0.0,0.7
0002028d5b--62975d04631aea481294e198,0.0,80.0,-30.0,0.0,0.0,00020297eb--6297ff85286bd91e83de4466,50.0,player.proportion,80.0,9.079999999999998,True,0.25,0.75
0002028d5b--6297634e0808263f550a38dd,0.0,15.0,0.0,0.0,0.0,00020297eb--6297a2c5c3e04913dbb2c465,50.0,player.proportion,15.0,55.92,False,0.0,0.5
0002028d5b--62975bfb343b1203f375365e,0.0,30.0,0.0,0.0,-50.0,00020297eb--6297f9d031ed6801133cdfb3,0.0,player.own_dg_belief,0.0,50.0,False,0.0,0.0
0002028d5b--62975c020db923340862fa7e,0.0,48.0,20.0,0.0,20.0,00020297df--62979a780f0a604a6d5a7d84,70.0,player.own_dg_belief,20.0,0.0,True,0.25,0.95
0002028d5b--62975c0b56b7cb048e22a2ab,0.0,100.0,0.0,0.0,0.0,00020297df--62979c8272b8b44b5c920f87,50.0,player.proportion,100.0,29.08,False,0.0,0.5
0002028d5b--62976804b8c3540865cb5e3f,0.0,5.0,-30.0,0.0,-50.0,00020297df--62979cf5e796a155f014358a,0.0,player.proportion,5.0,65.92,False,0.0,0.0
0002028d5b--62976c75035b7842af549baf,0.0,63.0,-40.0,0.0,0.0,00020297df--62979be675f2ea5422cfd976,50.0,player.own_dg_belief,-40.0,40.0,False,0.0,0.5
0002028d5b--62975cf9f97bee03d0129bc3,0.0,20.0,0.0,0.0,50.0,00020297eb--6297a1b9318cc4235d18e588,100.0,player.proportion,20.0,50.92,False,0.0,1.0
0002028d5b--62975c17e14f7b062a1f88f3,0.0,50.0,30.0,0.0,-50.0,00020297eb--6297a175c4f9241828cb7343,0.0,player.proportion,50.0,20.92,False,0.0,0.0
0002028d5b--62975d0f88f658485897c69d,0.0,80.0,-50.0,0.0,0.0,00020297eb--6297a17e1b437b49aa7bc047,50.0,player.proportion,80.0,9.079999999999998,True,0.25,0.75
0002028d5b--62975d20c5079d57c57e45ae,0.0,65.0,0.0,0.0,20.0,00020297eb--6297a17dc4f9241828cb7389,70.0,player.own_dg_belief,0.0,20.0,False,0.0,0.7
0002028d5b--629762d40f0a604a6d57dc99,0.0,80.0,0.0,0.0,-50.0,00020297df--62979d430f0a604a6d5aa8cd,0.0,player.proportion,80.0,9.079999999999998,True,0.25,0.25
0002028d5b--6297631c9c973a4d0b7d98bd,0.0,20.0,10.0,0.0,-50.0,00020297df--62979d78a743b42b6ad0b287,0.0,player.proportion,20.0,50.92,False,0.0,0.0
0002028d5b--62975bfcc3e04913dbae98d0,0.0,20.0,0.0,0.0,0.0,00020297df--629797ca55a6576a01d47bc9,50.0,player.own_dg_belief,0.0,0.0,True,0.25,0.75
0002028d5b--629762e8379f925fdf576125,0.0,70.0,-40.0,0.0,-50.0,00020297df--62979d7f72b8b44b5c921d14,0.0,player.own_dg_belief,-40.0,10.0,True,0.25,0.25
0002028d5b--629762e94796d7421d12607e,0.0,25.0,30.0,0.0,-20.0,00020297df--62979d8aab45cb7cbab7844e,30.0,player.proportion,25.0,45.92,False,0.0,0.3
0002028d5b--62975cff8717592fea4f18e9,0.0,20.0,0.0,0.0,20.0,00020297df--62979d90343b1203f3798539,70.0,player.own_dg_belief,0.0,20.0,False,0.0,0.7
0002028d5b--62975d1775f2ea5422ccd705,0.0,20.0,-30.0,0.0,-50.0,00020297df--62979da5ab45cb7cbab78550,0.0,player.own_dg_belief,-30.0,20.0,False,0.0,0.0
0002028d5b--62976ccda743b42b6acd8c8f,0.0,20.0,-50.0,0.0,-50.0,00020297df--62979dc5fc16bb14cdf40e0f,0.0,player.proportion,20.0,50.92,False,0.0,0.0
0002028d5b--62975cd89e3b850db61c2b0d,0.0,70.0,0.0,0.0,20.0,00020297df--62979d9b8d75da35c18051de,70.0,player.own_dg_belief,0.0,20.0,False,0.0,0.7
0002028d5b--6297637085c5c060cec75de0,0.0,80.0,0.0,0.0,20.0,00020297df--62979b87e796a155f0141754,70.0,player.proportion,80.0,9.079999999999998,True,0.25,0.95
0002028d5b--629762a056b7cb048e22f3a7,0.0,20.0,0.0,0.0,0.0,00020297eb--6297a40cce71890706f501dd,50.0,player.proportion,20.0,50.92,False,0.0,0.5
0002028d5b--62975cc685c5c060cec6f0be,0.0,80.0,10.0,0.0,-30.0,00020297df--6297988755a82f0add582825,20.0,player.own_dg_belief,10.0,40.0,False,0.0,0.2
0002028d5b--62975c2dab45cb7cbab47493,0.0,50.0,-50.0,0.0,-50.0,00020297df--629799150209472a2f19238f,0.0,player.own_dg_belief,-50.0,0.0,True,0.25,0.25
0002028d5b--62975cf20db923340863014a,0.0,60.0,0.0,0.0,-50.0,00020297df--62979ab8f6a7361ea2f7a95f,0.0,player.own_dg_belief,0.0,50.0,False,0.0,0.0
0002028d5b--62975cfc286bd91e83d58049,0.0,10.0,-50.0,0.0,0.0,00020297df--62979ab355a82f0add584313,50.0,player.proportion,10.0,60.92,False,0.0,0.5
0002028d5b--62975cf888f658485897c58b,0.0,75.0,50.0,0.0,0.0,00020297df--62979b3d8717592fea51d52c,50.0,player.own_dg_belief,50.0,50.0,False,0.0,0.5
0002028d5b--62975cee8d75da35c17c57a6,0.0,75.0,-50.0,0.0,50.0,00020297eb--6297a540c2dd7967c03a9a37,100.0,player.own_dg_belief,-50.0,100.0,False,0.0,1.0
0002028d5b--62975c31c4f9241828c5fc59,0.0,25.0,-50.0,0.0,-50.0,00020297df--62979c0b56b7cb048e25bea3,0.0,player.proportion,25.0,45.92,False,0.0,0.0
0002028d5b--62975cf675f2ea5422ccd514,0.0,50.0,-50.0,0.0,-50.0,00020297df--62979b551b437b49aa7b6e29,0.0,player.proportion,50.0,20.92,False,0.0,0.0
0002028d5b--629763a41b437b49aa7826f3,0.0,20.0,-50.0,0.0,-30.0,00020297df--629797dd4796d7421d1643af,20.0,player.proportion,20.0,50.92,False,0.0,0.2
0002028d5b--62975c2ac4f9241828c5fc14,0.0,70.0,-30.0,0.0,0.0,00020297df--629797d155a6576a01d47c16,50.0,player.proportion,70.0,0.9200000000000017,True,0.25,0.75
0002028d5b--629763711a1597570c3b67cd,0.0,65.0,20.0,0.0,20.0,00020297df--62979b48a743b42b6ad0998b,70.0,player.proportion,65.0,5.920000000000002,True,0.25,0.95
0002028d5b--62975d00592d6a25806256c3,0.0,30.0,-50.0,0.0,-50.0,00020297df--629797f4592d6a2580659884,0.0,player.own_dg_belief,-50.0,0.0,True,0.25,0.25
0002028d5b--62975d0ba743b42b6acc77fd,0.0,70.0,-50.0,0.0,-50.0,00020297df--62979b188753764e91f670d6,0.0,player.proportion,70.0,0.9200000000000017,True,0.25,0.25
0002028d5b--62976882c5079d57c57ecb29,0.0,100.0,50.0,0.0,-20.0,00020297df--62979b401a1597570c3deac0,30.0,player.own_dg_belief,50.0,70.0,False,0.0,0.3
0002028d5b--62975c0daee53a0f1ca1b185,0.0,70.0,0.0,0.0,0.0,00020297df--62979b790209472a2f1954a8,50.0,player.proportion,70.0,0.9200000000000017,True,0.25,0.75
0002028d5b--62976e97e796a155f010b0e6,0.0,13.0,-50.0,0.0,0.0,00020297df--62979b06318cc4235d189e6a,50.0,player.proportion,13.0,57.92,False,0.0,0.5
0002028d5b--62975c22a743b42b6acc6ca1,0.0,40.0,0.0,0.0,20.0,00020297df--62979b5b4796d7421d168557,70.0,player.own_dg_belief,0.0,20.0,False,0.0,0.7
0002028d5b--62975bfeaee53a0f1ca1b07f,0.0,53.0,-20.0,0.0,0.0,00020297df--629798fa75f2ea5422cfb295,50.0,player.own_dg_belief,-20.0,20.0,False,0.0,0.5
0002028d5b--62975d05aee53a0f1ca1bfaf,0.0,20.0,0.0,0.0,-50.0,00020297eb--6297a489c5079d57c5818e6a,0.0,player.proportion,20.0,50.92,False,0.0,0.0
0002028d5b--62975d2e0bd50b2755061d59,0.0,65.0,0.0,0.0,0.0,00020297eb--6297a4874796d7421d173581,50.0,player.own_dg_belief,0.0,0.0,True,0.25,0.75
0002028d5b--62975c1b1b437b49aa77ce15,0.0,35.0,-30.0,0.0,-10.0,00020297df--62979ab71b437b49aa7b6486,40.0,player.proportion,35.0,35.92,False,0.0,0.4
0002028d5b--62975c25c4f9241828c5fbe9,0.0,50.0,0.0,0.0,50.0,00020297df--62979ba36789b1401e99ea17,100.0,player.own_dg_belief,0.0,50.0,False,0.0,1.0
0002028d5b--62976c7327b7222acc7d1401,1.0,90.0,10.0,1.0,0.0,00020297eb--629797ce8753764e91f6439f,50.0,player.own_dg_belief,10.0,10.0,True,0.25,0.75
0002028d5b--62975fa327b7222acc7c56b7,1.0,80.0,30.0,1.0,20.0,00020297eb--6297999e0f0a604a6d5a720d,70.0,player.proportion,80.0,9.079999999999998,True,0.25,0.95
0002028d5b--62975f9fe7caf416d3290273,1.0,30.0,-50.0,1.0,-50.0,00020297eb--62979a0255a82f0add58379f,0.0,player.own_dg_belief,-50.0,0.0,True,0.25,0.25
0002028d5b--62975f96631aea481294fa60,1.0,20.0,-10.0,1.0,20.0,00020297eb--6297c67327b7222acc815c6a,70.0,player.own_dg_belief,-10.0,30.0,False,0.0,0.7
0002028d5b--629765410bd50b27550686fe,1.0,50.0,-50.0,1.0,50.0,00020297eb--629799f2df858e094c970577,100.0,player.own_dg_belief,-50.0,100.0,False,0.0,1.0
0002028d5b--6297654e72b8b44b5c8f673e,1.0,80.0,50.0,1.0,-30.0,00020297eb--6297cce2fc16bb14cdf603f2,20.0,player.own_dg_belief,50.0,80.0,False,0.0,0.2
0002028d5b--6297655a8753764e91f3653d,1.0,55.0,0.0,1.0,-50.0,00020297eb--629799f1592d6a258065b7b3,0.0,player.proportion,55.0,15.920000000000002,False,0.0,0.0
0002028d5b--6297601985c5c060cec720d9,1.0,50.0,10.0,1.0,0.0,00020297df--62982cd6e796a155f01a26f8,50.0,player.own_dg_belief,10.0,10.0,True,0.25,0.75
0002028d5b--629767c4e14f7b062a2002e4,1.0,75.0,-50.0,1.0,20.0,00020297df--62982dd33e70ba48f97ab917,70.0,player.own_dg_belief,-50.0,70.0,False,0.0,0.7
0002028d5b--62976016f6a7361ea2f5fa63,1.0,70.0,10.0,1.0,0.0,00020297eb--6297c9598d75da35c182e492,50.0,player.own_dg_belief,10.0,10.0,True,0.25,0.75
0002028d5b--629768848d75da35c17d0a63,1.0,80.0,-50.0,1.0,-50.0,00020297eb--6297988d88f65848589ca036,0.0,player.proportion,80.0,9.079999999999998,True,0.25,0.25
0002028d5b--6297678a27b7222acc7cb34d,1.0,75.0,40.0,1.0,30.0,00020297eb--629799adab45cb7cbab7557c,80.0,player.own_dg_belief,40.0,10.0,True,0.25,1.05
0002028d5b--62976791c5079d57c57ec185,1.0,75.0,0.0,1.0,0.0,00020297df--629839f6f6a7361ea2fa3835,50.0,player.own_dg_belief,0.0,0.0,True,0.25,0.75
0002028d5b--62975ea855a82f0add5599df,1.0,60.0,-50.0,1.0,20.0,00020297eb--629799c2ce71890706f4814b,70.0,player.proportion,60.0,10.920000000000002,True,0.25,0.95
0002028d5b--62975ed79e3b850db61c4063,1.0,20.0,-50.0,1.0,20.0,00020297eb--6297c9efc3e04913dbb49257,70.0,player.proportion,20.0,50.92,False,0.0,0.7
0002028d5b--62975fea1a1597570c3b3ef4,1.0,80.0,50.0,1.0,30.0,00020297eb--62979921ce71890706f47ab2,80.0,player.proportion,80.0,9.079999999999998,True,0.25,1.05
0002028d5b--6297679672b8b44b5c8f87db,1.0,45.0,30.0,1.0,10.0,00020297eb--629798d4035b7842af570961,60.0,player.proportion,45.0,25.92,False,0.0,0.6
0002028d5b--62976002592d6a258062870b,1.0,70.0,0.0,1.0,-40.0,00020297eb--629799a9ba0e0c481ed343d8,10.0,player.proportion,70.0,0.9200000000000017,True,0.25,0.35
0002028d5b--62975fdeaee53a0f1ca1ebcc,1.0,100.0,-50.0,1.0,-50.0,00020297eb--62979926ab45cb7cbab74fdc,0.0,player.own_dg_belief,-50.0,0.0,True,0.25,0.25
0002028d5b--629769ab1b437b49aa788fd2,1.0,76.0,0.0,1.0,0.0,00020297eb--6297994388f65848589cabb2,50.0,player.proportion,76.0,5.079999999999998,True,0.25,0.75
0002028d5b--62975fcf343b1203f375707d,1.0,100.0,-30.0,1.0,20.0,00020297eb--6297998155a82f0add583264,70.0,player.own_dg_belief,-30.0,50.0,False,0.0,0.7
0002028d5b--629767138717592fea4fadb2,1.0,85.0,0.0,1.0,50.0,00020297eb--6297993e8753764e91f6573d,100.0,player.own_dg_belief,0.0,50.0,False,0.0,1.0
0002028d5b--62976011c5079d57c57e67ff,1.0,60.0,-40.0,1.0,30.0,00020297eb--6297fa458d75da35c1848563,80.0,player.own_dg_belief,-40.0,70.0,False,0.0,0.8
0002028d5b--629769f185c5c060cec7ac2b,1.0,70.0,-40.0,1.0,-50.0,00020297eb--62979946ab45cb7cbab75141,0.0,player.own_dg_belief,-40.0,10.0,True,0.25,0.25
0002028d5b--62975ff6095c8b3014af5631,1.0,70.0,0.0,1.0,20.0,00020297eb--629798c51a1597570c3dc3e3,70.0,player.own_dg_belief,0.0,20.0,False,0.0,0.7
0002028d5b--62975fc927b7222acc7c58fc,1.0,70.0,-30.0,1.0,0.0,00020297eb--6297ea6b0808263f55140708,50.0,player.own_dg_belief,-30.0,30.0,False,0.0,0.5
0002028d5b--62975e860209472a2f15af58,1.0,50.0,50.0,1.0,20.0,00020297eb--6297991e9e3b850db62032cd,70.0,player.own_dg_belief,50.0,30.0,False,0.0,0.7
0002028d5b--62975f9c343b1203f3756d5d,1.0,85.0,-50.0,1.0,0.0,00020297eb--6297f31027b7222acc82984a,50.0,player.own_dg_belief,-50.0,50.0,False,0.0,0.5
0002028d5b--6297653d8d75da35c17cd4d3,1.0,80.0,-30.0,1.0,20.0,00020297eb--62979935631aea4812976f1b,70.0,player.own_dg_belief,-30.0,50.0,False,0.0,0.7
0002028d5b--62976b2c8753764e91f3ae25,1.0,60.0,-20.0,1.0,20.0,00020297eb--6297988cc3e04913dbb23670,70.0,player.own_dg_belief,-20.0,40.0,False,0.0,0.7
0002028d5b--62975fb38753764e91f31e7c,1.0,30.0,-10.0,1.0,0.0,00020297eb--6297992b85c5c060cecad443,50.0,player.own_dg_belief,-10.0,10.0,True,0.25,0.75
0002028d5b--62975ff485c5c060cec71e36,1.0,60.0,50.0,1.0,50.0,00020297eb--6297981a0209472a2f1919f7,100.0,player.proportion,60.0,10.920000000000002,True,0.25,1.25
0002028d5b--62975f97095c8b3014af50f6,1.0,55.0,30.0,1.0,-50.0,00020297eb--62979815c3e04913dbb231d2,0.0,player.proportion,55.0,15.920000000000002,False,0.0,0.0
0002028d5b--629762a072b8b44b5c8f39ef,1.0,78.0,10.0,1.0,20.0,00020297eb--629797df0209472a2f1917e7,70.0,player.own_dg_belief,10.0,10.0,True,0.25,0.95
0002028d5b--629765391cd4a2502e00e5f6,1.0,80.0,30.0,1.0,0.0,00020297eb--629797fb318cc4235d187aea,50.0,player.proportion,80.0,9.079999999999998,True,0.25,0.75
0002028d5b--629761e0f97bee03d012e2e2,1.0,60.0,-20.0,1.0,30.0,00020297eb--629797efc2dd7967c039f875,80.0,player.own_dg_belief,-20.0,50.0,False,0.0,0.8
0002028d5b--629761db1a1597570c3b561f,1.0,90.0,50.0,1.0,0.0,00020297eb--6297995455a82f0add583040,50.0,player.proportion,90.0,19.08,False,0.0,0.5
0002028d5b--629761cb31ed68011336b12b,1.0,80.0,20.0,1.0,20.0,00020297eb--62979970ce71890706f47dba,70.0,player.own_dg_belief,20.0,0.0,True,0.25,0.95
0002028d5b--6297619b55a6576a01d1d81a,1.0,75.0,20.0,1.0,20.0,00020297eb--62979933c3e04913dbb23e4b,70.0,player.own_dg_belief,20.0,0.0,True,0.25,0.95
0002028d5b--6297619d1cd4a2502e00c2fb,1.0,90.0,10.0,1.0,0.0,00020297eb--629797c80f0a604a6d5a5c6d,50.0,player.proportion,90.0,19.08,False,0.0,0.5
0002028d5b--629761c2c3e04913dbaedd8c,1.0,75.0,0.0,1.0,30.0,00020297eb--6297998be796a155f013edfa,80.0,player.proportion,75.0,4.079999999999998,True,0.25,1.05
0002028d5b--629763528717592fea4f5c88,1.0,75.0,50.0,1.0,-50.0,00020297eb--6297990fba0e0c481ed335c9,0.0,player.proportion,75.0,4.079999999999998,True,0.25,0.25
0002028d5b--6297633d035b7842af5439a0,1.0,60.0,-40.0,1.0,-30.0,00020297eb--62979fd8b8c3540865cf45d2,20.0,player.own_dg_belief,-40.0,10.0,True,0.25,0.45
0002028d5b--629761a088f6584858980074,1.0,70.0,-50.0,1.0,20.0,00020297eb--629798b3318cc4235d188275,70.0,player.proportion,70.0,0.9200000000000017,True,0.25,0.95
0002028d5b--6297618a095c8b3014af6792,1.0,5.0,10.0,1.0,0.0,00020297eb--6297a9d285c5c060cecc08e2,50.0,player.own_dg_belief,10.0,10.0,True,0.25,0.75
0002028d5b--6297637e0f0a604a6d57e347,1.0,50.0,50.0,1.0,0.0,00020297eb--6297a890ce71890706f5347e,50.0,player.own_dg_belief,50.0,50.0,False,0.0,0.5
0002028d5b--6297638f9c973a4d0b7d9fc0,1.0,45.0,10.0,1.0,-50.0,00020297eb--6297a744e14f7b062a228a37,0.0,player.own_dg_belief,10.0,60.0,False,0.0,0.0
0002028d5b--6297615056b7cb048e22e626,1.0,90.0,-20.0,1.0,0.0,00020297eb--6297a746f6a7361ea2f8063e,50.0,player.proportion,90.0,19.08,False,0.0,0.5
0002028d5b--6297612175f2ea5422cd06ae,1.0,10.0,0.0,1.0,-50.0,00020297eb--6297a71231ed6801133a4102,0.0,player.own_dg_belief,0.0,50.0,False,0.0,0.0
0002028d5b--6297617372b8b44b5c8f2e04,1.0,70.0,0.0,1.0,20.0,00020297eb--6297a6d0592d6a2580668ef7,70.0,player.own_dg_belief,0.0,20.0,False,0.0,0.7
0002028d5b--6297613f631aea4812950c12,1.0,70.0,0.0,1.0,20.0,00020297eb--6297a69c0808263f55104412,70.0,player.own_dg_belief,0.0,20.0,False,0.0,0.7
0002028d5b--62976356e14f7b062a1fd672,1.0,90.0,20.0,1.0,0.0,00020297eb--6297a61ae7caf416d32c267c,50.0,player.own_dg_belief,20.0,20.0,False,0.0,0.5
0002028d5b--629763411a1597570c3b6643,1.0,5.0,-50.0,1.0,0.0,00020297eb--6297a5f7c2dd7967c03aa32b,50.0,player.own_dg_belief,-50.0,50.0,False,0.0,0.5
0002028d5b--629762a20db9233408633b8f,1.0,80.0,50.0,1.0,20.0,00020297eb--6297a5a38753764e91f70022,70.0,player.own_dg_belief,50.0,30.0,False,0.0,0.7
0002028d5b--629762be1a1597570c3b60e7,1.0,70.0,20.0,1.0,0.0,00020297eb--6297a50c286bd91e83da9358,50.0,player.own_dg_belief,20.0,20.0,False,0.0,0.5
0002028d5b--629762750808263f550a2c8e,1.0,70.0,0.0,1.0,10.0,00020297eb--6297a44956b7cb048e263a4b,60.0,player.proportion,70.0,0.9200000000000017,True,0.25,0.85
0002028d5b--62976262c3e04913dbaee3ad,1.0,50.0,-50.0,1.0,20.0,00020297eb--6297a3c00f0a604a6d5afc7c,70.0,player.own_dg_belief,-50.0,70.0,False,0.0,0.7
0002028d5b--629762ed0808263f550a3345,1.0,80.0,-50.0,1.0,-50.0,00020297eb--6297ab8ee796a155f015431c,0.0,player.proportion,80.0,9.079999999999998,True,0.25,0.25
0002028d5b--629762520f0a604a6d57d7d0,1.0,70.0,0.0,1.0,30.0,00020297eb--6297a3980808263f55100d30,80.0,player.proportion,70.0,0.9200000000000017,True,0.25,1.05
0002028d5b--6297623e1a1597570c3b5b9e,1.0,100.0,-30.0,1.0,50.0,00020297df--62982af3ba0e0c481ed7b5a8,100.0,player.proportion,100.0,29.08,False,0.0,1.0
0002028d5b--629761f60bd50b2755065575,1.0,55.0,0.0,1.0,-50.0,00020297eb--62979d2e8d75da35c1804adb,0.0,player.proportion,55.0,15.920000000000002,False,0.0,0.0
0002028d5b--6297620527b7222acc7c73e1,1.0,75.0,-50.0,1.0,-20.0,00020297eb--6297a26955a82f0add58ab07,30.0,player.own_dg_belief,-50.0,30.0,False,0.0,0.3
0002028d5b--62976210c5228a2201b248f2,1.0,60.0,0.0,1.0,20.0,00020297eb--62979d6f6789b1401e9a0206,70.0,player.own_dg_belief,0.0,20.0,False,0.0,0.7
0002028d5b--629762fb56b7cb048e22f7ad,1.0,70.0,-50.0,1.0,0.0,00020297eb--62979d844796d7421d16a9d3,50.0,player.own_dg_belief,-50.0,50.0,False,0.0,0.5
0002028d5b--629761f9ce71890706f1eba1,1.0,90.0,0.0,1.0,0.0,00020297eb--6297a232c5079d57c58176f0,50.0,player.own_dg_belief,0.0,0.0,True,0.25,0.75
0002028d5b--6297631dab45cb7cbab4c40f,1.0,95.0,0.0,1.0,0.0,00020297eb--62979dbab8c3540865cf1ec9,50.0,player.own_dg_belief,0.0,0.0,True,0.25,0.75
0002028d5b--629761f3df858e094c9467b4,1.0,75.0,20.0,1.0,-50.0,00020297eb--62979e358753764e91f69ea9,0.0,player.own_dg_belief,20.0,70.0,False,0.0,0.0
0002028d5b--629763288d75da35c17cb627,1.0,80.0,30.0,1.0,0.0,00020297eb--62979e8ec5228a2201b5599a,50.0,player.own_dg_belief,30.0,30.0,False,0.0,0.5
0002028d5b--6297612f035b7842af542064,1.0,70.0,0.0,1.0,0.0,00020297eb--62979eb6379f925fdf5b2939,50.0,player.proportion,70.0,0.9200000000000017,True,0.25,0.75
0002028d5b--629763aac5228a2201b25974,1.0,65.0,-30.0,1.0,-50.0,00020297eb--6297a133e7caf416d32be92e,0.0,player.proportion,65.0,5.920000000000002,True,0.25,0.25
0002028d5b--62976130e796a155f00fd273,1.0,95.0,50.0,1.0,10.0,00020297eb--62979f8f0808263f550fbcca,60.0,player.own_dg_belief,50.0,40.0,False,0.0,0.6
0002028d5b--6297634256b7cb048e22fa2d,1.0,80.0,0.0,1.0,30.0,00020297eb--6297a1128d75da35c1808e60,80.0,player.proportion,80.0,9.079999999999998,True,0.25,1.05
0002028d5b--62976491c5228a2201b2626a,1.0,80.0,-30.0,1.0,0.0,00020297eb--62979d0327b7222acc7f638c,50.0,player.own_dg_belief,-30.0,30.0,False,0.0,0.5
0002028d5b--6297606a318cc4235d160c7e,1.0,45.0,-20.0,1.0,20.0,00020297eb--6297abb71a1597570c3eb1ba,70.0,player.proportion,45.0,25.92,False,0.0,0.7
0002028d5b--6297648a379f925fdf577704,1.0,85.0,0.0,1.0,20.0,00020297eb--6297ac3785c5c060cecc2d64,70.0,player.proportion,85.0,14.079999999999998,False,0.0,0.7
0002028d5b--6297648ce14f7b062a1fe420,1.0,75.0,0.0,1.0,0.0,00020297eb--6297ae941cd4a2502e03a853,50.0,player.proportion,75.0,4.079999999999998,True,0.25,0.75
0002028d5b--629764e0fc16bb14cdf172dd,1.0,75.0,50.0,1.0,20.0,00020297eb--62979a4bf6a7361ea2f7a57d,70.0,player.proportion,75.0,4.079999999999998,True,0.25,0.95
0002028d5b--629764db31ed68011336d1bb,1.0,10.0,20.0,1.0,-30.0,00020297eb--6297c4f085c5c060cecd91b4,20.0,player.own_dg_belief,20.0,50.0,False,0.0,0.2
0002028d5b--62976509379f925fdf577d38,1.0,93.0,-50.0,1.0,10.0,00020297eb--62979a67343b1203f37949fe,60.0,player.proportion,93.0,22.08,False,0.0,0.6
0002028d5b--6297651772b8b44b5c8f649a,1.0,80.0,0.0,1.0,0.0,00020297eb--62979a5d4796d7421d167235,50.0,player.own_dg_belief,0.0,0.0,True,0.25,0.75
0002028d5b--62976076e14f7b062a1fb770,1.0,30.0,-50.0,1.0,0.0,00020297eb--62979a880808263f550f5de5,50.0,player.own_dg_belief,-50.0,50.0,False,0.0,0.5
0002028d5b--629760518717592fea4f3bd4,1.0,80.0,0.0,1.0,0.0,00020297eb--62979ab40209472a2f193d8d,50.0,player.proportion,80.0,9.079999999999998,True,0.25,0.75
0002028d5b--6297605f4796d7421d123814,1.0,70.0,-50.0,1.0,20.0,00020297eb--62979ad7c5079d57c581221f,70.0,player.own_dg_belief,-50.0,70.0,False,0.0,0.7
0002028d5b--6297605dc3e04913dbaecb0a,1.0,60.0,0.0,1.0,0.0,00020297eb--6297bf538753764e91f856fe,50.0,player.proportion,60.0,10.920000000000002,True,0.25,0.75
0002028d5b--62976521035b7842af544b15,1.0,70.0,-30.0,1.0,20.0,00020297eb--62979ae2ab45cb7cbab764ab,70.0,player.proportion,70.0,0.9200000000000017,True,0.25,0.95
0002028d5b--62976548379f925fdf5780cc,1.0,95.0,-50.0,1.0,-50.0,00020297eb--6297be898753764e91f84e9e,0.0,player.own_dg_belief,-50.0,0.0,True,0.25,0.25
0002028d5b--6297604e85c5c060cec7247f,1.0,85.0,50.0,1.0,30.0,00020297eb--62979b3e343b1203f3795a43,80.0,player.proportion,85.0,14.079999999999998,False,0.0,0.8
0002028d5b--629760a555a6576a01d1bae5,1.0,45.0,0.0,1.0,-50.0,00020297eb--62979b5755a82f0add5850ad,0.0,player.proportion,45.0,25.92,False,0.0,0.0
0002028d5b--62976043ce71890706f1d0c9,1.0,80.0,-50.0,1.0,0.0,00020297eb--62979b7ec5228a2201b53392,50.0,player.proportion,80.0,9.079999999999998,True,0.25,0.75
0002028d5b--6297649488f6584858983cba,1.0,75.0,-20.0,1.0,0.0,00020297eb--62979b96c5228a2201b534ee,50.0,player.proportion,75.0,4.079999999999998,True,0.25,0.75
0002028d5b--629764828717592fea4f74cf,1.0,78.0,40.0,1.0,20.0,00020297eb--62979bef8753764e91f67fa5,70.0,player.proportion,78.0,7.079999999999998,True,0.25,0.95
0002028d5b--629760d7c3e04913dbaed0f3,1.0,50.0,0.0,1.0,-20.0,00020297eb--6297bd66b8c3540865d13a7d,30.0,player.proportion,50.0,20.92,False,0.0,0.3
0002028d5b--629763b44796d7421d126bda,1.0,85.0,-50.0,1.0,20.0,00020297eb--62979c9e27b7222acc7f5fe6,70.0,player.proportion,85.0,14.079999999999998,False,0.0,0.7
0002028d5b--6297611dc3e04913dbaed4d6,1.0,60.0,0.0,1.0,0.0,00020297eb--6297bc655bb53b198cc5bd07,50.0,player.own_dg_belief,0.0,0.0,True,0.25,0.75
0002028d5b--6297637ab8c3540865cb14b7,1.0,90.0,-20.0,1.0,50.0,00020297eb--6297bc7d343b1203f37ba2af,100.0,player.own_dg_belief,-20.0,70.0,False,0.0,1.0
0002028d5b--629760a71b437b49aa7806b2,1.0,98.0,20.0,1.0,-50.0,00020297eb--6297bae455a82f0add59e515,0.0,player.proportion,98.0,27.08,False,0.0,0.0
0002028d5b--629763c9e7caf416d3292ff9,1.0,40.0,-30.0,1.0,-50.0,00020297eb--6297b92a8753764e91f80b7c,0.0,player.own_dg_belief,-30.0,20.0,False,0.0,0.0
0002028d5b--629763c188f6584858982042,1.0,70.0,0.0,1.0,10.0,00020297eb--6297b90572b8b44b5c93c46b,60.0,player.proportion,70.0,0.9200000000000017,True,0.25,0.85
0002028d5b--629763f28753764e91f3551a,1.0,30.0,-50.0,1.0,20.0,00020297eb--6297b75856b7cb048e270cc6,70.0,player.proportion,30.0,40.92,False,0.0,0.7
0002028d5b--629760f60209472a2f15f1eb,1.0,70.0,0.0,1.0,50.0,00020297eb--6297b4a7318cc4235d19aa0a,100.0,player.proportion,70.0,0.9200000000000017,True,0.25,1.25
0002028d5b--629763ec1a1597570c3b6cbe,1.0,70.0,-50.0,1.0,30.0,00020297eb--6297b40d55a6576a01d5c492,80.0,player.proportion,70.0,0.9200000000000017,True,0.25,1.05
0002028d5b--629763e9ab45cb7cbab4cb35,1.0,90.0,-50.0,1.0,0.0,00020297eb--6297b403c4f9241828cc6b2c,50.0,player.proportion,90.0,19.08,False,0.0,0.5
0002028d5b--6297645f27b7222acc7c9357,1.0,75.0,-20.0,1.0,20.0,00020297eb--6297b1bcc4f9241828cc4ac5,70.0,player.own_dg_belief,-20.0,40.0,False,0.0,0.7
0002028d5b--629760c6aee53a0f1ca1f9c9,1.0,99.0,-50.0,1.0,0.0,00020297eb--6297b068592d6a2580671c5a,50.0,player.own_dg_belief,-50.0,50.0,False,0.0,0.5
0002028d5b--629760ab88f658485897f14b,1.0,30.0,0.0,1.0,0.0,00020297eb--6297af950808263f5510e100,50.0,player.proportion,30.0,40.92,False,0.0,0.5
0002028d5b--629760b11cd4a2502e00bc11,1.0,85.0,-50.0,1.0,20.0,00020297eb--62979a35ab45cb7cbab75c01,70.0,player.own_dg_belief,-50.0,70.0,False,0.0,0.7
0002028d5b--629760b3c2dd7967c0377375,1.0,83.0,30.0,1.0,0.0,00020297df--62982860fc16bb14cdf7a88f,50.0,player.own_dg_belief,30.0,30.0,False,0.0,0.5
0002028d5b--62976065ba0e0c481ecfee59,1.0,80.0,-30.0,1.0,0.0,00020297df--6297b8020bd50b27550af4cc,50.0,player.own_dg_belief,-30.0,30.0,False,0.0,0.5
0002028d5b--62975bf50209472a2f1595f8,1.0,80.0,-30.0,1.0,-50.0,00020297df--6298275ac2dd7967c03da85d,0.0,player.proportion,80.0,9.079999999999998,True,0.25,0.25
0002028d5b--62975f7df97bee03d012b95a,1.0,30.0,-50.0,1.0,20.0,00020297df--62979c24e7caf416d32baa3f,70.0,player.proportion,30.0,40.92,False,0.0,0.7
0002028d5b--62975cde55a82f0add5586fa,1.0,90.0,-50.0,1.0,50.0,00020297df--62979be01a1597570c3df262,100.0,player.proportion,90.0,19.08,False,0.0,1.0
0002028d5b--62975cf2e796a155f00f91e3,1.0,40.0,0.0,1.0,0.0,00020297df--62979bb00db923340865572d,50.0,player.own_dg_belief,0.0,0.0,True,0.25,0.75
0002028d5b--62975cf1a743b42b6acc769e,1.0,77.0,20.0,1.0,10.0,00020297df--62979b33343b1203f3795924,60.0,player.proportion,77.0,6.079999999999998,True,0.25,0.85
0002028d5b--62975d0a4796d7421d120871,1.0,60.0,0.0,1.0,20.0,00020297df--62979b58ba0e0c481ed3586d,70.0,player.own_dg_belief,0.0,20.0,False,0.0,0.7
0002028d5b--62975d078d75da35c17c58f2,1.0,75.0,0.0,1.0,-20.0,00020297df--62979b57035b7842af573a2c,30.0,player.proportion,75.0,4.079999999999998,True,0.25,0.55
0002028d5b--62975d03592d6a25806256ef,1.0,72.0,-30.0,1.0,0.0,00020297df--62979abc75f2ea5422cfc77f,50.0,player.proportion,72.0,1.0799999999999983,True,0.25,0.75
0002028d5b--62975cf8343b1203f375423e,1.0,80.0,-40.0,1.0,0.0,00020297df--62979a99318cc4235d18996b,50.0,player.own_dg_belief,-40.0,40.0,False,0.0,0.5
0002028d5b--62975cc9592d6a2580625452,1.0,70.0,0.0,1.0,-20.0,00020297df--62979a809e3b850db6204693,30.0,player.proportion,70.0,0.9200000000000017,True,0.25,0.55
0002028d5b--62975d01f97bee03d0129c1d,1.0,50.0,-50.0,1.0,10.0,00020297df--62979a8e55a6576a01d49d9c,60.0,player.own_dg_belief,-50.0,60.0,False,0.0,0.6
0002028d5b--62975ce888f658485897c52c,1.0,80.0,0.0,1.0,0.0,00020297df--62979a82c2dd7967c03a16a0,50.0,player.proportion,80.0,9.079999999999998,True,0.25,0.75
0002028d5b--62975cf40808263f5509cd4f,1.0,98.0,-30.0,1.0,0.0,00020297df--62979a53c5228a2201b52384,50.0,player.proportion,98.0,27.08,False,0.0,0.5
0002028d5b--62975ce7343b1203f375415b,1.0,70.0,-50.0,1.0,20.0,00020297df--629799af0bd50b27550996eb,70.0,player.proportion,70.0,0.9200000000000017,True,0.25,0.95
0002028d5b--62975c3f55a6576a01d18530,1.0,70.0,-50.0,1.0,20.0,00020297df--629799f1631aea48129777a7,70.0,player.proportion,70.0,0.9200000000000017,True,0.25,0.95
0002028d5b--62975cdd75f2ea5422ccd40a,1.0,60.0,0.0,1.0,-50.0,00020297df--62979a45f6a7361ea2f7a573,0.0,player.proportion,60.0,10.920000000000002,True,0.25,0.25
0002028d5b--62975cdb592d6a258062553f,1.0,50.0,-50.0,1.0,-50.0,00020297df--62979a4c1b437b49aa7b5dd0,0.0,player.own_dg_belief,-50.0,0.0,True,0.25,0.25
0002028d5b--62975cea0808263f5509ccbb,1.0,80.0,-30.0,1.0,-50.0,00020297df--62979a0f31ed680113399349,0.0,player.own_dg_belief,-30.0,20.0,False,0.0,0.0
0002028d5b--62975cd2ce71890706f1aacb,1.0,70.0,40.0,1.0,50.0,00020297df--62979a2556b7cb048e25a3af,100.0,player.proportion,70.0,0.9200000000000017,True,0.25,1.25
0002028d5b--62975ce1ce71890706f1ab7d,1.0,100.0,-50.0,1.0,0.0,00020297df--62979a1e72b8b44b5c91fb6c,50.0,player.proportion,100.0,29.08,False,0.0,0.5
0002028d5b--62975cae27b7222acc7c3043,1.0,70.0,50.0,1.0,0.0,00020297df--62979a0372b8b44b5c91fad9,50.0,player.proportion,70.0,0.9200000000000017,True,0.25,0.75
0002028d5b--62975ce255a6576a01d18b23,1.0,70.0,-30.0,1.0,20.0,00020297df--629799ad1a1597570c3dcf2b,70.0,player.proportion,70.0,0.9200000000000017,True,0.25,0.95
0002028d5b--62975cd0e796a155f00f9050,1.0,78.0,0.0,1.0,-30.0,00020297df--62979c550f0a604a6d5a9c84,20.0,player.proportion,78.0,7.079999999999998,True,0.25,0.45
0002028d5b--62975d15592d6a25806257c8,1.0,75.0,20.0,1.0,-10.0,00020297df--62979c46c4f9241828cb18be,40.0,player.own_dg_belief,20.0,30.0,False,0.0,0.4
0002028d5b--62975ce30db92334086300d4,1.0,60.0,-10.0,1.0,0.0,00020297df--62979c6855a82f0add585ed7,50.0,player.proportion,60.0,10.920000000000002,True,0.25,0.75
0002028d5b--62975d0f379f925fdf5708d3,1.0,75.0,40.0,1.0,0.0,00020297df--62979c48c5228a2201b53e2e,50.0,player.proportion,75.0,4.079999999999998,True,0.25,0.75
0002028d5b--62975d1d85c5c060cec6f541,1.0,70.0,0.0,1.0,0.0,00020297df--62979f9b0bd50b275509dc39,50.0,player.proportion,70.0,0.9200000000000017,True,0.25,0.75
0002028d5b--62975d0d1b437b49aa77d9c2,1.0,80.0,-20.0,1.0,0.0,00020297df--62979f49ab45cb7cbab7989e,50.0,player.own_dg_belief,-20.0,20.0,False,0.0,0.5
0002028d5b--62975d3cc5228a2201b21037,1.0,90.0,0.0,1.0,-50.0,00020297df--62979f6256b7cb048e25e799,0.0,player.proportion,90.0,19.08,False,0.0,0.0
0002028d5b--62975d3de7caf416d328e924,1.0,70.0,0.0,1.0,0.0,00020297df--62979f4b095c8b3014b285ae,50.0,player.proportion,70.0,0.9200000000000017,True,0.25,0.75
0002028d5b--62975cf572b8b44b5c8ece5f,1.0,80.0,-50.0,1.0,0.0,00020297df--62979f26286bd91e83da3d62,50.0,player.proportion,80.0,9.079999999999998,True,0.25,0.75
0002028d5b--62975d45f97bee03d0129f42,1.0,80.0,0.0,1.0,20.0,00020297df--62979ecbc3e04913dbb28fec,70.0,player.own_dg_belief,0.0,20.0,False,0.0,0.7
0002028d5b--62975d2485c5c060cec6f595,1.0,50.0,-50.0,1.0,0.0,00020297df--62979ebefc16bb14cdf4188e,50.0,player.own_dg_belief,-50.0,50.0,False,0.0,0.5
0002028d5b--62975d4055a6576a01d18e4a,1.0,60.0,-10.0,1.0,0.0,00020297df--62979ec7e7caf416d32bc9c6,50.0,player.proportion,60.0,10.920000000000002,True,0.25,0.75
0002028d5b--62975d1e318cc4235d15eb93,1.0,53.0,-20.0,1.0,20.0,00020297df--62979e64b8c3540865cf2bd3,70.0,player.own_dg_belief,-20.0,40.0,False,0.0,0.7
0002028d5b--62975d3327b7222acc7c35f8,1.0,75.0,-20.0,1.0,10.0,00020297df--62979e46f97bee03d016856e,60.0,player.proportion,75.0,4.079999999999998,True,0.25,0.85
0002028d5b--62975d318717592fea4f1b6d,1.0,70.0,-10.0,1.0,-50.0,00020297df--6297997f343b1203f3793aa8,0.0,player.own_dg_belief,-10.0,40.0,False,0.0,0.0
0002028d5b--62975d2872b8b44b5c8ed0cb,1.0,90.0,-30.0,1.0,10.0,00020297df--62979df431ed68011339ca94,60.0,player.proportion,90.0,19.08,False,0.0,0.6
0002028d5b--62975cfa55a6576a01d18bb7,1.0,72.0,40.0,1.0,0.0,00020297df--62979de088f65848589ceb7e,50.0,player.own_dg_belief,40.0,40.0,False,0.0,0.5
0002028d5b--62975cf0ce71890706f1ac30,1.0,50.0,-40.0,1.0,0.0,00020297df--62979dc48383c96eb0ced3df,50.0,player.own_dg_belief,-40.0,40.0,False,0.0,0.5
0002028d5b--62975d22c4f9241828c60d94,1.0,50.0,50.0,1.0,-50.0,00020297df--62979d34f97bee03d016772e,0.0,player.own_dg_belief,50.0,100.0,False,0.0,0.0
0002028d5b--62975ce427b7222acc7c3280,1.0,85.0,0.0,1.0,30.0,00020297df--62979d3731ed68011339c183,80.0,player.proportion,85.0,14.079999999999998,False,0.0,0.8
0002028d5b--62975d0c85c5c060cec6f48b,1.0,100.0,-50.0,1.0,0.0,00020297df--62979d330808263f550f91fb,50.0,player.proportion,100.0,29.08,False,0.0,0.5
0002028d5b--62975cfde796a155f00f931c,1.0,90.0,50.0,1.0,20.0,00020297df--62979cf73e70ba48f978b09a,70.0,player.proportion,90.0,19.08,False,0.0,0.7
0002028d5b--62975d13aee53a0f1ca1c085,1.0,60.0,0.0,1.0,0.0,00020297df--62979cc26789b1401e99f8b5,50.0,player.own_dg_belief,0.0,0.0,True,0.25,0.75
0002028d5b--62975d110f0a604a6d579bbd,1.0,88.0,0.0,1.0,50.0,00020297df--62979c981cd4a2502e03160a,100.0,player.own_dg_belief,0.0,50.0,False,0.0,1.0
0002028d5b--62975d2988f658485897c7a8,1.0,70.0,30.0,1.0,-50.0,00020297df--62979c80c4f9241828cb1b52,0.0,player.proportion,70.0,0.9200000000000017,True,0.25,0.25
0002028d5b--62975d070bd50b275506188a,1.0,15.0,0.0,1.0,40.0,00020297df--62979c72c2dd7967c03a328f,90.0,player.proportion,15.0,55.92,False,0.0,0.9
0002028d5b--62975d1055a82f0add5588b1,1.0,70.0,-20.0,1.0,30.0,00020297df--62979deab8c3540865cf22ad,80.0,player.proportion,70.0,0.9200000000000017,True,0.25,1.05
0002028d5b--62975cc155a82f0add55861f,1.0,90.0,-20.0,1.0,0.0,00020297df--62979fc985c5c060cecb48d4,50.0,player.proportion,90.0,19.08,False,0.0,0.5
0002028d5b--62975cdf27b7222acc7c324b,1.0,87.0,-20.0,1.0,50.0,00020297df--629799bc286bd91e83d9edaa,100.0,player.own_dg_belief,-20.0,70.0,False,0.0,1.0
0002028d5b--62975cb8318cc4235d15e78b,1.0,80.0,-20.0,1.0,50.0,00020297df--629799e91a1597570c3dd501,100.0,player.own_dg_belief,-20.0,70.0,False,0.0,1.0
0002028d5b--62975c678717592fea4f1178,1.0,70.0,0.0,1.0,-50.0,00020297df--629798e4e14f7b062a21f93d,0.0,player.proportion,70.0,0.9200000000000017,True,0.25,0.25
0002028d5b--62975c490808263f5509bb40,1.0,90.0,-30.0,1.0,0.0,00020297df--629798c99e3b850db6202e42,50.0,player.own_dg_belief,-30.0,30.0,False,0.0,0.5
0002028d5b--62975c55df858e094c942239,1.0,80.0,10.0,1.0,0.0,00020297df--629798e28753764e91f65369,50.0,player.proportion,80.0,9.079999999999998,True,0.25,0.75
0002028d5b--62975c5c095c8b3014af295e,1.0,60.0,-30.0,1.0,0.0,00020297df--629798ef31ed680113398355,50.0,player.own_dg_belief,-30.0,30.0,False,0.0,0.5
0002028d5b--62975c4a379f925fdf56fdea,1.0,80.0,50.0,1.0,0.0,00020297df--629798e98d75da35c17ffd1a,50.0,player.proportion,80.0,9.079999999999998,True,0.25,0.75
0002028d5b--62975c3b0808263f5509ba55,1.0,28.0,10.0,1.0,20.0,00020297df--629798ecf97bee03d016400f,70.0,player.proportion,28.0,42.92,False,0.0,0.7
0002028d5b--62975bff379f925fdf56f9a8,1.0,70.0,-20.0,1.0,50.0,00020297df--629798b2035b7842af570792,100.0,player.own_dg_belief,-20.0,70.0,False,0.0,1.0
0002028d5b--62975c26c5079d57c57e3a5b,1.0,50.0,-30.0,1.0,-50.0,00020297df--629798804796d7421d164dd1,0.0,player.own_dg_belief,-30.0,20.0,False,0.0,0.0
0002028d5b--62975c449c973a4d0b7d23c1,1.0,55.0,-20.0,1.0,10.0,00020297df--6297985bab45cb7cbab74651,60.0,player.own_dg_belief,-20.0,30.0,False,0.0,0.6
0002028d5b--62975c45379f925fdf56fdbf,1.0,50.0,50.0,1.0,0.0,00020297df--6297984f631aea4812976514,50.0,player.proportion,50.0,20.92,False,0.0,0.5
0002028d5b--62975c3de14f7b062a1f8b18,1.0,80.0,0.0,1.0,-50.0,00020297df--6297982de796a155f013d6f4,0.0,player.proportion,80.0,9.079999999999998,True,0.25,0.25
0002028d5b--62975c32b8c3540865ca9f18,1.0,20.0,-50.0,1.0,0.0,00020297df--629798196789b1401e99bb85,50.0,player.proportion,20.0,50.92,False,0.0,0.5
0002028d5b--62975c18592d6a2580624cd8,1.0,85.0,20.0,1.0,20.0,00020297df--62979824f97bee03d016370f,70.0,player.own_dg_belief,20.0,0.0,True,0.25,0.95
0002028d5b--62975c1fe7caf416d328dcf5,1.0,80.0,50.0,1.0,20.0,00020297df--62979805c5079d57c58100e8,70.0,player.proportion,80.0,9.079999999999998,True,0.25,0.95
0002028d5b--62975c0ece71890706f1a0a7,1.0,11.0,-30.0,1.0,0.0,00020297df--629797eac5079d57c580ffac,50.0,player.own_dg_belief,-30.0,30.0,False,0.0,0.5
0002028d5b--62975bf28d75da35c17c4af7,1.0,70.0,20.0,1.0,0.0,00020297df--6297980b631aea481297629d,50.0,player.proportion,70.0,0.9200000000000017,True,0.25,0.75
0002028d5b--62975c07379f925fdf56fa37,1.0,60.0,0.0,1.0,-10.0,00020297df--6297980d3e70ba48f9787d2d,40.0,player.proportion,60.0,10.920000000000002,True,0.25,0.65
0002028d5b--62975c05592d6a2580624c3b,1.0,85.0,-50.0,1.0,-30.0,00020297df--629797e81a1597570c3db976,20.0,player.proportion,85.0,14.079999999999998,False,0.0,0.2
0002028d5b--62975bf772b8b44b5c8ec3af,1.0,70.0,20.0,1.0,0.0,00020297df--629797e6286bd91e83d9d3d1,50.0,player.proportion,70.0,0.9200000000000017,True,0.25,0.75
0002028d5b--62975bf0c5228a2201b2029c,1.0,90.0,30.0,1.0,20.0,00020297df--629797da4796d7421d164393,70.0,player.own_dg_belief,30.0,10.0,True,0.25,0.95
0002028d5b--62975beb8d75da35c17c4a97,1.0,60.0,-50.0,1.0,10.0,00020297df--629797d8035b7842af56f7f6,60.0,player.own_dg_belief,-50.0,60.0,False,0.0,0.6
0002028d5b--62975c600209472a2f15999e,1.0,60.0,0.0,1.0,20.0,00020297df--629798e31b437b49aa7b412d,70.0,player.proportion,60.0,10.920000000000002,True,0.25,0.95
0002028d5b--62975c4f27b7222acc7c29ad,1.0,50.0,0.0,1.0,0.0,00020297df--629798f9e796a155f013e511,50.0,player.own_dg_belief,0.0,0.0,True,0.25,0.75
0002028d5b--62975c58c5228a2201b20672,1.0,75.0,30.0,1.0,30.0,00020297df--629798fc8753764e91f65463,80.0,player.proportion,75.0,4.079999999999998,True,0.25,1.05
0002028d5b--62975c870808263f5509bf29,1.0,30.0,50.0,1.0,-30.0,00020297df--629798f09e3b850db620309f,20.0,player.proportion,30.0,40.92,False,0.0,0.2
0002028d5b--62975c801a1597570c3b166d,1.0,95.0,0.0,1.0,-30.0,00020297df--629799e1ce71890706f482cc,20.0,player.proportion,95.0,24.08,False,0.0,0.2
0002028d5b--62975cbfdf858e094c9426f4,1.0,70.0,0.0,1.0,50.0,00020297df--629799bdf6a7361ea2f7a1bd,100.0,player.own_dg_belief,0.0,50.0,False,0.0,1.0
0002028d5b--62975cb3fc16bb14cdf11ca9,1.0,70.0,20.0,1.0,50.0,00020297df--629799d331ed680113398fe6,100.0,player.own_dg_belief,20.0,30.0,False,0.0,1.0
0002028d5b--62975cb3c4f9241828c6091c,1.0,43.0,10.0,1.0,-50.0,00020297df--629799b2f97bee03d0164851,0.0,player.proportion,43.0,27.92,False,0.0,0.0
0002028d5b--62975c62f97bee03d0129586,1.0,75.0,-20.0,1.0,20.0,00020297df--6297996cf6a7361ea2f79fbe,70.0,player.proportion,75.0,4.079999999999998,True,0.25,0.95
0002028d5b--62975c99035b7842af53eb51,1.0,95.0,20.0,1.0,20.0,00020297df--6297999d55a82f0add583370,70.0,player.own_dg_belief,20.0,0.0,True,0.25,0.95
0002028d5b--62975c29f97bee03d012933b,1.0,90.0,50.0,1.0,-50.0,00020297df--629799a4c2dd7967c03a0ccb,0.0,player.proportion,90.0,19.08,False,0.0,0.0
0002028d5b--62975c960f0a604a6d5795c4,1.0,60.0,-50.0,1.0,0.0,00020297df--6297998dc4f9241828caeedf,50.0,player.proportion,60.0,10.920000000000002,True,0.25,0.75
0002028d5b--62975c9c379f925fdf570216,1.0,70.0,-30.0,1.0,50.0,00020297df--6297998172b8b44b5c91f7bf,100.0,player.proportion,70.0,0.9200000000000017,True,0.25,1.25
0002028d5b--62975cb4318cc4235d15e786,1.0,75.0,-50.0,1.0,10.0,00020297df--62979976b8c3540865cec737,60.0,player.proportion,75.0,4.079999999999998,True,0.25,0.85
0002028d5b--62975d4b631aea481294e3a6,1.0,90.0,-50.0,1.0,0.0,00020297df--629799dcce71890706f48297,50.0,player.own_dg_belief,-50.0,50.0,False,0.0,0.5
0002028d5b--62975ca831ed680113367710,1.0,80.0,-50.0,1.0,20.0,00020297df--6297992055a82f0add582ebb,70.0,player.own_dg_belief,-50.0,70.0,False,0.0,0.7
0002028d5b--62975cb60f0a604a6d579776,1.0,5.0,-30.0,1.0,0.0,00020297df--62979942343b1203f37936a6,50.0,player.proportion,5.0,65.92,False,0.0,0.5
0002028d5b--62975ca09e3b850db61c2882,1.0,75.0,20.0,1.0,0.0,00020297df--629799400f0a604a6d5a6d39,50.0,player.own_dg_belief,20.0,20.0,False,0.0,0.5
0002028d5b--62975c9e31ed680113367670,1.0,98.0,0.0,1.0,0.0,00020297df--629798e8592d6a258065a4a8,50.0,player.proportion,98.0,27.08,False,0.0,0.5
0002028d5b--62975c8b8d75da35c17c524f,1.0,90.0,0.0,1.0,0.0,00020297df--6297992fc3e04913dbb23e18,50.0,player.own_dg_belief,0.0,0.0,True,0.25,0.75
0002028d5b--62975c8e55a6576a01d18797,1.0,75.0,0.0,1.0,20.0,00020297df--629798f2b8c3540865cebada,70.0,player.own_dg_belief,0.0,20.0,False,0.0,0.7
0002028d5b--62975c86a743b42b6acc72ac,1.0,50.0,0.0,1.0,0.0,00020297df--62979921b8c3540865cebf01,50.0,player.own_dg_belief,0.0,0.0,True,0.25,0.75
0002028d5b--62975c85286bd91e83d57c16,1.0,80.0,0.0,1.0,-50.0,00020297df--6297991b27b7222acc7f3302,0.0,player.own_dg_belief,0.0,50.0,False,0.0,0.0
0002028d5b--62975c941b437b49aa77d314,1.0,82.0,50.0,1.0,-50.0,00020297df--62979911b8c3540865cebdf6,0.0,player.proportion,82.0,11.079999999999998,False,0.0,0.0
0002028d5b--62975c7be14f7b062a1f8dd6,1.0,100.0,-30.0,1.0,20.0,00020297df--629798f555a82f0add582d40,70.0,player.own_dg_belief,-30.0,50.0,False,0.0,0.7
0002028d5b--62975c8a035b7842af53ea8c,1.0,100.0,50.0,1.0,0.0,00020297df--6297990185c5c060cecad185,50.0,player.own_dg_belief,50.0,50.0,False,0.0,0.5
0002028d5b--62975ca672b8b44b5c8ecaba,1.0,65.0,30.0,1.0,20.0,00020297df--6297995a1b437b49aa7b48d1,70.0,player.proportion,65.0,5.920000000000002,True,0.25,0.95
0002028d5b--62975d3f8753764e91f30237,1.0,60.0,20.0,1.0,0.0,00020297df--629824bb592d6a25806ac09f,50.0,player.own_dg_belief,20.0,20.0,False,0.0,0.5
0002028d5b--62975d300808263f5509d143,1.0,70.0,-30.0,1.0,0.0,00020297df--6297a012f97bee03d0169a79,50.0,player.own_dg_belief,-30.0,30.0,False,0.0,0.5
0002028d5b--62975d488717592fea4f1c32,1.0,70.0,-10.0,1.0,20.0,00020297df--6297a05c9e3b850db62099f5,70.0,player.own_dg_belief,-10.0,30.0,False,0.0,0.7
0002028d5b--62975ec3379f925fdf571ff5,1.0,70.0,20.0,1.0,-50.0,00020297df--62980a488d75da35c184d4d7,0.0,player.own_dg_belief,20.0,70.0,False,0.0,0.0
0002028d5b--62975eb875f2ea5422cceb25,1.0,80.0,0.0,1.0,0.0,00020297df--629809c81b437b49aa7f80b5,50.0,player.proportion,80.0,9.079999999999998,True,0.25,0.75
0002028d5b--62975eb4c4f9241828c6212d,1.0,80.0,-50.0,1.0,0.0,00020297df--629809c0379f925fdf5cdc41,50.0,player.own_dg_belief,-50.0,50.0,False,0.0,0.5
0002028d5b--62975ea91b437b49aa77eec7,1.0,60.0,0.0,1.0,0.0,00020297df--6298078c4796d7421d1b8f59,50.0,player.proportion,60.0,10.920000000000002,True,0.25,0.75
0002028d5b--62975eac85c5c060cec70c19,1.0,80.0,-20.0,1.0,0.0,00020297df--6298062a6789b1401e9d4ebf,50.0,player.own_dg_belief,-20.0,20.0,False,0.0,0.5
0002028d5b--62975e876789b1401e96eddf,1.0,70.0,20.0,1.0,-10.0,00020297df--629805de0808263f5514fc0e,40.0,player.own_dg_belief,20.0,30.0,False,0.0,0.4
0002028d5b--62975e9b27b7222acc7c4b6e,1.0,50.0,50.0,1.0,-50.0,00020297df--6298054056b7cb048e28d4a6,0.0,player.proportion,50.0,20.92,False,0.0,0.0
0002028d5b--62975e8088f658485897d65f,1.0,93.0,-30.0,1.0,-50.0,00020297df--629802f6a743b42b6ad451a7,0.0,player.proportion,93.0,22.08,False,0.0,0.0
0002028d5b--62975e8efc16bb14cdf12fa6,1.0,50.0,20.0,1.0,0.0,00020297df--629800709e3b850db6239a76,50.0,player.proportion,50.0,20.92,False,0.0,0.5
0002028d5b--62975e8856b7cb048e22c4c6,1.0,84.0,-20.0,1.0,0.0,00020297df--629800351a1597570c4144ee,50.0,player.proportion,84.0,13.079999999999998,False,0.0,0.5
0002028d5b--62975de155a82f0add5590d9,1.0,78.0,-50.0,1.0,50.0,00020297df--6297ff69e14f7b062a248b97,100.0,player.proportion,78.0,7.079999999999998,True,0.25,1.25
0002028d5b--62975e706789b1401e96ecfd,1.0,80.0,0.0,1.0,0.0,00020297df--6297fd928d75da35c18496a8,50.0,player.proportion,80.0,9.079999999999998,True,0.25,0.75
0002028d5b--62975e63e7caf416d328f529,1.0,90.0,10.0,1.0,0.0,00020297df--6297fc8be14f7b062a248237,50.0,player.proportion,90.0,19.08,False,0.0,0.5
0002028d5b--62975e33f6a7361ea2f5eddf,1.0,85.0,-50.0,1.0,0.0,00020297df--6297fb119c973a4d0b834309,50.0,player.own_dg_belief,-50.0,50.0,False,0.0,0.5
0002028d5b--62975e594796d7421d121a73,1.0,30.0,0.0,1.0,0.0,00020297df--6297f98f9c973a4d0b833e49,50.0,player.own_dg_belief,0.0,0.0,True,0.25,0.75
0002028d5b--62975e46592d6a25806271ba,1.0,60.0,10.0,1.0,-20.0,00020297df--6297f64be796a155f018ae2a,30.0,player.proportion,60.0,10.920000000000002,True,0.25,0.55
0002028d5b--62975e350209472a2f15ac3e,1.0,80.0,-30.0,1.0,-50.0,00020297df--6297f7f7631aea48129a4127,0.0,player.proportion,80.0,9.079999999999998,True,0.25,0.25
0002028d5b--62975e2ce14f7b062a1f9df3,1.0,70.0,50.0,1.0,-50.0,00020297df--6297f7ba8753764e91f9e19a,0.0,player.proportion,70.0,0.9200000000000017,True,0.25,0.25
0002028d5b--62975e1d55a6576a01d19787,1.0,10.0,0.0,1.0,0.0,00020297df--6297f3e3c4f9241828cf3ee6,50.0,player.own_dg_belief,0.0,0.0,True,0.25,0.75
0002028d5b--62975e2b55a82f0add5594b1,1.0,90.0,0.0,1.0,50.0,00020297df--6297f0e80209472a2f1c499d,100.0,player.own_dg_belief,0.0,50.0,False,0.0,1.0
0002028d5b--62975df1ce71890706f1b70a,1.0,60.0,0.0,1.0,-50.0,00020297df--6297efaec4f9241828cf2ab3,0.0,player.proportion,60.0,10.920000000000002,True,0.25,0.25
0002028d5b--62975eb70209472a2f15b16d,1.0,80.0,0.0,1.0,30.0,00020297df--62980bdc75f2ea5422d3aa63,80.0,player.own_dg_belief,0.0,30.0,False,0.0,0.8
0002028d5b--62975e9dba0e0c481ecfd705,1.0,30.0,-10.0,1.0,0.0,00020297df--62980c0eab45cb7cbabaa6ee,50.0,player.proportion,30.0,40.92,False,0.0,0.5
0002028d5b--62975ec09c973a4d0b7d69a0,1.0,90.0,50.0,1.0,0.0,00020297df--62980c3da743b42b6ad47b9e,50.0,player.proportion,90.0,19.08,False,0.0,0.5
0002028d5b--62975ed48d75da35c17c73d9,1.0,80.0,-50.0,1.0,-10.0,00020297df--62980c2d4796d7421d1bbd9a,40.0,player.proportion,80.0,9.079999999999998,True,0.25,0.65
0002028d5b--62975f6a035b7842af540ad7,1.0,70.0,-50.0,1.0,-50.0,00020297df--629823191cd4a2502e060901,0.0,player.own_dg_belief,-50.0,0.0,True,0.25,0.25
0002028d5b--62975f31343b1203f37566e7,1.0,78.0,-30.0,1.0,-50.0,00020297df--6298227c8753764e91fad016,0.0,player.own_dg_belief,-30.0,20.0,False,0.0,0.0
0002028d5b--62975f73e796a155f00fb66e,1.0,20.0,0.0,1.0,0.0,00020297df--629821de0808263f5515e3b8,50.0,player.own_dg_belief,0.0,0.0,True,0.25,0.75
0002028d5b--62975f5155a6576a01d1a375,1.0,70.0,0.0,1.0,0.0,00020297df--629821b5b8c3540865d4a3e8,50.0,player.proportion,70.0,0.9200000000000017,True,0.25,0.75
0002028d5b--62975f66aee53a0f1ca1e456,1.0,75.0,10.0,1.0,-30.0,00020297df--62982095a743b42b6ad4e554,20.0,player.own_dg_belief,10.0,40.0,False,0.0,0.2
0002028d5b--62975f6d0808263f5509f6fc,1.0,70.0,0.0,1.0,0.0,00020297df--62981e428d75da35c1854c12,50.0,player.own_dg_belief,0.0,0.0,True,0.25,0.75
0002028d5b--62975f3f8d75da35c17c78fd,1.0,75.0,-10.0,1.0,0.0,00020297df--62981d21f97bee03d01aa09c,50.0,player.own_dg_belief,-10.0,10.0,True,0.25,0.75
0002028d5b--62975f4b9e3b850db61c4487,1.0,10.0,-50.0,1.0,0.0,00020297df--62981caec2dd7967c03d70b2,50.0,player.proportion,10.0,60.92,False,0.0,0.5
0002028d5b--62975f3372b8b44b5c8eebc5,1.0,80.0,10.0,1.0,0.0,00020297df--62981c2472b8b44b5c960d7c,50.0,player.own_dg_belief,10.0,10.0,True,0.25,0.75
0002028d5b--62975f5275f2ea5422ccf2d6,1.0,60.0,50.0,1.0,-50.0,00020297df--629818768d75da35c185255b,0.0,player.proportion,60.0,10.920000000000002,True,0.25,0.25
0002028d5b--62975dc88753764e91f307ee,1.0,50.0,-30.0,1.0,-20.0,00020297df--6297ea3956b7cb048e286b5d,30.0,player.own_dg_belief,-30.0,10.0,True,0.25,0.55
0002028d5b--62975f19095c8b3014af4c2d,1.0,75.0,20.0,1.0,0.0,00020297df--6298183bc5079d57c58472e6,50.0,player.proportion,75.0,4.079999999999998,True,0.25,0.75
0002028d5b--62975f18fc16bb14cdf13622,1.0,74.0,-10.0,1.0,50.0,00020297df--6298157203e4b956574fd210,100.0,player.proportion,74.0,3.0799999999999983,True,0.25,1.25
0002028d5b--62975ebb0209472a2f15b192,1.0,75.0,0.0,1.0,0.0,00020297df--629814d255a6576a01d7f313,50.0,player.own_dg_belief,0.0,0.0,True,0.25,0.75
0002028d5b--62975f0b095c8b3014af4b51,1.0,80.0,0.0,1.0,0.0,00020297df--629813c956b7cb048e290f2f,50.0,player.proportion,80.0,9.079999999999998,True,0.25,0.75
0002028d5b--62975f0755a82f0add559e3d,1.0,60.0,-40.0,1.0,-30.0,00020297df--629812ab5bb53b198cc7ab7e,20.0,player.proportion,60.0,10.920000000000002,True,0.25,0.45
0002028d5b--62975efc318cc4235d15fe65,1.0,80.0,-50.0,1.0,-50.0,00020297df--629812280f0a604a6d5e0584,0.0,player.own_dg_belief,-50.0,0.0,True,0.25,0.25
0002028d5b--62975ef9631aea481294f375,1.0,99.0,0.0,1.0,0.0,00020297df--62980ee0f97bee03d01a4595,50.0,player.proportion,99.0,28.08,False,0.0,0.5
0002028d5b--62975eefc4f9241828c62637,1.0,70.0,-50.0,1.0,20.0,00020297df--62980e885bb53b198cc79dd3,70.0,player.own_dg_belief,-50.0,70.0,False,0.0,0.7
0002028d5b--62975ebd1b437b49aa77ef7d,1.0,70.0,-50.0,1.0,50.0,00020297df--62980e5575f2ea5422d3b7a3,100.0,player.proportion,70.0,0.9200000000000017,True,0.25,1.25
0002028d5b--62975eddb8c3540865cac7ab,1.0,65.0,-30.0,1.0,20.0,00020297df--62980de80808263f55152914,70.0,player.proportion,65.0,5.920000000000002,True,0.25,0.95
0002028d5b--62975ec4fc16bb14cdf131c8,1.0,75.0,-50.0,1.0,30.0,00020297df--62980c99379f925fdf5ce398,80.0,player.proportion,75.0,4.079999999999998,True,0.25,1.05
0002028d5b--62975f30e7caf416d328fddc,1.0,70.0,-20.0,1.0,-50.0,00020297df--6298177ff97bee03d01a792e,0.0,player.proportion,70.0,0.9200000000000017,True,0.25,0.25
0002028d5b--62975f8f0f0a604a6d57b5a4,1.0,50.0,-50.0,1.0,0.0,00020297df--62979f9ece71890706f4c7d1,50.0,player.own_dg_belief,-50.0,50.0,False,0.0,0.5
0002028d5b--62975e1685c5c060cec703fb,1.0,75.0,-40.0,1.0,-50.0,00020297df--6297e58bc3e04913dbb56730,0.0,player.own_dg_belief,-40.0,10.0,True,0.25,0.25
0002028d5b--62975dd2c4f9241828c613e6,1.0,60.0,-50.0,1.0,0.0,00020297df--6297db6a0209472a2f1bcaed,50.0,player.proportion,60.0,10.920000000000002,True,0.25,0.75
0002028d5b--62975d95ba0e0c481ecfcb55,1.0,70.0,-50.0,1.0,0.0,00020297df--6297bd80b8c3540865d13c4d,50.0,player.proportion,70.0,0.9200000000000017,True,0.25,0.75
0002028d5b--62975d1872b8b44b5c8ed01a,1.0,90.0,-40.0,1.0,10.0,00020297df--6297bbf79e3b850db621cf69,60.0,player.proportion,90.0,19.08,False,0.0,0.6
0002028d5b--62975d7b88f658485897caa9,1.0,60.0,0.0,1.0,0.0,00020297df--6297bade1b437b49aa7d1468,50.0,player.own_dg_belief,0.0,0.0,True,0.25,0.75
0002028d5b--62975cd475f2ea5422ccd38f,1.0,80.0,50.0,1.0,20.0,00020297df--6297bab51b437b49aa7d132c,70.0,player.proportion,80.0,9.079999999999998,True,0.25,0.95
0002028d5b--62975d92aee53a0f1ca1c7f1,1.0,90.0,0.0,1.0,-50.0,00020297df--6297b88a592d6a2580677a31,0.0,player.proportion,90.0,19.08,False,0.0,0.0
0002028d5b--62975d7caee53a0f1ca1c6b6,1.0,6.0,-50.0,1.0,20.0,00020297df--6297ba520808263f55119515,70.0,player.own_dg_belief,-50.0,70.0,False,0.0,0.7
0002028d5b--62975d50343b1203f37546d0,1.0,85.0,0.0,1.0,-50.0,00020297df--6297b9e4318cc4235d19e0fe,0.0,player.proportion,85.0,14.079999999999998,False,0.0,0.0
0002028d5b--62975d830db923340863062a,1.0,85.0,-20.0,1.0,0.0,00020297df--6297b9c9fc16bb14cdf54e93,50.0,player.own_dg_belief,-20.0,20.0,False,0.0,0.5
0002028d5b--62975d7e6789b1401e96e1b6,1.0,50.0,40.0,1.0,0.0,00020297df--6297b9186789b1401e9b40df,50.0,player.own_dg_belief,40.0,40.0,False,0.0,0.5
0002028d5b--62975d65aee53a0f1ca1c573,1.0,90.0,0.0,1.0,0.0,00020297df--6297b912e796a155f0163ac3,50.0,player.proportion,90.0,19.08,False,0.0,0.5
0002028d5b--62975d758717592fea4f1deb,1.0,50.0,-20.0,1.0,0.0,00020297df--6297b8d91b437b49aa7cfe53,50.0,player.proportion,50.0,20.92,False,0.0,0.5
0002028d5b--62975d67318cc4235d15edd8,1.0,75.0,-50.0,1.0,0.0,00020297df--6297b8a99e3b850db621af18,50.0,player.proportion,75.0,4.079999999999998,True,0.25,0.75
0002028d5b--62975d71ba0e0c481ecfca03,1.0,87.0,10.0,1.0,-50.0,00020297df--6297b8ad318cc4235d19d66a,0.0,player.own_dg_belief,10.0,60.0,False,0.0,0.0
0002028d5b--62975d51c5228a2201b2116d,1.0,30.0,-40.0,1.0,-50.0,00020297df--6297b83bce71890706f5d90f,0.0,player.proportion,30.0,40.92,False,0.0,0.0
0002028d5b--62975d708753764e91f303ff,1.0,83.0,-40.0,1.0,0.0,00020297df--6297b818e7caf416d32ce6c7,50.0,player.own_dg_belief,-40.0,40.0,False,0.0,0.5
0002028d5b--62975d5e0db92334086304f6,1.0,70.0,0.0,1.0,-20.0,00020297df--6297b8220808263f551172dd,30.0,player.proportion,70.0,0.9200000000000017,True,0.25,0.55
0002028d5b--62975d54c5228a2201b2117d,1.0,50.0,50.0,1.0,-50.0,00020297df--6297b81e55a6576a01d5f5a4,0.0,player.proportion,50.0,20.92,False,0.0,0.0
0002028d5b--62975d1f286bd91e83d5819a,1.0,80.0,0.0,1.0,-30.0,00020297df--6297b7f455a82f0add599cec,20.0,player.own_dg_belief,0.0,30.0,False,0.0,0.2
0002028d5b--62975d62095c8b3014af331c,1.0,40.0,-40.0,1.0,20.0,00020297df--6297b7590808263f55116727,70.0,player.own_dg_belief,-40.0,60.0,False,0.0,0.7
0002028d5b--62975d5ddf858e094c942f08,1.0,10.0,-20.0,1.0,50.0,00020297df--6297a14a343b1203f379d155,100.0,player.proportion,10.0,60.92,False,0.0,1.0
0002028d5b--62975d4e379f925fdf570b98,1.0,60.0,40.0,1.0,20.0,00020297df--6297a07455a6576a01d4e7b7,70.0,player.proportion,60.0,10.920000000000002,True,0.25,0.95
0002028d5b--62975d9156b7cb048e22bbb5,1.0,70.0,-20.0,1.0,20.0,00020297df--6297bdbe343b1203f37bb83a,70.0,player.proportion,70.0,0.9200000000000017,True,0.25,0.95
0002028d5b--62975d6e1cd4a2502e009f72,1.0,50.0,0.0,1.0,-50.0,00020297df--6297be03095c8b3014b3e946,0.0,player.proportion,50.0,20.92,False,0.0,0.0
0002028d5b--62975d9372b8b44b5c8ed5c4,1.0,76.0,-50.0,1.0,-20.0,00020297df--6297be92b8c3540865d14da2,30.0,player.proportion,76.0,5.079999999999998,True,0.25,0.55
0002028d5b--62975d6b55a82f0add558be7,1.0,70.0,-30.0,1.0,20.0,00020297df--6297bf5aab45cb7cbab8f795,70.0,player.own_dg_belief,-30.0,50.0,False,0.0,0.7
0002028d5b--62975e03aee53a0f1ca1ceed,1.0,80.0,50.0,1.0,-20.0,00020297df--6297db1ae796a155f017f182,30.0,player.own_dg_belief,50.0,70.0,False,0.0,0.3
0002028d5b--62975df755a82f0add559206,1.0,73.0,50.0,1.0,0.0,00020297df--6297d9d1c3e04913dbb4fdbd,50.0,player.proportion,73.0,2.0799999999999983,True,0.25,0.75
0002028d5b--62975deaf6a7361ea2f5eb4f,1.0,90.0,20.0,1.0,0.0,00020297df--6297d992e796a155f017e443,50.0,player.own_dg_belief,20.0,20.0,False,0.0,0.5
0002028d5b--62975dd3e796a155f00f9f31,1.0,50.0,-50.0,1.0,-30.0,00020297df--6297d82e318cc4235d1ae3d4,20.0,player.own_dg_belief,-50.0,20.0,False,0.0,0.2
0002028d5b--62975dd9a743b42b6acc8748,1.0,60.0,-50.0,1.0,-50.0,00020297df--6297d5696789b1401e9c527c,0.0,player.proportion,60.0,10.920000000000002,True,0.25,0.25
0002028d5b--62975d9f27b7222acc7c39ce,1.0,87.0,20.0,1.0,-50.0,00020297df--6297d10c0f0a604a6d5cce5e,0.0,player.own_dg_belief,20.0,70.0,False,0.0,0.0
0002028d5b--62975dc26789b1401e96e457,1.0,70.0,-50.0,1.0,-50.0,00020297df--6297d0300209472a2f1b6bd1,0.0,player.own_dg_belief,-50.0,0.0,True,0.25,0.25
0002028d5b--62975dd64796d7421d121364,1.0,30.0,0.0,1.0,0.0,00020297df--6297ccafc5228a2201b7b42f,50.0,player.proportion,30.0,40.92,False,0.0,0.5
0002028d5b--62975d2be14f7b062a1f9515,1.0,70.0,-30.0,1.0,0.0,00020297df--6297cc74095c8b3014b4a533,50.0,player.own_dg_belief,-30.0,30.0,False,0.0,0.5
0002028d5b--62975dca8717592fea4f209d,1.0,90.0,0.0,1.0,-50.0,00020297df--6297c87e1cd4a2502e047636,0.0,player.proportion,90.0,19.08,False,0.0,0.0
0002028d5b--62975e07c2dd7967c0375614,1.0,90.0,0.0,1.0,0.0,00020297df--6297e1acce71890706f72e44,50.0,player.own_dg_belief,0.0,0.0,True,0.25,0.75
0002028d5b--62975dc1035b7842af53f70e,1.0,80.0,10.0,1.0,30.0,00020297df--6297c67de7caf416d32d7334,80.0,player.own_dg_belief,10.0,20.0,False,0.0,0.8
0002028d5b--62975dc20f0a604a6d57a351,1.0,90.0,0.0,1.0,10.0,00020297df--6297c670c4f9241828cd7c63,60.0,player.proportion,90.0,19.08,False,0.0,0.6
0002028d5b--62975da56789b1401e96e31d,1.0,30.0,0.0,1.0,-50.0,00020297df--6297c623c5228a2201b76516,0.0,player.proportion,30.0,40.92,False,0.0,0.0
0002028d5b--62975dccc3e04913dbaeae33,1.0,90.0,-50.0,1.0,-20.0,00020297df--6297c5ffc4f9241828cd7752,30.0,player.own_dg_belief,-50.0,30.0,False,0.0,0.3
0002028d5b--62975daf55a6576a01d192c5,1.0,65.0,-40.0,1.0,0.0,00020297df--6297c5915bb53b198cc60d21,50.0,player.own_dg_belief,-40.0,40.0,False,0.0,0.5
0002028d5b--62975d8cc4f9241828c611fb,1.0,75.0,20.0,1.0,-50.0,00020297df--6297c36e9c973a4d0b81f02a,0.0,player.own_dg_belief,20.0,70.0,False,0.0,0.0
0002028d5b--62975dad035b7842af53f6a5,1.0,80.0,-50.0,1.0,-40.0,00020297df--6297c2cce796a155f016cb34,10.0,player.own_dg_belief,-50.0,10.0,True,0.25,0.35
0002028d5b--62975da6286bd91e83d5871b,1.0,60.0,0.0,1.0,-50.0,00020297df--6297c2310808263f55121fc9,0.0,player.own_dg_belief,0.0,50.0,False,0.0,0.0
0002028d5b--62975da81a1597570c3b2348,1.0,100.0,-50.0,1.0,10.0,00020297df--6297c17ac5079d57c582b598,60.0,player.proportion,100.0,29.08,False,0.0,0.6
0002028d5b--62975d999e3b850db61c31f5,1.0,80.0,-30.0,1.0,-50.0,00020297df--6297c14dba0e0c481ed514c6,0.0,player.own_dg_belief,-30.0,20.0,False,0.0,0.0
0002028d5b--62975d9d55a82f0add558e06,1.0,70.0,0.0,1.0,0.0,00020297df--6297bf39095c8b3014b3fb25,50.0,player.proportion,70.0,0.9200000000000017,True,0.25,0.75
0002028d5b--62975d7d035b7842af53f4a9,1.0,80.0,0.0,1.0,10.0,00020297df--6297c683c2dd7967c03be6c4,60.0,player.own_dg_belief,0.0,10.0,True,0.25,0.85
0002028d5b--62975e2888f658485897d221,1.0,60.0,-20.0,1.0,20.0,00020297eb--6298098085c5c060cecfb99c,70.0,player.own_dg_belief,-20.0,40.0,False,0.0,0.7
