participant.label,player.dg_decision,player.partner_position,player.proportion,player.average_dg_belief,rpayoff,belief_column_name,belief_value,belief_match,get_belief_payoff,belief_payoff,total_payoff
00020297df--629797ba1cd4a2502e02e607,-50.0,no,50.0,50.0,150.0,player.average_dg_belief,50.0,50.0,False,0.0,1.5
00020297df--629797ca55a6576a01d47bc9,0.0,no,80.0,0.0,100.0,player.proportion,80.0,9.079999999999998,True,0.25,1.25
00020297df--629797c1ce71890706f46ac8,0.0,no,75.0,-30.0,100.0,player.average_dg_belief,-30.0,30.0,False,0.0,1.0
00020297df--629797d8035b7842af56f7f6,10.0,yes,70.0,30.0,90.0,player.proportion,70.0,0.9200000000000017,True,0.25,1.15
00020297df--629797e3c3e04913dbb22fa4,0.0,no,65.0,50.0,100.0,player.proportion,65.0,5.920000000000002,True,0.25,1.25
00020297df--629797da4796d7421d164393,20.0,yes,60.0,-50.0,80.0,player.average_dg_belief,-50.0,50.0,False,0.0,0.8
00020297df--629797d155a6576a01d47c16,0.0,no,90.0,0.0,100.0,player.average_dg_belief,0.0,0.0,True,0.25,1.25
00020297df--629797dd4796d7421d1643af,-30.0,no,70.0,-40.0,130.0,player.proportion,70.0,0.9200000000000017,True,0.25,1.55
00020297df--629797e6286bd91e83d9d3d1,0.0,yes,89.0,0.0,100.0,player.proportion,89.0,18.08,False,0.0,1.0
00020297df--629797e81a1597570c3db976,-30.0,yes,60.0,-50.0,130.0,player.average_dg_belief,-50.0,50.0,False,0.0,1.3
00020297df--629797f7f97bee03d01633e8,0.0,no,20.0,50.0,100.0,player.average_dg_belief,50.0,50.0,False,0.0,1.0
00020297df--629797faba0e0c481ed3291f,0.0,no,80.0,0.0,100.0,player.average_dg_belief,0.0,0.0,True,0.25,1.25
00020297df--6297980d3e70ba48f9787d2d,-10.0,yes,75.0,-30.0,110.0,player.average_dg_belief,-30.0,30.0,False,0.0,1.1
00020297df--6297980b631aea481297629d,0.0,yes,90.0,-50.0,100.0,player.proportion,90.0,19.08,False,0.0,1.0
00020297df--629797eac5079d57c580ffac,0.0,yes,70.0,0.0,100.0,player.average_dg_belief,0.0,0.0,True,0.25,1.25
00020297df--629798060f0a604a6d5a5f16,0.0,no,70.0,0.0,100.0,player.proportion,70.0,0.9200000000000017,True,0.25,1.25
00020297df--62979805c5079d57c58100e8,20.0,yes,80.0,0.0,80.0,player.proportion,80.0,9.079999999999998,True,0.25,1.05
00020297df--6297980f75f2ea5422cfa81c,-50.0,no,90.0,-50.0,150.0,player.proportion,90.0,19.08,False,0.0,1.5
00020297df--62979813c2dd7967c039fa18,-50.0,no,80.0,-50.0,150.0,player.average_dg_belief,-50.0,50.0,False,0.0,1.5
00020297df--62979824f97bee03d016370f,20.0,yes,80.0,20.0,80.0,player.average_dg_belief,20.0,20.0,False,0.0,0.8
00020297df--629798196789b1401e99bb85,0.0,yes,72.0,0.0,100.0,player.proportion,72.0,1.0799999999999983,True,0.25,1.25
00020297df--6297982de796a155f013d6f4,-50.0,yes,80.0,-50.0,150.0,player.average_dg_belief,-50.0,50.0,False,0.0,1.5
00020297df--6297983ec4f9241828cade1f,50.0,no,90.0,50.0,50.0,player.proportion,90.0,19.08,False,0.0,0.5
00020297df--6297984f631aea4812976514,0.0,yes,50.0,0.0,100.0,player.proportion,50.0,20.92,False,0.0,1.0
00020297df--629797fca743b42b6ad06e83,0.0,no,80.0,0.0,100.0,player.average_dg_belief,0.0,0.0,True,0.25,1.25
00020297df--62979863286bd91e83d9db52,20.0,no,85.0,50.0,80.0,player.average_dg_belief,50.0,50.0,False,0.0,0.8
00020297df--6297985bab45cb7cbab74651,10.0,yes,82.0,10.0,90.0,player.proportion,82.0,11.079999999999998,False,0.0,0.9
00020297df--6297986627b7222acc7f2a56,0.0,no,10.0,-30.0,100.0,player.proportion,10.0,60.92,False,0.0,1.0
00020297df--629798804796d7421d164dd1,-50.0,yes,65.0,-40.0,150.0,player.proportion,65.0,5.920000000000002,True,0.25,1.75
00020297df--6297988755a82f0add582825,-30.0,no,70.0,-30.0,130.0,player.proportion,70.0,0.9200000000000017,True,0.25,1.55
00020297df--62979883035b7842af5703a8,40.0,no,75.0,0.0,60.0,player.proportion,75.0,4.079999999999998,True,0.25,0.85
00020297df--629798b2035b7842af570792,50.0,yes,99.0,0.0,50.0,player.average_dg_belief,0.0,0.0,True,0.25,0.75
00020297df--629798ecf97bee03d016400f,20.0,yes,70.0,30.0,80.0,player.proportion,70.0,0.9200000000000017,True,0.25,1.05
00020297df--629798e98d75da35c17ffd1a,0.0,yes,82.0,-50.0,100.0,player.average_dg_belief,-50.0,50.0,False,0.0,1.0
00020297df--629798ef31ed680113398355,0.0,yes,75.0,0.0,100.0,player.average_dg_belief,0.0,0.0,True,0.25,1.25
00020297df--629798e28753764e91f65369,0.0,yes,35.0,50.0,100.0,player.average_dg_belief,50.0,50.0,False,0.0,1.0
00020297df--629798eb75f2ea5422cfb1ff,0.0,no,70.0,-50.0,100.0,player.proportion,70.0,0.9200000000000017,True,0.25,1.25
00020297df--629798c99e3b850db6202e42,0.0,yes,85.0,40.0,100.0,player.average_dg_belief,40.0,40.0,False,0.0,1.0
00020297df--629798e4e14f7b062a21f93d,-50.0,yes,99.0,-50.0,150.0,player.average_dg_belief,-50.0,50.0,False,0.0,1.5
00020297df--629798fbc5228a2201b5124d,0.0,no,70.0,0.0,100.0,player.average_dg_belief,0.0,0.0,True,0.25,1.25
00020297df--629798f4631aea4812976c05,0.0,no,40.0,50.0,100.0,player.proportion,40.0,30.92,False,0.0,1.0
00020297df--629798e31b437b49aa7b412d,20.0,yes,90.0,-50.0,80.0,player.proportion,90.0,19.08,False,0.0,0.8
00020297df--629798f9e796a155f013e511,0.0,yes,78.0,40.0,100.0,player.average_dg_belief,40.0,40.0,False,0.0,1.0
00020297df--629798fc8753764e91f65463,30.0,yes,95.0,30.0,70.0,player.proportion,95.0,24.08,False,0.0,0.7
00020297df--629798f09e3b850db620309f,-30.0,yes,60.0,-50.0,130.0,player.proportion,60.0,10.920000000000002,True,0.25,1.55
00020297df--6297990185c5c060cecad185,0.0,yes,80.0,0.0,100.0,player.average_dg_belief,0.0,0.0,True,0.25,1.25
00020297df--629798f555a82f0add582d40,20.0,yes,60.0,20.0,80.0,player.average_dg_belief,20.0,20.0,False,0.0,0.8
00020297df--62979911b8c3540865cebdf6,-50.0,yes,80.0,-50.0,150.0,player.average_dg_belief,-50.0,50.0,False,0.0,1.5
00020297df--6297990731ed68011339845d,50.0,no,99.0,-50.0,50.0,player.average_dg_belief,-50.0,50.0,False,0.0,0.5
00020297df--6297991b27b7222acc7f3302,-50.0,yes,70.0,30.0,150.0,player.proportion,70.0,0.9200000000000017,True,0.25,1.75
00020297df--6297990ef97bee03d016414c,0.0,no,90.0,0.0,100.0,player.proportion,90.0,19.08,False,0.0,1.0
00020297df--62979928592d6a258065abe1,30.0,no,70.0,30.0,70.0,player.proportion,70.0,0.9200000000000017,True,0.25,0.95
00020297df--6297990d0808263f550f3353,20.0,no,30.0,0.0,80.0,player.proportion,30.0,40.92,False,0.0,0.8
00020297df--62979930b8c3540865cebfc9,0.0,no,90.0,0.0,100.0,player.proportion,90.0,19.08,False,0.0,1.0
00020297df--62979921b8c3540865cebf01,0.0,yes,75.0,-50.0,100.0,player.average_dg_belief,-50.0,50.0,False,0.0,1.0
00020297df--629798f2b8c3540865cebada,20.0,yes,100.0,-50.0,80.0,player.proportion,100.0,29.08,False,0.0,0.8
00020297df--6297992fc3e04913dbb23e18,0.0,yes,100.0,0.0,100.0,player.average_dg_belief,0.0,0.0,True,0.25,1.25
00020297df--629798e8592d6a258065a4a8,0.0,yes,90.0,-30.0,100.0,player.proportion,90.0,19.08,False,0.0,1.0
00020297df--629799400f0a604a6d5a6d39,0.0,yes,50.0,0.0,100.0,player.average_dg_belief,0.0,0.0,True,0.25,1.25
00020297df--62979942343b1203f37936a6,0.0,yes,75.0,0.0,100.0,player.proportion,75.0,4.079999999999998,True,0.25,1.25
00020297df--6297992955a82f0add582f10,-50.0,no,73.0,-50.0,150.0,player.proportion,73.0,2.0799999999999983,True,0.25,1.75
00020297df--6297992d85c5c060cecad453,-50.0,no,65.0,-50.0,150.0,player.proportion,65.0,5.920000000000002,True,0.25,1.75
00020297df--62979939343b1203f37935fd,-50.0,no,60.0,-50.0,150.0,player.average_dg_belief,-50.0,50.0,False,0.0,1.5
00020297df--6297995b75f2ea5422cfb718,-50.0,no,80.0,-50.0,150.0,player.proportion,80.0,9.079999999999998,True,0.25,1.75
00020297df--6297993ec2dd7967c03a07e7,-50.0,no,56.0,-50.0,150.0,player.average_dg_belief,-50.0,50.0,False,0.0,1.5
00020297df--6297995a1b437b49aa7b48d1,20.0,yes,75.0,10.0,80.0,player.proportion,75.0,4.079999999999998,True,0.25,1.05
00020297df--6297994bc2dd7967c03a0865,0.0,no,80.0,0.0,100.0,player.proportion,80.0,9.079999999999998,True,0.25,1.25
00020297df--6297992055a82f0add582ebb,20.0,yes,79.0,20.0,80.0,player.average_dg_belief,20.0,20.0,False,0.0,0.8
00020297df--62979965a743b42b6ad0811c,0.0,no,90.0,0.0,100.0,player.average_dg_belief,0.0,0.0,True,0.25,1.25
00020297df--6297990a27b7222acc7f324e,50.0,no,50.0,50.0,50.0,player.proportion,50.0,20.92,False,0.0,0.5
00020297df--62979976b8c3540865cec737,10.0,yes,70.0,-30.0,90.0,player.average_dg_belief,-30.0,30.0,False,0.0,0.9
00020297df--6297998172b8b44b5c91f7bf,50.0,yes,75.0,50.0,50.0,player.proportion,75.0,4.079999999999998,True,0.25,0.75
00020297df--62979967035b7842af5714ac,-30.0,no,90.0,-40.0,130.0,player.proportion,90.0,19.08,False,0.0,1.3
00020297df--6297998dc4f9241828caeedf,0.0,yes,70.0,0.0,100.0,player.proportion,70.0,0.9200000000000017,True,0.25,1.25
00020297df--6297997fe7caf416d32b8e9c,0.0,no,80.0,-50.0,100.0,player.proportion,80.0,9.079999999999998,True,0.25,1.25
00020297df--629799a4c2dd7967c03a0ccb,-50.0,yes,80.0,-30.0,150.0,player.proportion,80.0,9.079999999999998,True,0.25,1.75
00020297df--62979972a743b42b6ad081be,-50.0,no,90.0,-40.0,150.0,player.proportion,90.0,19.08,False,0.0,1.5
00020297df--6297999d55a82f0add583370,20.0,yes,90.0,0.0,80.0,player.average_dg_belief,0.0,0.0,True,0.25,1.05
00020297df--629798f59c973a4d0b805f43,-40.0,no,40.0,-40.0,140.0,player.proportion,40.0,30.92,False,0.0,1.4
00020297df--6297996855a6576a01d48e7d,0.0,no,80.0,0.0,100.0,player.proportion,80.0,9.079999999999998,True,0.25,1.25
00020297df--6297996cf6a7361ea2f79fbe,20.0,yes,81.0,20.0,80.0,player.proportion,81.0,10.079999999999998,True,0.25,1.05
00020297df--629799b5343b1203f3793dfb,0.0,no,10.0,0.0,100.0,player.proportion,10.0,60.92,False,0.0,1.0
00020297df--629799b2f97bee03d0164851,-50.0,yes,91.0,-50.0,150.0,player.proportion,91.0,20.08,False,0.0,1.5
00020297df--629799d331ed680113398fe6,50.0,yes,80.0,0.0,50.0,player.proportion,80.0,9.079999999999998,True,0.25,0.75
00020297df--629799bdf6a7361ea2f7a1bd,50.0,yes,50.0,-50.0,50.0,player.proportion,50.0,20.92,False,0.0,0.5
00020297df--629799e1ce71890706f482cc,-30.0,yes,80.0,-40.0,130.0,player.average_dg_belief,-40.0,40.0,False,0.0,1.3
00020297df--629799e91a1597570c3dd501,50.0,yes,100.0,50.0,50.0,player.proportion,100.0,29.08,False,0.0,0.5
00020297df--629799dcce71890706f48297,0.0,yes,65.0,-40.0,100.0,player.average_dg_belief,-40.0,40.0,False,0.0,1.0
00020297df--629799bc286bd91e83d9edaa,50.0,yes,85.0,10.0,50.0,player.proportion,85.0,14.079999999999998,False,0.0,0.5
00020297df--6297997f343b1203f3793aa8,-50.0,yes,99.0,-50.0,150.0,player.proportion,99.0,28.08,False,0.0,1.5
00020297df--629799ad1a1597570c3dcf2b,20.0,yes,95.0,30.0,80.0,player.proportion,95.0,24.08,False,0.0,0.8
00020297df--629799e4343b1203f37940ce,0.0,no,60.0,0.0,100.0,player.average_dg_belief,0.0,0.0,True,0.25,1.25
00020297df--62979a0372b8b44b5c91fad9,0.0,yes,60.0,0.0,100.0,player.average_dg_belief,0.0,0.0,True,0.25,1.25
00020297df--62979a1e72b8b44b5c91fb6c,0.0,yes,90.0,-30.0,100.0,player.proportion,90.0,19.08,False,0.0,1.0
00020297df--62979a278717592fea51d045,20.0,no,75.0,0.0,80.0,player.average_dg_belief,0.0,0.0,True,0.25,1.05
00020297df--62979a2556b7cb048e25a3af,50.0,yes,74.0,30.0,50.0,player.proportion,74.0,3.0799999999999983,True,0.25,0.75
00020297df--62979a234796d7421d166bea,20.0,no,80.0,-50.0,80.0,player.average_dg_belief,-50.0,50.0,False,0.0,0.8
00020297df--62979a0f31ed680113399349,-50.0,yes,80.0,-50.0,150.0,player.average_dg_belief,-50.0,50.0,False,0.0,1.5
00020297df--62979a3072b8b44b5c91fbce,30.0,no,70.0,-20.0,70.0,player.average_dg_belief,-20.0,20.0,False,0.0,0.7
00020297df--62979a4c1b437b49aa7b5dd0,-50.0,yes,80.0,-50.0,150.0,player.average_dg_belief,-50.0,50.0,False,0.0,1.5
00020297df--62979a45f6a7361ea2f7a573,-50.0,yes,100.0,-50.0,150.0,player.proportion,100.0,29.08,False,0.0,1.5
00020297df--62979a52592d6a258065bed3,0.0,no,40.0,-40.0,100.0,player.proportion,40.0,30.92,False,0.0,1.0
00020297df--629799f1631aea48129777a7,20.0,yes,95.0,-50.0,80.0,player.proportion,95.0,24.08,False,0.0,0.8
00020297df--629799af0bd50b27550996eb,20.0,yes,70.0,0.0,80.0,player.proportion,70.0,0.9200000000000017,True,0.25,1.05
00020297df--62979a53c5228a2201b52384,0.0,yes,75.0,0.0,100.0,player.proportion,75.0,4.079999999999998,True,0.25,1.25
00020297df--62979a3dba0e0c481ed34b63,0.0,no,75.0,0.0,100.0,player.average_dg_belief,0.0,0.0,True,0.25,1.25
00020297df--62979a631cd4a2502e02fe9d,-50.0,no,80.0,-50.0,150.0,player.average_dg_belief,-50.0,50.0,False,0.0,1.5
00020297df--62979a6d6789b1401e99dc07,-20.0,no,50.0,-30.0,120.0,player.average_dg_belief,-30.0,30.0,False,0.0,1.2
00020297df--62979a6b72b8b44b5c91fd98,0.0,no,70.0,-50.0,100.0,player.average_dg_belief,-50.0,50.0,False,0.0,1.0
00020297df--62979a82c2dd7967c03a16a0,0.0,yes,70.0,-50.0,100.0,player.average_dg_belief,-50.0,50.0,False,0.0,1.0
00020297df--62979a8e55a6576a01d49d9c,10.0,yes,85.0,0.0,90.0,player.average_dg_belief,0.0,0.0,True,0.25,1.15
00020297df--62979a809e3b850db6204693,-20.0,yes,85.0,-30.0,120.0,player.proportion,85.0,14.079999999999998,False,0.0,1.2
00020297df--62979a99318cc4235d18996b,0.0,yes,74.0,-50.0,100.0,player.proportion,74.0,3.0799999999999983,True,0.25,1.25
00020297df--62979abc75f2ea5422cfc77f,0.0,yes,62.0,-30.0,100.0,player.average_dg_belief,-30.0,30.0,False,0.0,1.0
00020297df--62979ab355a82f0add584313,0.0,no,30.0,30.0,100.0,player.average_dg_belief,30.0,30.0,False,0.0,1.0
00020297df--62979ab71b437b49aa7b6486,-10.0,no,70.0,-40.0,110.0,player.average_dg_belief,-40.0,40.0,False,0.0,1.1
00020297df--62979ab8f6a7361ea2f7a95f,-50.0,no,80.0,-50.0,150.0,player.average_dg_belief,-50.0,50.0,False,0.0,1.5
00020297df--62979b3d8717592fea51d52c,0.0,no,40.0,50.0,100.0,player.average_dg_belief,50.0,50.0,False,0.0,1.0
00020297df--62979b57035b7842af573a2c,-20.0,yes,70.0,-10.0,120.0,player.average_dg_belief,-10.0,10.0,True,0.25,1.45
00020297df--62979b551b437b49aa7b6e29,-50.0,no,50.0,-50.0,150.0,player.proportion,50.0,20.92,False,0.0,1.5
00020297df--62979b58ba0e0c481ed3586d,20.0,yes,60.0,20.0,80.0,player.average_dg_belief,20.0,20.0,False,0.0,0.8
00020297df--62979b48a743b42b6ad0998b,20.0,no,60.0,10.0,80.0,player.proportion,60.0,10.920000000000002,True,0.25,1.05
00020297df--629797f4592d6a2580659884,-50.0,no,75.0,-50.0,150.0,player.average_dg_belief,-50.0,50.0,False,0.0,1.5
00020297df--62979b188753764e91f670d6,-50.0,no,75.0,-50.0,150.0,player.average_dg_belief,-50.0,50.0,False,0.0,1.5
00020297df--62979b06318cc4235d189e6a,0.0,no,90.0,0.0,100.0,player.average_dg_belief,0.0,0.0,True,0.25,1.25
00020297df--62979b401a1597570c3deac0,-20.0,no,80.0,-20.0,120.0,player.proportion,80.0,9.079999999999998,True,0.25,1.45
00020297df--62979b790209472a2f1954a8,0.0,no,64.0,0.0,100.0,player.proportion,64.0,6.920000000000002,True,0.25,1.25
00020297df--62979b33343b1203f3795924,10.0,yes,70.0,0.0,90.0,player.proportion,70.0,0.9200000000000017,True,0.25,1.15
00020297df--62979b5b4796d7421d168557,20.0,no,30.0,20.0,80.0,player.proportion,30.0,40.92,False,0.0,0.8
00020297df--62979ba36789b1401e99ea17,50.0,no,80.0,-50.0,50.0,player.average_dg_belief,-50.0,50.0,False,0.0,0.5
00020297df--62979bb00db923340865572d,0.0,yes,65.0,0.0,100.0,player.average_dg_belief,0.0,0.0,True,0.25,1.25
00020297df--62979be01a1597570c3df262,50.0,yes,85.0,0.0,50.0,player.average_dg_belief,0.0,0.0,True,0.25,0.75
00020297df--629798fa75f2ea5422cfb295,0.0,no,80.0,0.0,100.0,player.proportion,80.0,9.079999999999998,True,0.25,1.25
00020297df--629799150209472a2f19238f,-50.0,no,70.0,-50.0,150.0,player.average_dg_belief,-50.0,50.0,False,0.0,1.5
00020297df--62979c0b56b7cb048e25bea3,-50.0,no,60.0,-50.0,150.0,player.proportion,60.0,10.920000000000002,True,0.25,1.75
00020297df--62979c24e7caf416d32baa3f,20.0,yes,60.0,20.0,80.0,player.proportion,60.0,10.920000000000002,True,0.25,1.05
00020297df--62979b87e796a155f0141754,20.0,no,90.0,0.0,80.0,player.average_dg_belief,0.0,0.0,True,0.25,1.05
00020297df--62979c550f0a604a6d5a9c84,-30.0,yes,70.0,-30.0,130.0,player.proportion,70.0,0.9200000000000017,True,0.25,1.55
00020297df--62979c5a318cc4235d18ab23,-40.0,no,90.0,-40.0,140.0,player.average_dg_belief,-40.0,40.0,False,0.0,1.4
00020297df--62979c46c4f9241828cb18be,-10.0,yes,80.0,0.0,110.0,player.proportion,80.0,9.079999999999998,True,0.25,1.35
00020297df--62979c6855a82f0add585ed7,0.0,yes,85.0,0.0,100.0,player.proportion,85.0,14.079999999999998,False,0.0,1.0
00020297df--62979c48c5228a2201b53e2e,0.0,yes,65.0,0.0,100.0,player.proportion,65.0,5.920000000000002,True,0.25,1.25
00020297df--62979c72c2dd7967c03a328f,40.0,yes,90.0,40.0,60.0,player.average_dg_belief,40.0,40.0,False,0.0,0.6
00020297df--62979c6d8d75da35c1803eb2,-40.0,no,50.0,0.0,140.0,player.proportion,50.0,20.92,False,0.0,1.4
00020297df--62979c86c5079d57c58137a3,20.0,no,70.0,10.0,80.0,player.average_dg_belief,10.0,10.0,True,0.25,1.05
00020297df--62979c80c4f9241828cb1b52,-50.0,yes,23.0,-50.0,150.0,player.proportion,23.0,47.92,False,0.0,1.5
00020297df--62979a780f0a604a6d5a7d84,20.0,no,45.0,30.0,80.0,player.proportion,45.0,25.92,False,0.0,0.8
00020297df--62979c981cd4a2502e03160a,50.0,yes,70.0,0.0,50.0,player.average_dg_belief,0.0,0.0,True,0.25,0.75
00020297df--62979c8272b8b44b5c920f87,0.0,no,82.0,40.0,100.0,player.proportion,82.0,11.079999999999998,False,0.0,1.0
00020297df--62979cc26789b1401e99f8b5,0.0,yes,50.0,0.0,100.0,player.average_dg_belief,0.0,0.0,True,0.25,1.25
00020297df--62979cf5e796a155f014358a,-50.0,no,70.0,-30.0,150.0,player.proportion,70.0,0.9200000000000017,True,0.25,1.75
00020297df--62979be675f2ea5422cfd976,0.0,no,75.0,-30.0,100.0,player.proportion,75.0,4.079999999999998,True,0.25,1.25
00020297df--62979cf73e70ba48f978b09a,20.0,yes,60.0,20.0,80.0,player.average_dg_belief,20.0,20.0,False,0.0,0.8
00020297df--62979d330808263f550f91fb,0.0,yes,70.0,50.0,100.0,player.average_dg_belief,50.0,50.0,False,0.0,1.0
00020297df--62979d3731ed68011339c183,30.0,yes,80.0,-50.0,70.0,player.proportion,80.0,9.079999999999998,True,0.25,0.95
00020297df--62979d34f97bee03d016772e,-50.0,yes,70.0,-50.0,150.0,player.average_dg_belief,-50.0,50.0,False,0.0,1.5
00020297df--62979d430f0a604a6d5aa8cd,-50.0,no,75.0,-40.0,150.0,player.average_dg_belief,-40.0,40.0,False,0.0,1.5
00020297df--62979d78a743b42b6ad0b287,-50.0,no,65.0,50.0,150.0,player.proportion,65.0,5.920000000000002,True,0.25,1.75
00020297df--62979d7f72b8b44b5c921d14,-50.0,no,70.0,50.0,150.0,player.average_dg_belief,50.0,50.0,False,0.0,1.5
00020297df--62979d8aab45cb7cbab7844e,-20.0,no,80.0,-20.0,120.0,player.average_dg_belief,-20.0,20.0,False,0.0,1.2
00020297df--62979d90343b1203f3798539,20.0,no,50.0,20.0,80.0,player.proportion,50.0,20.92,False,0.0,0.8
00020297df--62979da5ab45cb7cbab78550,-50.0,no,70.0,0.0,150.0,player.average_dg_belief,0.0,0.0,True,0.25,1.75
00020297df--62979dc5fc16bb14cdf40e0f,-50.0,no,75.0,30.0,150.0,player.average_dg_belief,30.0,30.0,False,0.0,1.5
00020297df--62979d9b8d75da35c18051de,20.0,no,20.0,0.0,80.0,player.average_dg_belief,0.0,0.0,True,0.25,1.05
00020297df--62979dc48383c96eb0ced3df,0.0,yes,90.0,0.0,100.0,player.proportion,90.0,19.08,False,0.0,1.0
00020297df--62979de088f65848589ceb7e,0.0,yes,75.0,0.0,100.0,player.proportion,75.0,4.079999999999998,True,0.25,1.25
00020297df--62979deab8c3540865cf22ad,30.0,yes,80.0,20.0,70.0,player.average_dg_belief,20.0,20.0,False,0.0,0.7
00020297df--62979df431ed68011339ca94,10.0,yes,70.0,-30.0,90.0,player.average_dg_belief,-30.0,30.0,False,0.0,0.9
00020297df--62979e0c631aea481297abfb,-50.0,no,80.0,-50.0,150.0,player.proportion,80.0,9.079999999999998,True,0.25,1.75
00020297df--62979e46f97bee03d016856e,10.0,yes,90.0,-40.0,90.0,player.average_dg_belief,-40.0,40.0,False,0.0,0.9
00020297df--62979e64b8c3540865cf2bd3,20.0,yes,75.0,10.0,80.0,player.average_dg_belief,10.0,10.0,True,0.25,1.05
00020297df--62979eb11a1597570c3e1631,-50.0,no,65.0,-50.0,150.0,player.average_dg_belief,-50.0,50.0,False,0.0,1.5
00020297df--62979ec7e7caf416d32bc9c6,0.0,yes,80.0,0.0,100.0,player.proportion,80.0,9.079999999999998,True,0.25,1.25
00020297df--62979ebefc16bb14cdf4188e,0.0,yes,60.0,0.0,100.0,player.proportion,60.0,10.920000000000002,True,0.25,1.25
00020297df--62979ecbc3e04913dbb28fec,20.0,yes,89.0,20.0,80.0,player.proportion,89.0,18.08,False,0.0,0.8
00020297df--62979e75343b1203f37995ce,0.0,no,75.0,0.0,100.0,player.average_dg_belief,0.0,0.0,True,0.25,1.25
00020297df--62979ec10db9233408656f64,0.0,no,70.0,0.0,100.0,player.proportion,70.0,0.9200000000000017,True,0.25,1.25
00020297df--62979f26286bd91e83da3d62,0.0,yes,80.0,0.0,100.0,player.average_dg_belief,0.0,0.0,True,0.25,1.25
00020297df--62979f4b095c8b3014b285ae,0.0,yes,45.0,0.0,100.0,player.proportion,45.0,25.92,False,0.0,1.0
00020297df--62979f2b55a82f0add588152,0.0,no,60.0,0.0,100.0,player.average_dg_belief,0.0,0.0,True,0.25,1.25
00020297df--62979f6256b7cb048e25e799,-50.0,yes,70.0,-50.0,150.0,player.average_dg_belief,-50.0,50.0,False,0.0,1.5
00020297df--62979f49ab45cb7cbab7989e,0.0,yes,65.0,-30.0,100.0,player.proportion,65.0,5.920000000000002,True,0.25,1.25
00020297df--62979f1285c5c060cecb3d6e,0.0,,80.0,0.0,100.0,player.average_dg_belief,0.0,0.0,True,0.25,1.25
00020297df--62979f7831ed68011339ddbd,-50.0,no,50.0,-50.0,150.0,player.average_dg_belief,-50.0,50.0,False,0.0,1.5
00020297df--62979f81631aea481297bde9,0.0,no,77.0,-50.0,100.0,player.average_dg_belief,-50.0,50.0,False,0.0,1.0
00020297df--62979f9fc3e04913dbb29de5,0.0,no,75.0,0.0,100.0,player.average_dg_belief,0.0,0.0,True,0.25,1.25
00020297df--62979facc3e04913dbb29e94,-50.0,no,80.0,50.0,150.0,player.average_dg_belief,50.0,50.0,False,0.0,1.5
00020297df--62979f9b0bd50b275509dc39,0.0,yes,99.0,-10.0,100.0,player.average_dg_belief,-10.0,10.0,True,0.25,1.25
00020297df--62979fc985c5c060cecb48d4,0.0,yes,90.0,0.0,100.0,player.proportion,90.0,19.08,False,0.0,1.0
00020297df--6297a00ce14f7b062a22449e,0.0,no,70.0,-50.0,100.0,player.average_dg_belief,-50.0,50.0,False,0.0,1.0
00020297df--6297a012f97bee03d0169a79,0.0,yes,90.0,0.0,100.0,player.proportion,90.0,19.08,False,0.0,1.0
00020297df--62979f9ece71890706f4c7d1,0.0,yes,80.0,0.0,100.0,player.average_dg_belief,0.0,0.0,True,0.25,1.25
00020297df--62979ff68383c96eb0cee9bc,10.0,,80.0,0.0,90.0,player.proportion,80.0,9.079999999999998,True,0.25,1.15
00020297df--6297a029379f925fdf5b2f61,20.0,no,80.0,20.0,80.0,player.average_dg_belief,20.0,20.0,False,0.0,0.8
00020297df--6297a05c9e3b850db62099f5,20.0,yes,40.0,-50.0,80.0,player.proportion,40.0,30.92,False,0.0,0.8
00020297df--6297a07455a6576a01d4e7b7,20.0,yes,50.0,20.0,80.0,player.proportion,50.0,20.92,False,0.0,0.8
00020297df--6297a0de88f65848589d243f,0.0,no,85.0,0.0,100.0,player.proportion,85.0,14.079999999999998,False,0.0,1.0
00020297df--6297a100318cc4235d18dcfe,-50.0,no,99.0,-50.0,150.0,player.average_dg_belief,-50.0,50.0,False,0.0,1.5
00020297df--6297a11931ed68011339f4eb,20.0,,80.0,20.0,80.0,player.average_dg_belief,20.0,20.0,False,0.0,0.8
00020297df--6297a14a343b1203f379d155,50.0,yes,75.0,40.0,50.0,player.average_dg_belief,40.0,40.0,False,0.0,0.5
00020297df--6297a15e55a6576a01d4f303,0.0,,90.0,50.0,100.0,player.average_dg_belief,50.0,50.0,False,0.0,1.0
00020297df--6297a160ab45cb7cbab7b53a,0.0,,80.0,0.0,100.0,player.proportion,80.0,9.079999999999998,True,0.25,1.25
00020297df--6297a152ab45cb7cbab7b450,0.0,,70.0,0.0,100.0,player.average_dg_belief,0.0,0.0,True,0.25,1.25
00020297df--6297a166286bd91e83da5dad,0.0,,70.0,0.0,100.0,player.average_dg_belief,0.0,0.0,True,0.25,1.25
00020297df--6297a19c75f2ea5422d0283d,0.0,no,50.0,-20.0,100.0,player.average_dg_belief,-20.0,20.0,False,0.0,1.0
00020297df--6297a1931b437b49aa7bc199,0.0,,75.0,0.0,100.0,player.average_dg_belief,0.0,0.0,True,0.25,1.25
00020297df--6297a1b3095c8b3014b2a623,0.0,,78.0,0.0,100.0,player.average_dg_belief,0.0,0.0,True,0.25,1.25
00020297df--6297a1c7343b1203f379db75,0.0,,20.0,0.0,100.0,player.average_dg_belief,0.0,0.0,True,0.25,1.25
00020297df--6297a1dd0209472a2f19a0a1,-50.0,,62.0,-40.0,150.0,player.average_dg_belief,-40.0,40.0,False,0.0,1.5
00020297df--6297a1ed379f925fdf5b38cc,0.0,,50.0,0.0,100.0,player.average_dg_belief,0.0,0.0,True,0.25,1.25
00020297df--6297a211318cc4235d18e966,-50.0,,72.0,-50.0,150.0,player.average_dg_belief,-50.0,50.0,False,0.0,1.5
00020297df--6297a21e6789b1401e9a3c22,0.0,,85.0,0.0,100.0,player.proportion,85.0,14.079999999999998,False,0.0,1.0
00020297df--6297a2430808263f550ff464,20.0,,80.0,30.0,80.0,player.average_dg_belief,30.0,30.0,False,0.0,0.8
00020297df--6297a2471cd4a2502e03516d,-50.0,,80.0,-50.0,150.0,player.average_dg_belief,-50.0,50.0,False,0.0,1.5
00020297df--6297a24a8753764e91f6d0e4,20.0,,50.0,10.0,80.0,player.average_dg_belief,10.0,10.0,True,0.25,1.05
00020297df--6297a274c5228a2201b58bea,-50.0,,80.0,-50.0,150.0,player.average_dg_belief,-50.0,50.0,False,0.0,1.5
00020297df--6297a2648d75da35c180a82d,10.0,,70.0,20.0,90.0,player.average_dg_belief,20.0,20.0,False,0.0,0.9
00020297df--6297a2b10db9233408658f72,0.0,,80.0,0.0,100.0,player.proportion,80.0,9.079999999999998,True,0.25,1.25
00020297df--6297a2acfc16bb14cdf44bb6,20.0,,70.0,-10.0,80.0,player.average_dg_belief,-10.0,10.0,True,0.25,1.05
00020297df--6297a2da343b1203f379f17e,0.0,,80.0,-10.0,100.0,player.average_dg_belief,-10.0,10.0,True,0.25,1.25
00020297df--6297a2eb55a6576a01d508fd,0.0,,85.0,-20.0,100.0,player.proportion,85.0,14.079999999999998,False,0.0,1.0
00020297df--6297a2edb8c3540865cf7ed0,0.0,,50.0,-50.0,100.0,player.average_dg_belief,-50.0,50.0,False,0.0,1.0
00020297df--6297a2f9035b7842af57ca59,0.0,,80.0,0.0,100.0,player.proportion,80.0,9.079999999999998,True,0.25,1.25
00020297df--6297a345592d6a2580666436,-30.0,,60.0,-40.0,130.0,player.proportion,60.0,10.920000000000002,True,0.25,1.55
00020297df--6297a33a56b7cb048e262649,0.0,,80.0,50.0,100.0,player.proportion,80.0,9.079999999999998,True,0.25,1.25
00020297df--6297a33e5bb53b198cc4d2e0,0.0,,80.0,0.0,100.0,player.proportion,80.0,9.079999999999998,True,0.25,1.25
00020297df--6297a3c99e3b850db620c93a,0.0,,80.0,0.0,100.0,player.proportion,80.0,9.079999999999998,True,0.25,1.25
00020297df--6297a06d0f0a604a6d5ad164,0.0,,95.0,50.0,100.0,player.proportion,95.0,24.08,False,0.0,1.0
00020297df--6297a4240db9233408659bb3,-40.0,,70.0,-50.0,140.0,player.average_dg_belief,-50.0,50.0,False,0.0,1.4
00020297df--6297a4406789b1401e9a57a8,-50.0,,35.0,-40.0,150.0,player.average_dg_belief,-40.0,40.0,False,0.0,1.5
00020297df--6297a425095c8b3014b2c67c,0.0,,95.0,0.0,100.0,player.proportion,95.0,24.08,False,0.0,1.0
00020297df--6297a45155a6576a01d51a80,0.0,,65.0,0.0,100.0,player.proportion,65.0,5.920000000000002,True,0.25,1.25
00020297df--6297a4dae796a155f014cf15,-50.0,,72.0,0.0,150.0,player.average_dg_belief,0.0,0.0,True,0.25,1.75
00020297df--6297a4e86789b1401e9a5f1d,0.0,,80.0,0.0,100.0,player.average_dg_belief,0.0,0.0,True,0.25,1.25
00020297df--6297a52e5bb53b198cc4e94a,0.0,,75.0,-30.0,100.0,player.average_dg_belief,-30.0,30.0,False,0.0,1.0
00020297df--6297a4f5318cc4235d1908a6,30.0,,85.0,20.0,70.0,player.average_dg_belief,20.0,20.0,False,0.0,0.7
00020297df--6297a52485c5c060cecbb70d,-50.0,,80.0,-50.0,150.0,player.average_dg_belief,-50.0,50.0,False,0.0,1.5
00020297df--6297a523e796a155f014d457,0.0,,50.0,0.0,100.0,player.average_dg_belief,0.0,0.0,True,0.25,1.25
00020297df--6297a57b6789b1401e9a65dd,0.0,,90.0,0.0,100.0,player.proportion,90.0,19.08,False,0.0,1.0
00020297df--6297a57c1b437b49aa7bf59e,0.0,,78.0,0.0,100.0,player.proportion,78.0,7.079999999999998,True,0.25,1.25
00020297df--6297a569c5079d57c58197fc,50.0,,70.0,50.0,50.0,player.proportion,70.0,0.9200000000000017,True,0.25,0.75
00020297df--6297a5bc343b1203f37a28ec,0.0,,5.0,50.0,100.0,player.average_dg_belief,50.0,50.0,False,0.0,1.0
00020297df--6297a5fa4796d7421d175349,20.0,,85.0,20.0,80.0,player.proportion,85.0,14.079999999999998,False,0.0,0.8
00020297df--6297a62d0808263f55103cb6,0.0,,72.0,0.0,100.0,player.proportion,72.0,1.0799999999999983,True,0.25,1.25
00020297df--6297a66275f2ea5422d062ba,-50.0,,70.0,-50.0,150.0,player.average_dg_belief,-50.0,50.0,False,0.0,1.5
00020297df--6297a655ab45cb7cbab7f3c0,20.0,,75.0,-50.0,80.0,player.average_dg_belief,-50.0,50.0,False,0.0,0.8
00020297df--6297a639095c8b3014b2e27b,0.0,,80.0,-10.0,100.0,player.average_dg_belief,-10.0,10.0,True,0.25,1.25
00020297df--6297a6a18d75da35c180f1dc,0.0,,80.0,0.0,100.0,player.proportion,80.0,9.079999999999998,True,0.25,1.25
00020297df--6297a6ac56b7cb048e265627,-20.0,,70.0,-30.0,120.0,player.proportion,70.0,0.9200000000000017,True,0.25,1.45
00020297df--6297a72f0209472a2f19e136,-40.0,,80.0,-40.0,140.0,player.average_dg_belief,-40.0,40.0,False,0.0,1.4
00020297df--6297a72488f65848589d8349,-50.0,,70.0,-50.0,150.0,player.proportion,70.0,0.9200000000000017,True,0.25,1.75
00020297df--6297a7854796d7421d176bf3,-50.0,,75.0,0.0,150.0,player.average_dg_belief,0.0,0.0,True,0.25,1.75
00020297df--6297a85d85c5c060cecbefac,-50.0,,70.0,-20.0,150.0,player.average_dg_belief,-20.0,20.0,False,0.0,1.5
00020297df--6297a86fc5228a2201b5dd43,0.0,,65.0,10.0,100.0,player.average_dg_belief,10.0,10.0,True,0.25,1.25
00020297df--6297a8a4e14f7b062a229719,50.0,,80.0,50.0,50.0,player.average_dg_belief,50.0,50.0,False,0.0,0.5
00020297df--6297a8f80808263f55106de5,50.0,,90.0,0.0,50.0,player.proportion,90.0,19.08,False,0.0,0.5
00020297df--6297a9020808263f55106e93,0.0,,90.0,0.0,100.0,player.proportion,90.0,19.08,False,0.0,1.0
00020297df--6297aa4c27b7222acc8019ef,0.0,,90.0,0.0,100.0,player.proportion,90.0,19.08,False,0.0,1.0
00020297df--6297aa491b437b49aa7c31f0,-50.0,,35.0,-50.0,150.0,player.proportion,35.0,35.92,False,0.0,1.5
00020297df--6297aa80095c8b3014b31391,-50.0,,70.0,-50.0,150.0,player.proportion,70.0,0.9200000000000017,True,0.25,1.75
00020297df--6297aa98c3e04913dbb33f49,0.0,,70.0,50.0,100.0,player.average_dg_belief,50.0,50.0,False,0.0,1.0
00020297df--6297aad68717592fea520a30,20.0,,60.0,20.0,80.0,player.proportion,60.0,10.920000000000002,True,0.25,1.05
00020297df--6297ab258d75da35c1814253,0.0,,62.0,20.0,100.0,player.proportion,62.0,8.920000000000002,True,0.25,1.25
00020297df--6297acee1a1597570c3ebede,30.0,,45.0,30.0,70.0,player.proportion,45.0,25.92,False,0.0,0.7
00020297df--6297ad7a6789b1401e9ac02e,0.0,,75.0,0.0,100.0,player.average_dg_belief,0.0,0.0,True,0.25,1.25
00020297df--6297adaff97bee03d0174835,0.0,,70.0,0.0,100.0,player.average_dg_belief,0.0,0.0,True,0.25,1.25
00020297df--6297add06789b1401e9ac301,-50.0,,80.0,-50.0,150.0,player.average_dg_belief,-50.0,50.0,False,0.0,1.5
00020297df--6297aae49c973a4d0b811e0c,50.0,,80.0,50.0,50.0,player.proportion,80.0,9.079999999999998,True,0.25,0.75
00020297df--6297ade2b8c3540865d03f58,0.0,,70.0,0.0,100.0,player.average_dg_belief,0.0,0.0,True,0.25,1.25
00020297df--6297adeb343b1203f37abd7b,0.0,,90.0,0.0,100.0,player.average_dg_belief,0.0,0.0,True,0.25,1.25
00020297df--6297ae24ce71890706f57398,0.0,,95.0,0.0,100.0,player.proportion,95.0,24.08,False,0.0,1.0
00020297df--6297ae090f0a604a6d5b7aff,0.0,,90.0,0.0,100.0,player.average_dg_belief,0.0,0.0,True,0.25,1.25
00020297df--6297ae3b631aea481298570a,20.0,,80.0,-50.0,80.0,player.average_dg_belief,-50.0,50.0,False,0.0,0.8
00020297df--6297af0772b8b44b5c931e37,-50.0,,70.0,-50.0,150.0,player.average_dg_belief,-50.0,50.0,False,0.0,1.5
00020297df--6297aed5ce71890706f57afd,0.0,,50.0,0.0,100.0,player.average_dg_belief,0.0,0.0,True,0.25,1.25
00020297df--6297af8285c5c060cecc5c3c,0.0,,60.0,50.0,100.0,player.proportion,60.0,10.920000000000002,True,0.25,1.25
00020297df--6297af70ab45cb7cbab852f4,-50.0,,80.0,-50.0,150.0,player.proportion,80.0,9.079999999999998,True,0.25,1.75
00020297df--6297afa64796d7421d17fe09,0.0,,90.0,0.0,100.0,player.average_dg_belief,0.0,0.0,True,0.25,1.25
00020297df--6297affea743b42b6ad19d3a,20.0,,75.0,0.0,80.0,player.proportion,75.0,4.079999999999998,True,0.25,1.05
00020297df--6297afde035b7842af588a9b,-50.0,,26.0,-40.0,150.0,player.average_dg_belief,-40.0,40.0,False,0.0,1.5
00020297df--6297b1859e3b850db621672b,0.0,,51.0,0.0,100.0,player.proportion,51.0,19.92,False,0.0,1.0
00020297df--6297b1aac5079d57c5821dd2,-30.0,,90.0,-20.0,130.0,player.average_dg_belief,-20.0,20.0,False,0.0,1.3
00020297df--6297b1b5318cc4235d198fb6,0.0,,70.0,0.0,100.0,player.proportion,70.0,0.9200000000000017,True,0.25,1.25
00020297df--6297b1acce71890706f594e5,-20.0,,70.0,-50.0,120.0,player.average_dg_belief,-50.0,50.0,False,0.0,1.2
00020297df--6297b1dcfc16bb14cdf4fe0b,-50.0,,80.0,0.0,150.0,player.proportion,80.0,9.079999999999998,True,0.25,1.75
00020297df--6297ace855a6576a01d57be6,0.0,,40.0,30.0,100.0,player.average_dg_belief,30.0,30.0,False,0.0,1.0
00020297df--62979aa427b7222acc7f470f,0.0,,80.0,0.0,100.0,player.proportion,80.0,9.079999999999998,True,0.25,1.25
00020297df--6297b2b01b437b49aa7cb9a3,-50.0,,70.0,20.0,150.0,player.proportion,70.0,0.9200000000000017,True,0.25,1.75
00020297df--6297b2f772b8b44b5c934a70,0.0,,95.0,0.0,100.0,player.proportion,95.0,24.08,False,0.0,1.0
00020297df--6297b2f356b7cb048e26e339,50.0,,75.0,50.0,50.0,player.average_dg_belief,50.0,50.0,False,0.0,0.5
00020297df--6297b37431ed6801133ac985,20.0,,50.0,0.0,80.0,player.average_dg_belief,0.0,0.0,True,0.25,1.05
00020297df--6297b384c4f9241828cc6310,0.0,,75.0,0.0,100.0,player.proportion,75.0,4.079999999999998,True,0.25,1.25
00020297df--6297b33e4796d7421d18342d,-10.0,,90.0,10.0,110.0,player.proportion,90.0,19.08,False,0.0,1.1
00020297df--6297b45e0209472a2f1a7351,0.0,,30.0,40.0,100.0,player.proportion,30.0,40.92,False,0.0,1.0
00020297df--6297b5450209472a2f1a7c4a,50.0,,75.0,50.0,50.0,player.average_dg_belief,50.0,50.0,False,0.0,0.5
00020297df--6297b5db88f65848589e5325,0.0,,50.0,0.0,100.0,player.average_dg_belief,0.0,0.0,True,0.25,1.25
00020297df--6297b63ba743b42b6ad1ddc6,20.0,,90.0,0.0,80.0,player.proportion,90.0,19.08,False,0.0,0.8
00020297df--6297b7590808263f55116727,20.0,,69.0,0.0,80.0,player.proportion,69.0,1.9200000000000017,True,0.25,1.05
00020297df--6297b7f455a82f0add599cec,-30.0,,65.0,-30.0,130.0,player.proportion,65.0,5.920000000000002,True,0.25,1.55
00020297df--6297b8020bd50b27550af4cc,0.0,,5.0,-30.0,100.0,player.proportion,5.0,65.92,False,0.0,1.0
00020297df--6297b81e55a6576a01d5f5a4,-50.0,,70.0,-50.0,150.0,player.proportion,70.0,0.9200000000000017,True,0.25,1.75
00020297df--6297b8220808263f551172dd,-20.0,,70.0,0.0,120.0,player.average_dg_belief,0.0,0.0,True,0.25,1.45
00020297df--6297b818e7caf416d32ce6c7,0.0,,75.0,-20.0,100.0,player.proportion,75.0,4.079999999999998,True,0.25,1.25
00020297df--6297b83bce71890706f5d90f,-50.0,,5.0,-50.0,150.0,player.proportion,5.0,65.92,False,0.0,1.5
00020297df--6297b8ad318cc4235d19d66a,-50.0,,80.0,-50.0,150.0,player.average_dg_belief,-50.0,50.0,False,0.0,1.5
00020297df--6297b8a99e3b850db621af18,0.0,,60.0,0.0,100.0,player.average_dg_belief,0.0,0.0,True,0.25,1.25
00020297df--6297b8d91b437b49aa7cfe53,0.0,,65.0,0.0,100.0,player.proportion,65.0,5.920000000000002,True,0.25,1.25
00020297df--6297b912e796a155f0163ac3,0.0,,90.0,0.0,100.0,player.average_dg_belief,0.0,0.0,True,0.25,1.25
00020297df--6297b9186789b1401e9b40df,0.0,,75.0,50.0,100.0,player.average_dg_belief,50.0,50.0,False,0.0,1.0
00020297df--6297b9c9fc16bb14cdf54e93,0.0,,80.0,-50.0,100.0,player.proportion,80.0,9.079999999999998,True,0.25,1.25
00020297df--6297b9e4318cc4235d19e0fe,-50.0,,70.0,-50.0,150.0,player.average_dg_belief,-50.0,50.0,False,0.0,1.5
00020297df--6297ba520808263f55119515,20.0,,35.0,20.0,80.0,player.average_dg_belief,20.0,20.0,False,0.0,0.8
00020297df--6297b88a592d6a2580677a31,-50.0,,75.0,-50.0,150.0,player.average_dg_belief,-50.0,50.0,False,0.0,1.5
00020297df--6297bab51b437b49aa7d132c,20.0,,80.0,20.0,80.0,player.proportion,80.0,9.079999999999998,True,0.25,1.05
00020297df--6297bade1b437b49aa7d1468,0.0,,90.0,50.0,100.0,player.average_dg_belief,50.0,50.0,False,0.0,1.0
00020297df--6297bbf79e3b850db621cf69,10.0,,50.0,0.0,90.0,player.average_dg_belief,0.0,0.0,True,0.25,1.15
00020297df--6297bd80b8c3540865d13c4d,0.0,,80.0,-20.0,100.0,player.average_dg_belief,-20.0,20.0,False,0.0,1.0
00020297df--6297bdbe343b1203f37bb83a,20.0,,60.0,20.0,80.0,player.proportion,60.0,10.920000000000002,True,0.25,1.05
00020297df--6297be03095c8b3014b3e946,-50.0,,99.0,-50.0,150.0,player.average_dg_belief,-50.0,50.0,False,0.0,1.5
00020297df--6297be92b8c3540865d14da2,-20.0,,90.0,-20.0,120.0,player.proportion,90.0,19.08,False,0.0,1.2
00020297df--6297bf5aab45cb7cbab8f795,20.0,,95.0,0.0,80.0,player.proportion,95.0,24.08,False,0.0,0.8
00020297df--6297bf39095c8b3014b3fb25,0.0,,90.0,-30.0,100.0,player.average_dg_belief,-30.0,30.0,False,0.0,1.0
00020297df--6297c14dba0e0c481ed514c6,-50.0,,70.0,-50.0,150.0,player.average_dg_belief,-50.0,50.0,False,0.0,1.5
00020297df--6297c17ac5079d57c582b598,10.0,,90.0,-30.0,90.0,player.proportion,90.0,19.08,False,0.0,0.9
00020297df--6297c2310808263f55121fc9,-50.0,,90.0,-50.0,150.0,player.average_dg_belief,-50.0,50.0,False,0.0,1.5
00020297df--6297c2cce796a155f016cb34,-40.0,,85.0,-50.0,140.0,player.average_dg_belief,-50.0,50.0,False,0.0,1.4
00020297df--6297c36e9c973a4d0b81f02a,-50.0,,80.0,-50.0,150.0,player.average_dg_belief,-50.0,50.0,False,0.0,1.5
00020297df--6297c5915bb53b198cc60d21,0.0,,95.0,0.0,100.0,player.average_dg_belief,0.0,0.0,True,0.25,1.25
00020297df--6297c5ffc4f9241828cd7752,-20.0,,70.0,-20.0,120.0,player.average_dg_belief,-20.0,20.0,False,0.0,1.2
00020297df--6297c623c5228a2201b76516,-50.0,,70.0,-50.0,150.0,player.average_dg_belief,-50.0,50.0,False,0.0,1.5
00020297df--6297c670c4f9241828cd7c63,10.0,,50.0,-30.0,90.0,player.proportion,50.0,20.92,False,0.0,0.9
00020297df--6297c683c2dd7967c03be6c4,10.0,,60.0,0.0,90.0,player.average_dg_belief,0.0,0.0,True,0.25,1.15
00020297df--6297c67de7caf416d32d7334,30.0,,65.0,0.0,70.0,player.average_dg_belief,0.0,0.0,True,0.25,0.95
00020297df--6297c87e1cd4a2502e047636,-50.0,,70.0,-50.0,150.0,player.average_dg_belief,-50.0,50.0,False,0.0,1.5
00020297df--6297cc74095c8b3014b4a533,0.0,,85.0,0.0,100.0,player.average_dg_belief,0.0,0.0,True,0.25,1.25
00020297df--6297ccafc5228a2201b7b42f,0.0,,80.0,-50.0,100.0,player.proportion,80.0,9.079999999999998,True,0.25,1.25
00020297df--6297d0300209472a2f1b6bd1,-50.0,,90.0,-50.0,150.0,player.proportion,90.0,19.08,False,0.0,1.5
00020297df--6297d10c0f0a604a6d5cce5e,-50.0,,89.0,-40.0,150.0,player.proportion,89.0,18.08,False,0.0,1.5
00020297df--6297d5696789b1401e9c527c,-50.0,,50.0,-50.0,150.0,player.proportion,50.0,20.92,False,0.0,1.5
00020297df--6297d82e318cc4235d1ae3d4,-30.0,,50.0,-50.0,130.0,player.average_dg_belief,-50.0,50.0,False,0.0,1.3
00020297df--6297d992e796a155f017e443,0.0,,90.0,0.0,100.0,player.proportion,90.0,19.08,False,0.0,1.0
00020297df--6297d9d1c3e04913dbb4fdbd,0.0,,96.0,0.0,100.0,player.proportion,96.0,25.08,False,0.0,1.0
00020297df--6297db1ae796a155f017f182,-20.0,,80.0,-50.0,120.0,player.average_dg_belief,-50.0,50.0,False,0.0,1.2
00020297df--6297db6a0209472a2f1bcaed,0.0,,50.0,0.0,100.0,player.proportion,50.0,20.92,False,0.0,1.0
00020297df--6297e1acce71890706f72e44,0.0,,45.0,0.0,100.0,player.proportion,45.0,25.92,False,0.0,1.0
00020297df--6297e58bc3e04913dbb56730,-50.0,,90.0,-50.0,150.0,player.proportion,90.0,19.08,False,0.0,1.5
00020297df--6297ea3956b7cb048e286b5d,-20.0,,75.0,-10.0,120.0,player.proportion,75.0,4.079999999999998,True,0.25,1.45
00020297df--6297efaec4f9241828cf2ab3,-50.0,,100.0,-50.0,150.0,player.average_dg_belief,-50.0,50.0,False,0.0,1.5
00020297df--6297f0e80209472a2f1c499d,50.0,,75.0,0.0,50.0,player.average_dg_belief,0.0,0.0,True,0.25,0.75
00020297df--6297f3e3c4f9241828cf3ee6,0.0,,90.0,-50.0,100.0,player.average_dg_belief,-50.0,50.0,False,0.0,1.0
00020297df--6297f7ba8753764e91f9e19a,-50.0,,75.0,-50.0,150.0,player.proportion,75.0,4.079999999999998,True,0.25,1.75
00020297df--6297f7f7631aea48129a4127,-50.0,,80.0,-50.0,150.0,player.proportion,80.0,9.079999999999998,True,0.25,1.75
00020297df--6297f64be796a155f018ae2a,-20.0,,60.0,0.0,120.0,player.proportion,60.0,10.920000000000002,True,0.25,1.45
00020297df--6297f98f9c973a4d0b833e49,0.0,,40.0,0.0,100.0,player.proportion,40.0,30.92,False,0.0,1.0
00020297df--6297fb119c973a4d0b834309,0.0,,60.0,50.0,100.0,player.proportion,60.0,10.920000000000002,True,0.25,1.25
00020297df--6297fc8be14f7b062a248237,0.0,,85.0,0.0,100.0,player.proportion,85.0,14.079999999999998,False,0.0,1.0
00020297df--6297fd928d75da35c18496a8,0.0,,90.0,0.0,100.0,player.proportion,90.0,19.08,False,0.0,1.0
00020297df--6297ff69e14f7b062a248b97,50.0,,70.0,20.0,50.0,player.average_dg_belief,20.0,20.0,False,0.0,0.5
00020297df--629800351a1597570c4144ee,0.0,,65.0,0.0,100.0,player.average_dg_belief,0.0,0.0,True,0.25,1.25
00020297df--629800709e3b850db6239a76,0.0,,80.0,0.0,100.0,player.proportion,80.0,9.079999999999998,True,0.25,1.25
00020297df--629802f6a743b42b6ad451a7,-50.0,,80.0,30.0,150.0,player.proportion,80.0,9.079999999999998,True,0.25,1.75
00020297df--6298054056b7cb048e28d4a6,-50.0,,75.0,20.0,150.0,player.average_dg_belief,20.0,20.0,False,0.0,1.5
00020297df--629805de0808263f5514fc0e,-10.0,,70.0,50.0,110.0,player.proportion,70.0,0.9200000000000017,True,0.25,1.35
00020297df--6298062a6789b1401e9d4ebf,0.0,,75.0,0.0,100.0,player.proportion,75.0,4.079999999999998,True,0.25,1.25
00020297df--6298078c4796d7421d1b8f59,0.0,,80.0,-50.0,100.0,player.average_dg_belief,-50.0,50.0,False,0.0,1.0
00020297df--629809c0379f925fdf5cdc41,0.0,,50.0,0.0,100.0,player.proportion,50.0,20.92,False,0.0,1.0
00020297df--629809c81b437b49aa7f80b5,0.0,,90.0,0.0,100.0,player.proportion,90.0,19.08,False,0.0,1.0
00020297df--62980a488d75da35c184d4d7,-50.0,,80.0,-50.0,150.0,player.average_dg_belief,-50.0,50.0,False,0.0,1.5
00020297df--62980bdc75f2ea5422d3aa63,30.0,,70.0,0.0,70.0,player.average_dg_belief,0.0,0.0,True,0.25,0.95
00020297df--62980c0eab45cb7cbabaa6ee,0.0,,75.0,0.0,100.0,player.average_dg_belief,0.0,0.0,True,0.25,1.25
00020297df--62980c3da743b42b6ad47b9e,0.0,,50.0,-30.0,100.0,player.proportion,50.0,20.92,False,0.0,1.0
00020297df--62980c2d4796d7421d1bbd9a,-10.0,,60.0,-20.0,110.0,player.proportion,60.0,10.920000000000002,True,0.25,1.35
00020297df--62980c99379f925fdf5ce398,30.0,,60.0,0.0,70.0,player.average_dg_belief,0.0,0.0,True,0.25,0.95
00020297df--62980de80808263f55152914,20.0,,85.0,0.0,80.0,player.average_dg_belief,0.0,0.0,True,0.25,1.05
00020297df--62980e5575f2ea5422d3b7a3,50.0,,5.0,30.0,50.0,player.proportion,5.0,65.92,False,0.0,0.5
00020297df--62980e885bb53b198cc79dd3,20.0,,12.0,30.0,80.0,player.average_dg_belief,30.0,30.0,False,0.0,0.8
00020297df--62980ee0f97bee03d01a4595,0.0,,70.0,0.0,100.0,player.average_dg_belief,0.0,0.0,True,0.25,1.25
00020297df--629812280f0a604a6d5e0584,-50.0,,15.0,-50.0,150.0,player.average_dg_belief,-50.0,50.0,False,0.0,1.5
00020297df--629812ab5bb53b198cc7ab7e,-30.0,,85.0,-20.0,130.0,player.average_dg_belief,-20.0,20.0,False,0.0,1.3
00020297df--629813c956b7cb048e290f2f,0.0,,85.0,0.0,100.0,player.proportion,85.0,14.079999999999998,False,0.0,1.0
00020297df--629814d255a6576a01d7f313,0.0,,95.0,-50.0,100.0,player.average_dg_belief,-50.0,50.0,False,0.0,1.0
00020297df--6298157203e4b956574fd210,50.0,,75.0,50.0,50.0,player.proportion,75.0,4.079999999999998,True,0.25,0.75
00020297df--6298177ff97bee03d01a792e,-50.0,,80.0,-50.0,150.0,player.proportion,80.0,9.079999999999998,True,0.25,1.75
00020297df--6298183bc5079d57c58472e6,0.0,,70.0,0.0,100.0,player.proportion,70.0,0.9200000000000017,True,0.25,1.25
00020297df--629818768d75da35c185255b,-50.0,,70.0,-20.0,150.0,player.average_dg_belief,-20.0,20.0,False,0.0,1.5
00020297df--62981c2472b8b44b5c960d7c,0.0,,75.0,-10.0,100.0,player.proportion,75.0,4.079999999999998,True,0.25,1.25
00020297df--62981caec2dd7967c03d70b2,0.0,,75.0,-10.0,100.0,player.average_dg_belief,-10.0,10.0,True,0.25,1.25
00020297df--62981d21f97bee03d01aa09c,0.0,,45.0,0.0,100.0,player.average_dg_belief,0.0,0.0,True,0.25,1.25
00020297df--62981e428d75da35c1854c12,0.0,,70.0,0.0,100.0,player.average_dg_belief,0.0,0.0,True,0.25,1.25
00020297df--62982095a743b42b6ad4e554,-30.0,,71.0,-10.0,130.0,player.proportion,71.0,0.0799999999999983,True,0.25,1.55
00020297df--629821b5b8c3540865d4a3e8,0.0,,75.0,0.0,100.0,player.proportion,75.0,4.079999999999998,True,0.25,1.25
00020297df--629821de0808263f5515e3b8,0.0,,65.0,-50.0,100.0,player.proportion,65.0,5.920000000000002,True,0.25,1.25
00020297df--6298227c8753764e91fad016,-50.0,,80.0,50.0,150.0,player.proportion,80.0,9.079999999999998,True,0.25,1.75
00020297df--629823191cd4a2502e060901,-50.0,,35.0,-40.0,150.0,player.proportion,35.0,35.92,False,0.0,1.5
00020297df--6298275ac2dd7967c03da85d,-50.0,,70.0,-50.0,150.0,player.average_dg_belief,-50.0,50.0,False,0.0,1.5
00020297df--629824bb592d6a25806ac09f,0.0,,80.0,20.0,100.0,player.proportion,80.0,9.079999999999998,True,0.25,1.25
00020297df--62982860fc16bb14cdf7a88f,0.0,,85.0,0.0,100.0,player.average_dg_belief,0.0,0.0,True,0.25,1.25
00020297df--62982af3ba0e0c481ed7b5a8,50.0,,100.0,50.0,50.0,player.proportion,100.0,29.08,False,0.0,0.5
00020297df--62982cd6e796a155f01a26f8,0.0,,90.0,0.0,100.0,player.proportion,90.0,19.08,False,0.0,1.0
00020297df--62982dd33e70ba48f97ab917,20.0,,70.0,-40.0,80.0,player.average_dg_belief,-40.0,40.0,False,0.0,0.8
00020297df--629839f6f6a7361ea2fa3835,0.0,,70.0,-50.0,100.0,player.average_dg_belief,-50.0,50.0,False,0.0,1.0
00020297eb--629797ce8753764e91f6439f,0.0,yes,50.0,-50.0,100.0,player.proportion,50.0,20.92,False,0.0,1.0
00020297eb--629797ede796a155f013d22c,0.0,no,30.0,0.0,100.0,player.proportion,30.0,40.92,False,0.0,1.0
00020297eb--629797c80f0a604a6d5a5c6d,0.0,yes,70.0,0.0,100.0,player.average_dg_belief,0.0,0.0,True,0.25,1.25
00020297eb--629797efc2dd7967c039f875,30.0,yes,80.0,-50.0,70.0,player.average_dg_belief,-50.0,50.0,False,0.0,0.7
00020297eb--629797fb318cc4235d187aea,0.0,yes,80.0,0.0,100.0,player.proportion,80.0,9.079999999999998,True,0.25,1.25
00020297eb--629797df0209472a2f1917e7,20.0,yes,70.0,0.0,80.0,player.proportion,70.0,0.9200000000000017,True,0.25,1.05
00020297eb--62979815c3e04913dbb231d2,-50.0,yes,55.0,50.0,150.0,player.average_dg_belief,50.0,50.0,False,0.0,1.5
00020297eb--6297981a0209472a2f1919f7,50.0,yes,70.0,-50.0,50.0,player.average_dg_belief,-50.0,50.0,False,0.0,0.5
00020297eb--62979872e796a155f013db6b,0.0,no,90.0,0.0,100.0,player.average_dg_belief,0.0,0.0,True,0.25,1.25
00020297eb--629798a7343b1203f3792bf9,0.0,no,80.0,0.0,100.0,player.average_dg_belief,0.0,0.0,True,0.25,1.25
00020297eb--6297988cc3e04913dbb23670,20.0,yes,90.0,20.0,80.0,player.proportion,90.0,19.08,False,0.0,0.8
00020297eb--629798c2e14f7b062a21f85f,0.0,no,90.0,0.0,100.0,player.proportion,90.0,19.08,False,0.0,1.0
00020297eb--62979898286bd91e83d9de84,0.0,no,50.0,0.0,100.0,player.average_dg_belief,0.0,0.0,True,0.25,1.25
00020297eb--629798c51a1597570c3dc3e3,20.0,yes,30.0,10.0,80.0,player.average_dg_belief,10.0,10.0,True,0.25,1.05
00020297eb--629798da343b1203f3792f8f,0.0,no,75.0,0.0,100.0,player.proportion,75.0,4.079999999999998,True,0.25,1.25
00020297eb--629798daaee53a0f1ca3a2e4,0.0,no,90.0,0.0,100.0,player.average_dg_belief,0.0,0.0,True,0.25,1.25
00020297eb--629798d4035b7842af570961,10.0,yes,70.0,10.0,90.0,player.proportion,70.0,0.9200000000000017,True,0.25,1.15
00020297eb--6297988d88f65848589ca036,-50.0,yes,76.0,-30.0,150.0,player.average_dg_belief,-30.0,30.0,False,0.0,1.5
00020297eb--6297990fba0e0c481ed335c9,-50.0,yes,70.0,30.0,150.0,player.average_dg_belief,30.0,30.0,False,0.0,1.5
00020297eb--62979915035b7842af570da6,-50.0,no,80.0,-50.0,150.0,player.proportion,80.0,9.079999999999998,True,0.25,1.75
00020297eb--62979921ce71890706f47ab2,30.0,yes,78.0,0.0,70.0,player.proportion,78.0,7.079999999999998,True,0.25,0.95
00020297eb--62979926ab45cb7cbab74fdc,-50.0,yes,80.0,-50.0,150.0,player.average_dg_belief,-50.0,50.0,False,0.0,1.5
00020297eb--629799120808263f550f33cb,20.0,no,80.0,-40.0,80.0,player.average_dg_belief,-40.0,40.0,False,0.0,0.8
00020297eb--6297992a6789b1401e99c94c,-50.0,no,60.0,0.0,150.0,player.average_dg_belief,0.0,0.0,True,0.25,1.75
00020297eb--6297993156b7cb048e2599db,0.0,no,80.0,-30.0,100.0,player.average_dg_belief,-30.0,30.0,False,0.0,1.0
00020297eb--62979935631aea4812976f1b,20.0,yes,80.0,-40.0,80.0,player.average_dg_belief,-40.0,40.0,False,0.0,0.8
00020297eb--62979920c2dd7967c03a06cf,0.0,no,55.0,50.0,100.0,player.proportion,55.0,15.920000000000002,False,0.0,1.0
00020297eb--6297991e9e3b850db62032cd,20.0,yes,80.0,0.0,80.0,player.average_dg_belief,0.0,0.0,True,0.25,1.05
00020297eb--62979925631aea4812976e36,0.0,no,40.0,0.0,100.0,player.proportion,40.0,30.92,False,0.0,1.0
00020297eb--6297993e8753764e91f6573d,50.0,yes,75.0,-30.0,50.0,player.average_dg_belief,-30.0,30.0,False,0.0,0.5
00020297eb--62979946ab45cb7cbab75141,-50.0,yes,73.0,-50.0,150.0,player.proportion,73.0,2.0799999999999983,True,0.25,1.75
00020297eb--6297993fc5228a2201b51602,-20.0,no,50.0,-20.0,120.0,player.proportion,50.0,20.92,False,0.0,1.2
00020297eb--6297992b85c5c060cecad443,0.0,yes,70.0,-50.0,100.0,player.proportion,70.0,0.9200000000000017,True,0.25,1.25
00020297eb--6297996bfc16bb14cdf3d27c,-50.0,no,60.0,-50.0,150.0,player.average_dg_belief,-50.0,50.0,False,0.0,1.5
00020297eb--6297995c0209472a2f192611,-50.0,no,70.0,-30.0,150.0,player.proportion,70.0,0.9200000000000017,True,0.25,1.75
00020297eb--62979953a743b42b6ad07fad,-50.0,no,70.0,-50.0,150.0,player.proportion,70.0,0.9200000000000017,True,0.25,1.75
00020297eb--629799631a1597570c3dcbbc,0.0,no,70.0,0.0,100.0,player.average_dg_belief,0.0,0.0,True,0.25,1.25
00020297eb--6297995455a82f0add583040,0.0,yes,50.0,0.0,100.0,player.average_dg_belief,0.0,0.0,True,0.25,1.25
00020297eb--62979970ce71890706f47dba,20.0,yes,67.0,0.0,80.0,player.average_dg_belief,0.0,0.0,True,0.25,1.05
00020297eb--62979967e7caf416d32b8d50,-50.0,no,35.0,40.0,150.0,player.average_dg_belief,40.0,40.0,False,0.0,1.5
00020297eb--6297994388f65848589cabb2,0.0,yes,70.0,-50.0,100.0,player.average_dg_belief,-50.0,50.0,False,0.0,1.0
00020297eb--62979933c3e04913dbb23e4b,20.0,yes,80.0,20.0,80.0,player.proportion,80.0,9.079999999999998,True,0.25,1.05
00020297eb--6297995a27b7222acc7f35fc,0.0,no,40.0,-10.0,100.0,player.average_dg_belief,-10.0,10.0,True,0.25,1.25
00020297eb--6297998155a82f0add583264,20.0,yes,80.0,0.0,80.0,player.average_dg_belief,0.0,0.0,True,0.25,1.05
00020297eb--6297998be796a155f013edfa,30.0,yes,50.0,-20.0,70.0,player.proportion,50.0,20.92,False,0.0,0.7
00020297eb--629799a9ba0e0c481ed343d8,-40.0,yes,70.0,-50.0,140.0,player.average_dg_belief,-50.0,50.0,False,0.0,1.4
00020297eb--6297999e0f0a604a6d5a720d,20.0,yes,80.0,0.0,80.0,player.proportion,80.0,9.079999999999998,True,0.25,1.05
00020297eb--629799af9c973a4d0b80666f,-50.0,no,38.0,-50.0,150.0,player.proportion,38.0,32.92,False,0.0,1.5
00020297eb--62979949343b1203f3793744,-50.0,no,50.0,-50.0,150.0,player.average_dg_belief,-50.0,50.0,False,0.0,1.5
00020297eb--629799a04796d7421d1662cf,-40.0,no,90.0,-40.0,140.0,player.average_dg_belief,-40.0,40.0,False,0.0,1.4
00020297eb--629799b8e796a155f013f0a7,-50.0,no,70.0,-50.0,150.0,player.average_dg_belief,-50.0,50.0,False,0.0,1.5
00020297eb--6297999ae14f7b062a21fec0,-30.0,no,80.0,0.0,130.0,player.average_dg_belief,0.0,0.0,True,0.25,1.55
00020297eb--62979992b8c3540865cec9cc,0.0,no,70.0,0.0,100.0,player.proportion,70.0,0.9200000000000017,True,0.25,1.25
00020297eb--629799c2ce71890706f4814b,20.0,yes,70.0,20.0,80.0,player.proportion,70.0,0.9200000000000017,True,0.25,1.05
00020297eb--629799e2286bd91e83d9ef85,20.0,no,45.0,0.0,80.0,player.average_dg_belief,0.0,0.0,True,0.25,1.05
00020297eb--629799adab45cb7cbab7557c,30.0,yes,70.0,30.0,70.0,player.average_dg_belief,30.0,30.0,False,0.0,0.7
00020297eb--629799f1592d6a258065b7b3,-50.0,yes,50.0,-50.0,150.0,player.proportion,50.0,20.92,False,0.0,1.5
00020297eb--629799f2df858e094c970577,50.0,yes,90.0,30.0,50.0,player.proportion,90.0,19.08,False,0.0,0.5
00020297eb--629799d49c973a4d0b806849,0.0,no,75.0,0.0,100.0,player.average_dg_belief,0.0,0.0,True,0.25,1.25
00020297eb--62979a0255a82f0add58379f,-50.0,yes,70.0,0.0,150.0,player.average_dg_belief,0.0,0.0,True,0.25,1.75
00020297eb--62979a14c2dd7967c03a119c,-30.0,no,65.0,-30.0,130.0,player.proportion,65.0,5.920000000000002,True,0.25,1.55
00020297eb--62979a2c4796d7421d166d60,-50.0,no,65.0,-50.0,150.0,player.proportion,65.0,5.920000000000002,True,0.25,1.75
00020297eb--62979a35ab45cb7cbab75c01,20.0,yes,70.0,-50.0,80.0,player.proportion,70.0,0.9200000000000017,True,0.25,1.05
00020297eb--629798b3318cc4235d188275,20.0,yes,90.0,0.0,80.0,player.average_dg_belief,0.0,0.0,True,0.25,1.05
00020297eb--62979a4bf6a7361ea2f7a57d,20.0,yes,78.0,10.0,80.0,player.average_dg_belief,10.0,10.0,True,0.25,1.05
00020297eb--62979a3c55a6576a01d497cf,0.0,no,90.0,0.0,100.0,player.proportion,90.0,19.08,False,0.0,1.0
00020297eb--62979a631b437b49aa7b6009,0.0,no,70.0,0.0,100.0,player.proportion,70.0,0.9200000000000017,True,0.25,1.25
00020297eb--62979a3288f65848589cbc4b,-50.0,no,70.0,-10.0,150.0,player.proportion,70.0,0.9200000000000017,True,0.25,1.75
00020297eb--62979a67343b1203f37949fe,10.0,yes,70.0,10.0,90.0,player.average_dg_belief,10.0,10.0,True,0.25,1.15
00020297eb--62979a5d4796d7421d167235,0.0,yes,90.0,0.0,100.0,player.proportion,90.0,19.08,False,0.0,1.0
00020297eb--62979a880808263f550f5de5,0.0,yes,100.0,0.0,100.0,player.proportion,100.0,29.08,False,0.0,1.0
00020297eb--62979ab40209472a2f193d8d,0.0,yes,76.0,40.0,100.0,player.average_dg_belief,40.0,40.0,False,0.0,1.0
00020297eb--62979ad7c5079d57c581221f,20.0,yes,80.0,20.0,80.0,player.average_dg_belief,20.0,20.0,False,0.0,0.8
00020297eb--62979aa655a82f0add5841ca,-50.0,no,30.0,-50.0,150.0,player.proportion,30.0,40.92,False,0.0,1.5
00020297eb--62979aeab8c3540865cee9ed,-50.0,no,60.0,0.0,150.0,player.average_dg_belief,0.0,0.0,True,0.25,1.75
00020297eb--629797c6343b1203f3791e18,20.0,no,90.0,0.0,80.0,player.proportion,90.0,19.08,False,0.0,0.8
00020297eb--62979ae2ab45cb7cbab764ab,20.0,yes,80.0,20.0,80.0,player.average_dg_belief,20.0,20.0,False,0.0,0.8
00020297eb--62979af3c2dd7967c03a1d0d,0.0,no,100.0,0.0,100.0,player.proportion,100.0,29.08,False,0.0,1.0
00020297eb--62979b3455a6576a01d4a75f,0.0,no,70.0,0.0,100.0,player.average_dg_belief,0.0,0.0,True,0.25,1.25
00020297eb--62979b3e343b1203f3795a43,30.0,yes,60.0,10.0,70.0,player.average_dg_belief,10.0,10.0,True,0.25,0.95
00020297eb--62979b3255a82f0add584e91,-50.0,no,70.0,-50.0,150.0,player.average_dg_belief,-50.0,50.0,False,0.0,1.5
00020297eb--62979b5755a82f0add5850ad,-50.0,yes,85.0,50.0,150.0,player.proportion,85.0,14.079999999999998,False,0.0,1.5
00020297eb--62979b7ec5228a2201b53392,0.0,yes,75.0,0.0,100.0,player.proportion,75.0,4.079999999999998,True,0.25,1.25
00020297eb--62979ba1ab45cb7cbab76d79,-50.0,no,25.0,-50.0,150.0,player.proportion,25.0,45.92,False,0.0,1.5
00020297eb--62979b96c5228a2201b534ee,0.0,yes,90.0,0.0,100.0,player.average_dg_belief,0.0,0.0,True,0.25,1.25
00020297eb--62979bef8753764e91f67fa5,20.0,yes,50.0,0.0,80.0,player.proportion,50.0,20.92,False,0.0,0.8
00020297eb--62979c08b8c3540865cefeee,0.0,no,70.0,0.0,100.0,player.average_dg_belief,0.0,0.0,True,0.25,1.25
00020297eb--62979c224796d7421d1692d0,20.0,no,75.0,0.0,80.0,player.proportion,75.0,4.079999999999998,True,0.25,1.05
00020297eb--62979c910f0a604a6d5a9f17,-50.0,no,80.0,-20.0,150.0,player.average_dg_belief,-20.0,20.0,False,0.0,1.5
00020297eb--62979c9e27b7222acc7f5fe6,20.0,yes,87.0,10.0,80.0,player.proportion,87.0,16.08,False,0.0,0.8
00020297eb--62979ce988f65848589cdf70,-50.0,no,27.0,-50.0,150.0,player.proportion,27.0,43.92,False,0.0,1.5
00020297eb--62979cc50bd50b275509bd43,-50.0,no,90.0,-40.0,150.0,player.proportion,90.0,19.08,False,0.0,1.5
00020297eb--62979d0327b7222acc7f638c,0.0,yes,80.0,0.0,100.0,player.average_dg_belief,0.0,0.0,True,0.25,1.25
00020297eb--62979d2e8d75da35c1804adb,-50.0,yes,48.0,-50.0,150.0,player.average_dg_belief,-50.0,50.0,False,0.0,1.5
00020297eb--62979d62318cc4235d18b67d,-50.0,no,50.0,-50.0,150.0,player.average_dg_belief,-50.0,50.0,False,0.0,1.5
00020297eb--62979d6f6789b1401e9a0206,20.0,yes,50.0,20.0,80.0,player.proportion,50.0,20.92,False,0.0,0.8
00020297eb--62979d844796d7421d16a9d3,0.0,yes,100.0,0.0,100.0,player.proportion,100.0,29.08,False,0.0,1.0
00020297eb--62979dbab8c3540865cf1ec9,0.0,yes,10.0,-20.0,100.0,player.proportion,10.0,60.92,False,0.0,1.0
00020297eb--62979def095c8b3014b27584,20.0,no,86.0,10.0,80.0,player.proportion,86.0,15.079999999999998,False,0.0,0.8
00020297eb--62979e38592d6a2580660160,20.0,no,60.0,0.0,80.0,player.average_dg_belief,0.0,0.0,True,0.25,1.05
00020297eb--62979e358753764e91f69ea9,-50.0,yes,50.0,-50.0,150.0,player.proportion,50.0,20.92,False,0.0,1.5
00020297eb--62979e8ec5228a2201b5599a,0.0,yes,90.0,0.0,100.0,player.average_dg_belief,0.0,0.0,True,0.25,1.25
00020297eb--62979e96e796a155f01452d3,-30.0,no,50.0,-10.0,130.0,player.proportion,50.0,20.92,False,0.0,1.3
00020297eb--62979eb96789b1401e9a11c6,0.0,no,70.0,0.0,100.0,player.proportion,70.0,0.9200000000000017,True,0.25,1.25
00020297eb--62979e6d0808263f550fa658,20.0,no,80.0,20.0,80.0,player.average_dg_belief,20.0,20.0,False,0.0,0.8
00020297eb--62979eb6379f925fdf5b2939,0.0,yes,80.0,0.0,100.0,player.average_dg_belief,0.0,0.0,True,0.25,1.25
00020297eb--62979f100808263f550fb24f,0.0,no,70.0,0.0,100.0,player.proportion,70.0,0.9200000000000017,True,0.25,1.25
00020297eb--62979f8f0808263f550fbcca,10.0,yes,90.0,10.0,90.0,player.proportion,90.0,19.08,False,0.0,0.9
00020297eb--62979fd8b8c3540865cf45d2,-30.0,yes,75.0,-50.0,130.0,player.average_dg_belief,-50.0,50.0,False,0.0,1.3
00020297eb--6297a0cd8753764e91f6be66,0.0,no,68.0,-50.0,100.0,player.proportion,68.0,2.9200000000000017,True,0.25,1.25
00020297eb--6297a1128d75da35c1808e60,30.0,yes,20.0,20.0,70.0,player.average_dg_belief,20.0,20.0,False,0.0,0.7
00020297eb--6297a133e7caf416d32be92e,-50.0,yes,75.0,0.0,150.0,player.proportion,75.0,4.079999999999998,True,0.25,1.75
00020297eb--6297a17dc4f9241828cb7389,20.0,no,90.0,-30.0,80.0,player.average_dg_belief,-30.0,30.0,False,0.0,0.8
00020297eb--6297a17e1b437b49aa7bc047,0.0,no,75.0,-50.0,100.0,player.proportion,75.0,4.079999999999998,True,0.25,1.25
00020297eb--6297a175c4f9241828cb7343,-50.0,no,93.0,-50.0,150.0,player.average_dg_belief,-50.0,50.0,False,0.0,1.5
00020297eb--6297a1b9318cc4235d18e588,50.0,no,65.0,50.0,50.0,player.average_dg_belief,50.0,50.0,False,0.0,0.5
00020297eb--6297a232c5079d57c58176f0,0.0,yes,90.0,0.0,100.0,player.average_dg_belief,0.0,0.0,True,0.25,1.25
00020297eb--6297a26955a82f0add58ab07,-20.0,yes,75.0,0.0,120.0,player.proportion,75.0,4.079999999999998,True,0.25,1.45
00020297eb--6297a2c5c3e04913dbb2c465,0.0,no,50.0,-50.0,100.0,player.average_dg_belief,-50.0,50.0,False,0.0,1.0
00020297eb--6297a2cce14f7b062a2261af,10.0,no,35.0,10.0,90.0,player.average_dg_belief,10.0,10.0,True,0.25,1.15
00020297eb--6297a3348d75da35c180b7ba,20.0,no,70.0,-50.0,80.0,player.average_dg_belief,-50.0,50.0,False,0.0,0.8
00020297eb--6297a2d3095c8b3014b2b433,20.0,no,80.0,10.0,80.0,player.proportion,80.0,9.079999999999998,True,0.25,1.05
00020297eb--6297a3980808263f55100d30,30.0,yes,90.0,0.0,70.0,player.average_dg_belief,0.0,0.0,True,0.25,0.95
00020297eb--6297a3c00f0a604a6d5afc7c,20.0,yes,75.0,20.0,80.0,player.average_dg_belief,20.0,20.0,False,0.0,0.8
00020297eb--6297a40cce71890706f501dd,0.0,no,70.0,-30.0,100.0,player.average_dg_belief,-30.0,30.0,False,0.0,1.0
00020297eb--6297a44956b7cb048e263a4b,10.0,yes,70.0,0.0,90.0,player.proportion,70.0,0.9200000000000017,True,0.25,1.15
00020297eb--6297a489c5079d57c5818e6a,-50.0,no,80.0,0.0,150.0,player.proportion,80.0,9.079999999999998,True,0.25,1.75
00020297eb--6297a4874796d7421d173581,0.0,no,60.0,-10.0,100.0,player.proportion,60.0,10.920000000000002,True,0.25,1.25
00020297eb--6297a50c286bd91e83da9358,0.0,yes,90.0,-50.0,100.0,player.proportion,90.0,19.08,False,0.0,1.0
00020297eb--6297a540c2dd7967c03a9a37,50.0,no,90.0,50.0,50.0,player.proportion,90.0,19.08,False,0.0,0.5
00020297eb--6297a5a38753764e91f70022,20.0,yes,80.0,0.0,80.0,player.proportion,80.0,9.079999999999998,True,0.25,1.05
00020297eb--6297a5f7c2dd7967c03aa32b,0.0,yes,80.0,0.0,100.0,player.average_dg_belief,0.0,0.0,True,0.25,1.25
00020297eb--6297a61ae7caf416d32c267c,0.0,yes,95.0,0.0,100.0,player.average_dg_belief,0.0,0.0,True,0.25,1.25
00020297eb--6297a69c0808263f55104412,20.0,yes,90.0,0.0,80.0,player.proportion,90.0,19.08,False,0.0,0.8
00020297eb--6297a6d0592d6a2580668ef7,20.0,yes,80.0,20.0,80.0,player.average_dg_belief,20.0,20.0,False,0.0,0.8
00020297eb--6297a71231ed6801133a4102,-50.0,yes,75.0,-50.0,150.0,player.proportion,75.0,4.079999999999998,True,0.25,1.75
00020297eb--6297a746f6a7361ea2f8063e,0.0,yes,65.0,-50.0,100.0,player.proportion,65.0,5.920000000000002,True,0.25,1.25
00020297eb--6297a744e14f7b062a228a37,-50.0,yes,70.0,-50.0,150.0,player.average_dg_belief,-50.0,50.0,False,0.0,1.5
00020297eb--6297a7dde796a155f01505dd,20.0,no,80.0,-50.0,80.0,player.proportion,80.0,9.079999999999998,True,0.25,1.05
00020297eb--6297a890ce71890706f5347e,0.0,yes,95.0,0.0,100.0,player.proportion,95.0,24.08,False,0.0,1.0
00020297eb--6297a8b00808263f5510699a,20.0,no,76.0,-30.0,80.0,player.average_dg_belief,-30.0,30.0,False,0.0,0.8
00020297eb--6297a8ba095c8b3014b2fd66,-30.0,no,70.0,0.0,130.0,player.average_dg_belief,0.0,0.0,True,0.25,1.55
00020297eb--6297a8d5ce71890706f53713,50.0,no,50.0,50.0,50.0,player.average_dg_belief,50.0,50.0,False,0.0,0.5
00020297eb--6297a951ce71890706f53d9c,0.0,no,75.0,0.0,100.0,player.proportion,75.0,4.079999999999998,True,0.25,1.25
00020297eb--6297a978c4f9241828cbdca6,-50.0,no,75.0,-50.0,150.0,player.average_dg_belief,-50.0,50.0,False,0.0,1.5
00020297eb--6297a9d285c5c060cecc08e2,0.0,yes,70.0,0.0,100.0,player.proportion,70.0,0.9200000000000017,True,0.25,1.25
00020297eb--6297aa54c5228a2201b5f401,-50.0,no,70.0,-50.0,150.0,player.proportion,70.0,0.9200000000000017,True,0.25,1.75
00020297eb--6297ab09b8c3540865d01295,20.0,no,60.0,0.0,80.0,player.proportion,60.0,10.920000000000002,True,0.25,1.05
00020297eb--6297ab11c4f9241828cbf5f2,20.0,no,85.0,-20.0,80.0,player.average_dg_belief,-20.0,20.0,False,0.0,0.8
00020297eb--6297ab8ee796a155f015431c,-50.0,yes,60.0,-40.0,150.0,player.average_dg_belief,-40.0,40.0,False,0.0,1.5
00020297eb--6297abb71a1597570c3eb1ba,20.0,yes,75.0,0.0,80.0,player.average_dg_belief,0.0,0.0,True,0.25,1.05
00020297eb--6297abf21b437b49aa7c64ee,-50.0,no,40.0,-50.0,150.0,player.average_dg_belief,-50.0,50.0,False,0.0,1.5
00020297eb--6297ac3785c5c060cecc2d64,20.0,yes,80.0,10.0,80.0,player.proportion,80.0,9.079999999999998,True,0.25,1.05
00020297eb--6297ac4d1b437b49aa7c6ccf,0.0,no,60.0,0.0,100.0,player.proportion,60.0,10.920000000000002,True,0.25,1.25
00020297eb--6297ae941cd4a2502e03a853,0.0,yes,90.0,-30.0,100.0,player.proportion,90.0,19.08,False,0.0,1.0
00020297eb--6297af950808263f5510e100,0.0,yes,75.0,10.0,100.0,player.average_dg_belief,10.0,10.0,True,0.25,1.25
00020297eb--6297b068592d6a2580671c5a,0.0,yes,65.0,-30.0,100.0,player.average_dg_belief,-30.0,30.0,False,0.0,1.0
00020297eb--6297b1459e3b850db62164cc,-50.0,no,100.0,-50.0,150.0,player.average_dg_belief,-50.0,50.0,False,0.0,1.5
00020297eb--6297b1bcc4f9241828cc4ac5,20.0,yes,65.0,0.0,80.0,player.average_dg_belief,0.0,0.0,True,0.25,1.05
00020297eb--6297b284e14f7b062a22e9e4,-50.0,no,10.0,-20.0,150.0,player.proportion,10.0,60.92,False,0.0,1.5
00020297eb--6297b3f19e3b850db6218141,20.0,no,40.0,20.0,80.0,player.proportion,40.0,30.92,False,0.0,0.8
00020297eb--6297b403c4f9241828cc6b2c,0.0,yes,95.0,0.0,100.0,player.average_dg_belief,0.0,0.0,True,0.25,1.25
00020297eb--6297b40d55a6576a01d5c492,30.0,yes,85.0,30.0,70.0,player.average_dg_belief,30.0,30.0,False,0.0,0.7
00020297eb--6297b4a7318cc4235d19aa0a,50.0,yes,80.0,0.0,50.0,player.proportion,80.0,9.079999999999998,True,0.25,0.75
00020297eb--6297b5f6c3e04913dbb3b3b6,-50.0,no,77.0,-50.0,150.0,player.proportion,77.0,6.079999999999998,True,0.25,1.75
00020297eb--6297b75856b7cb048e270cc6,20.0,yes,65.0,-50.0,80.0,player.average_dg_belief,-50.0,50.0,False,0.0,0.8
00020297eb--6297b90572b8b44b5c93c46b,10.0,yes,60.0,0.0,90.0,player.proportion,60.0,10.920000000000002,True,0.25,1.15
00020297eb--6297b92a8753764e91f80b7c,-50.0,yes,77.0,-50.0,150.0,player.proportion,77.0,6.079999999999998,True,0.25,1.75
00020297eb--6297bae455a82f0add59e515,-50.0,yes,95.0,-50.0,150.0,player.average_dg_belief,-50.0,50.0,False,0.0,1.5
00020297eb--6297bc7d343b1203f37ba2af,50.0,yes,75.0,-50.0,50.0,player.average_dg_belief,-50.0,50.0,False,0.0,0.5
00020297eb--6297bc655bb53b198cc5bd07,0.0,yes,75.0,0.0,100.0,player.proportion,75.0,4.079999999999998,True,0.25,1.25
00020297eb--6297bc87c3e04913dbb40488,-50.0,no,40.0,-50.0,150.0,player.average_dg_belief,-50.0,50.0,False,0.0,1.5
00020297eb--6297bc4b27b7222acc80e9dd,-50.0,no,67.0,-50.0,150.0,player.proportion,67.0,3.9200000000000017,True,0.25,1.75
00020297eb--6297bd66b8c3540865d13a7d,-20.0,yes,65.0,-50.0,120.0,player.proportion,65.0,5.920000000000002,True,0.25,1.45
00020297eb--6297bd85c2dd7967c03b97cf,-50.0,no,5.0,-50.0,150.0,player.proportion,5.0,65.92,False,0.0,1.5
00020297eb--6297be60ce71890706f619fd,0.0,no,75.0,0.0,100.0,player.proportion,75.0,4.079999999999998,True,0.25,1.25
00020297eb--6297be898753764e91f84e9e,-50.0,yes,80.0,-20.0,150.0,player.average_dg_belief,-20.0,20.0,False,0.0,1.5
00020297eb--6297bf538753764e91f856fe,0.0,yes,80.0,-50.0,100.0,player.average_dg_belief,-50.0,50.0,False,0.0,1.0
00020297eb--6297bf73e7caf416d32d313c,-50.0,no,70.0,-50.0,150.0,player.average_dg_belief,-50.0,50.0,False,0.0,1.5
00020297eb--6297c055e796a155f016a817,0.0,no,85.0,0.0,100.0,player.average_dg_belief,0.0,0.0,True,0.25,1.25
00020297eb--6297c4618d75da35c182a7fb,0.0,no,70.0,0.0,100.0,player.average_dg_belief,0.0,0.0,True,0.25,1.25
00020297eb--6297c4f085c5c060cecd91b4,-30.0,yes,75.0,-40.0,130.0,player.proportion,75.0,4.079999999999998,True,0.25,1.55
00020297eb--6297c67327b7222acc815c6a,20.0,yes,85.0,0.0,80.0,player.proportion,85.0,14.079999999999998,False,0.0,0.8
00020297eb--6297c9598d75da35c182e492,0.0,yes,65.0,0.0,100.0,player.proportion,65.0,5.920000000000002,True,0.25,1.25
00020297eb--6297c9efc3e04913dbb49257,20.0,yes,70.0,0.0,80.0,player.proportion,70.0,0.9200000000000017,True,0.25,1.05
00020297eb--6297cce2fc16bb14cdf603f2,-30.0,yes,90.0,-50.0,130.0,player.average_dg_belief,-50.0,50.0,False,0.0,1.3
00020297eb--6297d663095c8b3014b4f5f0,20.0,no,45.0,20.0,80.0,player.proportion,45.0,25.92,False,0.0,0.8
00020297eb--6297dea80f0a604a6d5d2526,0.0,no,90.0,0.0,100.0,player.proportion,90.0,19.08,False,0.0,1.0
00020297eb--6297e597c3e04913dbb5676f,-50.0,no,70.0,-10.0,150.0,player.proportion,70.0,0.9200000000000017,True,0.25,1.75
00020297eb--6297ea6b0808263f55140708,0.0,yes,80.0,0.0,100.0,player.proportion,80.0,9.079999999999998,True,0.25,1.25
00020297eb--6297f0479e3b850db6235038,-50.0,no,80.0,-50.0,150.0,player.proportion,80.0,9.079999999999998,True,0.25,1.75
00020297eb--6297f31027b7222acc82984a,0.0,yes,50.0,-20.0,100.0,player.average_dg_belief,-20.0,20.0,False,0.0,1.0
00020297eb--6297f66a56b7cb048e28a242,0.0,no,60.0,-50.0,100.0,player.proportion,60.0,10.920000000000002,True,0.25,1.25
00020297eb--6297f9d031ed6801133cdfb3,-50.0,no,60.0,0.0,150.0,player.average_dg_belief,0.0,0.0,True,0.25,1.75
00020297eb--6297fa458d75da35c1848563,30.0,yes,98.0,20.0,70.0,player.proportion,98.0,27.08,False,0.0,0.7
00020297eb--6297ff85286bd91e83de4466,0.0,no,90.0,50.0,100.0,player.average_dg_belief,50.0,50.0,False,0.0,1.0
00020297eb--62980176095c8b3014b5cfab,0.0,no,70.0,40.0,100.0,player.proportion,70.0,0.9200000000000017,True,0.25,1.25
00020297eb--6298098085c5c060cecfb99c,20.0,yes,83.0,0.0,80.0,player.average_dg_belief,0.0,0.0,True,0.25,1.05
00020297eb--62980a68b8c3540865d41017,50.0,no,75.0,-50.0,50.0,player.proportion,75.0,4.079999999999998,True,0.25,0.75
00020297eb--62980be44796d7421d1bb912,0.0,,75.0,0.0,100.0,player.proportion,75.0,4.079999999999998,True,0.25,1.25
