,participant.label,player.dg_decision,player.partner_position,player.proportion,player.average_dg_belief,player.vl_pro_belief,player.vl_contra_belief,rpayoff,belief_column_name,belief_value,belief_match,get_belief_payoff,belief_payoff,total_payoff
1404,00020297d6--629797a80bd50b2755097cc5,-10.0,yes,76.0,-50.0,60.0,30.0,110.0,player.vl_pro_belief,60.0,7.100000000000001,True,0.25,1.35
1405,00020297d6--629797bbfc16bb14cdf3bd78,0.0,nr,80.0,0.0,80.0,20.0,100.0,player.proportion,80.0,9.079999999999998,True,0.25,1.25
1406,00020297d6--629797ad4796d7421d164138,-40.0,nr,80.0,-50.0,50.0,50.0,140.0,player.vl_pro_belief,50.0,2.8999999999999986,True,0.25,1.65
1407,00020297d6--629797bca743b42b6ad06bc1,-30.0,yes,70.0,-40.0,70.0,30.0,130.0,player.proportion,70.0,0.9200000000000017,True,0.25,1.55
1408,00020297d6--629797bfc5079d57c580fe06,50.0,nr,50.0,50.0,55.0,50.0,50.0,player.proportion,50.0,20.92,False,0.0,0.5
1409,00020297d6--629797b4df858e094c96e98d,-30.0,no,70.0,-40.0,60.0,60.0,130.0,player.vl_pro_belief,60.0,7.100000000000001,True,0.25,1.55
1410,00020297d6--629797dd8d75da35c17fec30,20.0,no,60.0,20.0,50.0,50.0,80.0,player.vl_contra_belief,50.0,2.0,True,0.25,1.05
1411,00020297d6--629797cbe796a155f013cf64,-20.0,nr,80.0,-50.0,70.0,30.0,120.0,player.proportion,80.0,9.079999999999998,True,0.25,1.45
1412,00020297d6--629797d6a743b42b6ad06cd9,-50.0,nr,80.0,-50.0,60.0,30.0,150.0,player.proportion,80.0,9.079999999999998,True,0.25,1.75
1413,00020297d6--629797ea0bd50b2755097fce,0.0,nr,70.0,0.0,50.0,50.0,100.0,player.vl_pro_belief,50.0,2.8999999999999986,True,0.25,1.25
1414,00020297d6--629797e60808263f550f1ec6,20.0,nr,95.0,20.0,50.0,10.0,80.0,player.vl_contra_belief,10.0,42.0,False,0.0,0.8
1415,00020297d6--629797f5a743b42b6ad06e4a,-20.0,nr,50.0,-50.0,50.0,30.0,120.0,player.vl_contra_belief,30.0,22.0,False,0.0,1.2
1416,00020297d6--629797fc286bd91e83d9d4a2,0.0,yes,90.0,50.0,50.0,10.0,100.0,player.vl_contra_belief,10.0,42.0,False,0.0,1.0
1417,00020297d6--6297980588f65848589c98d2,-50.0,nr,75.0,-50.0,10.0,25.0,150.0,player.proportion,75.0,4.079999999999998,True,0.25,1.75
1418,00020297d6--6297981bb8c3540865ceacfb,-20.0,nr,70.0,-10.0,80.0,20.0,120.0,player.vl_pro_belief,80.0,27.1,False,0.0,1.2
1419,00020297d6--629798079e3b850db62025ef,-30.0,no,47.0,-50.0,58.0,68.0,130.0,player.proportion,47.0,23.92,False,0.0,1.3
1420,00020297d6--629798116789b1401e99bad0,-20.0,yes,60.0,0.0,30.0,30.0,120.0,player.proportion,60.0,10.920000000000002,True,0.25,1.45
1421,00020297d6--6297980db8c3540865ceac40,0.0,yes,70.0,0.0,100.0,100.0,100.0,player.average_dg_belief,0.0,0.0,True,0.25,1.25
1422,00020297d6--629798424796d7421d164a0e,20.0,yes,70.0,0.0,30.0,10.0,80.0,player.vl_contra_belief,10.0,42.0,False,0.0,0.8
1423,00020297d6--629798390209472a2f191b22,10.0,yes,75.0,-20.0,75.0,50.0,90.0,player.vl_contra_belief,50.0,2.0,True,0.25,1.15
1424,00020297d6--6297984ec5228a2201b50a45,40.0,yes,70.0,20.0,70.0,30.0,60.0,player.average_dg_belief,20.0,20.0,False,0.0,0.6
1425,00020297d6--62979862f97bee03d0163a39,20.0,yes,84.0,10.0,80.0,58.0,80.0,player.vl_contra_belief,58.0,6.0,True,0.25,1.05
1426,00020297d6--629798006789b1401e99b9c5,20.0,nr,50.0,-40.0,60.0,40.0,80.0,player.proportion,50.0,20.92,False,0.0,0.8
1427,00020297d6--6297985d4796d7421d164bea,0.0,yes,50.0,0.0,50.0,50.0,100.0,player.average_dg_belief,0.0,0.0,True,0.25,1.25
1428,00020297d6--629797e5c5079d57c580ff8f,0.0,yes,70.0,20.0,100.0,30.0,100.0,player.vl_pro_belief,100.0,47.1,False,0.0,1.0
1429,00020297d6--6297986c592d6a2580659e72,0.0,yes,80.0,0.0,90.0,15.0,100.0,player.vl_pro_belief,90.0,37.1,False,0.0,1.0
1430,00020297d6--6297985e286bd91e83d9db28,0.0,yes,83.0,0.0,93.0,6.0,100.0,player.average_dg_belief,0.0,0.0,True,0.25,1.25
1431,00020297d6--629798744796d7421d164d0c,20.0,yes,50.0,0.0,70.0,30.0,80.0,player.proportion,50.0,20.92,False,0.0,0.8
1432,00020297d6--6297985fa743b42b6ad072f2,-20.0,nr,78.0,0.0,65.0,25.0,120.0,player.proportion,78.0,7.079999999999998,True,0.25,1.45
1433,00020297d6--6297986bce71890706f472d1,20.0,yes,70.0,20.0,70.0,70.0,80.0,player.average_dg_belief,20.0,20.0,False,0.0,0.8
1434,00020297d6--6297986488f65848589c9ebe,-40.0,no,85.0,-50.0,50.0,30.0,140.0,player.average_dg_belief,-50.0,50.0,False,0.0,1.4
1435,00020297d6--62979884b8c3540865ceb3a4,0.0,nr,75.0,0.0,45.0,20.0,100.0,player.vl_contra_belief,20.0,32.0,False,0.0,1.0
1436,00020297d6--6297987a6789b1401e99c05b,20.0,nr,80.0,0.0,90.0,20.0,80.0,player.average_dg_belief,0.0,0.0,True,0.25,1.05
1437,00020297d6--62979880e796a155f013dc77,0.0,no,80.0,-20.0,80.0,20.0,100.0,player.vl_contra_belief,20.0,32.0,False,0.0,1.0
1438,00020297d6--6297985bc5228a2201b50afc,0.0,no,80.0,0.0,90.0,80.0,100.0,player.vl_contra_belief,80.0,28.0,False,0.0,1.0
1440,00020297d6--6297987e8d75da35c17ff548,20.0,yes,65.0,-50.0,85.0,40.0,80.0,player.vl_pro_belief,85.0,32.1,False,0.0,0.8
1441,00020297d6--6297988c31ed680113397e23,20.0,nr,68.0,-40.0,80.0,40.0,80.0,player.proportion,68.0,2.9200000000000017,True,0.25,1.05
1442,00020297d6--629798681b437b49aa7b3a5b,20.0,yes,90.0,10.0,80.0,50.0,80.0,player.vl_contra_belief,50.0,2.0,True,0.25,1.05
1443,00020297d6--629798948753764e91f64dfb,-50.0,nr,70.0,-50.0,90.0,10.0,150.0,player.vl_pro_belief,90.0,37.1,False,0.0,1.5
1444,00020297d6--629798934796d7421d164f3a,0.0,yes,90.0,0.0,100.0,95.0,100.0,player.vl_contra_belief,95.0,43.0,False,0.0,1.0
1445,00020297d6--629798860808263f550f29c3,20.0,yes,70.0,20.0,80.0,60.0,80.0,player.proportion,70.0,0.9200000000000017,True,0.25,1.05
1446,00020297d6--62979895ce71890706f4746b,20.0,nr,30.0,0.0,20.0,50.0,80.0,player.proportion,30.0,40.92,False,0.0,0.8
1447,00020297d6--6297988dc5079d57c581067b,-30.0,nr,40.0,-50.0,60.0,30.0,130.0,player.vl_pro_belief,60.0,7.100000000000001,True,0.25,1.55
1448,00020297d6--62979891ce71890706f4745c,30.0,yes,30.0,-50.0,40.0,10.0,70.0,player.proportion,30.0,40.92,False,0.0,0.7
1449,00020297d6--6297988f8753764e91f64d15,50.0,nr,72.0,50.0,68.0,69.0,50.0,player.average_dg_belief,50.0,50.0,False,0.0,0.5
1450,00020297d6--62979889e796a155f013dd2b,-10.0,nr,74.0,-30.0,54.0,42.0,110.0,player.vl_contra_belief,42.0,10.0,True,0.25,1.35
1451,00020297d6--6297988031ed680113397d9c,-50.0,nr,80.0,-50.0,90.0,10.0,150.0,player.vl_pro_belief,90.0,37.1,False,0.0,1.5
1452,00020297d6--6297988ab8c3540865ceb3ec,-20.0,nr,45.0,-30.0,25.0,65.0,120.0,player.vl_pro_belief,25.0,27.9,False,0.0,1.2
1453,00020297d6--6297988bc4f9241828cae235,20.0,nr,80.0,0.0,70.0,30.0,80.0,player.vl_pro_belief,70.0,17.1,False,0.0,0.8
1454,00020297d6--6297989fa743b42b6ad075b1,0.0,no,65.0,0.0,35.0,10.0,100.0,player.average_dg_belief,0.0,0.0,True,0.25,1.25
1455,00020297d6--629798921b437b49aa7b3c03,0.0,yes,80.0,0.0,100.0,100.0,100.0,player.proportion,80.0,9.079999999999998,True,0.25,1.25
1456,00020297d6--6297989f8d75da35c17ff787,-20.0,no,60.0,-30.0,75.0,60.0,120.0,player.proportion,60.0,10.920000000000002,True,0.25,1.45
1457,00020297d6--629798a2592d6a258065a10e,-50.0,yes,1.0,-50.0,1.0,1.0,150.0,player.proportion,1.0,69.92,False,0.0,1.5
1459,00020297d6--6297989b0209472a2f191ef9,50.0,no,70.0,0.0,50.0,70.0,50.0,player.proportion,70.0,0.9200000000000017,True,0.25,0.75
1460,00020297d6--629798aeb8c3540865ceb61c,0.0,nr,70.0,0.0,50.0,70.0,100.0,player.vl_contra_belief,70.0,18.0,False,0.0,1.0
1461,00020297d6--629798abc2dd7967c03a01c5,50.0,nr,80.0,10.0,100.0,100.0,50.0,player.proportion,80.0,9.079999999999998,True,0.25,0.75
1462,00020297d6--629798940bd50b27550987a2,0.0,nr,78.0,-50.0,25.0,5.0,100.0,player.vl_pro_belief,25.0,27.9,False,0.0,1.0
1463,00020297d6--629798874796d7421d164e47,0.0,nr,50.0,50.0,50.0,50.0,100.0,player.proportion,50.0,20.92,False,0.0,1.0
1465,00020297d6--629798af55a6576a01d485cf,-50.0,yes,75.0,-20.0,45.0,50.0,150.0,player.vl_contra_belief,50.0,2.0,True,0.25,1.75
1466,00020297d6--629798be318cc4235d18834c,-50.0,nr,70.0,-50.0,70.0,70.0,150.0,player.proportion,70.0,0.9200000000000017,True,0.25,1.75
1467,00020297d6--629798b2631aea48129768ca,20.0,no,45.0,0.0,60.0,80.0,80.0,player.proportion,45.0,25.92,False,0.0,0.8
1469,00020297d6--629798991b437b49aa7b3c7b,-40.0,yes,85.0,-30.0,70.0,60.0,140.0,player.proportion,85.0,14.079999999999998,False,0.0,1.4
1470,00020297d6--629798b50808263f550f2c5f,-20.0,nr,60.0,0.0,30.0,0.0,120.0,player.vl_contra_belief,0.0,52.0,False,0.0,1.2
1471,00020297d6--629798c90db92334086533b8,-50.0,no,95.0,-50.0,15.0,10.0,150.0,player.average_dg_belief,-50.0,50.0,False,0.0,1.5
1472,00020297d6--629798d188f65848589ca389,20.0,nr,90.0,0.0,30.0,0.0,80.0,player.vl_pro_belief,30.0,22.9,False,0.0,0.8
1473,00020297d6--629798c855a6576a01d48744,0.0,nr,89.0,0.0,69.0,43.0,100.0,player.proportion,89.0,18.08,False,0.0,1.0
1474,00020297d6--629798c685c5c060cecacdc1,-40.0,nr,70.0,-40.0,60.0,20.0,140.0,player.proportion,70.0,0.9200000000000017,True,0.25,1.65
1475,00020297d6--629798a80db9233408653188,0.0,nr,50.0,-50.0,50.0,10.0,100.0,player.vl_pro_belief,50.0,2.8999999999999986,True,0.25,1.25
1476,00020297d6--629798dbe7caf416d32b86bb,0.0,nr,50.0,0.0,50.0,50.0,100.0,player.vl_contra_belief,50.0,2.0,True,0.25,1.25
1477,00020297d6--629798cf1b437b49aa7b400c,0.0,nr,85.0,-50.0,40.0,5.0,100.0,player.proportion,85.0,14.079999999999998,False,0.0,1.0
1478,00020297d6--629798dc0f0a604a6d5a687a,-30.0,yes,80.0,-30.0,70.0,30.0,130.0,player.vl_contra_belief,30.0,22.0,False,0.0,1.3
1479,00020297d6--629798d30f0a604a6d5a6809,30.0,nr,45.0,10.0,72.0,50.0,70.0,player.average_dg_belief,10.0,10.0,True,0.25,0.95
1480,00020297d6--629798e1318cc4235d188500,-50.0,nr,70.0,-50.0,50.0,50.0,150.0,player.proportion,70.0,0.9200000000000017,True,0.25,1.75
1482,00020297d6--629798c4095c8b3014b2324a,-50.0,nr,50.0,-50.0,90.0,10.0,150.0,player.proportion,50.0,20.92,False,0.0,1.5
1483,00020297d6--629798ed9e3b850db620308b,-10.0,no,80.0,-50.0,70.0,20.0,110.0,player.proportion,80.0,9.079999999999998,True,0.25,1.35
1484,00020297d6--629798e7ab45cb7cbab74cfb,20.0,yes,90.0,20.0,100.0,100.0,80.0,player.proportion,90.0,19.08,False,0.0,0.8
1485,00020297d6--6297990a0f0a604a6d5a6a6a,50.0,nr,80.0,50.0,85.0,45.0,50.0,player.proportion,80.0,9.079999999999998,True,0.25,0.75
1486,00020297d6--6297990875f2ea5422cfb329,0.0,nr,65.0,0.0,50.0,50.0,100.0,player.vl_contra_belief,50.0,2.0,True,0.25,1.25
1487,00020297d6--629798bf6789b1401e99c2dc,-30.0,yes,40.0,-20.0,50.0,30.0,130.0,player.proportion,40.0,30.92,False,0.0,1.3
1488,00020297d6--629799029e3b850db6203144,0.0,nr,70.0,50.0,50.0,30.0,100.0,player.average_dg_belief,50.0,50.0,False,0.0,1.0
1489,00020297d6--62979915b8c3540865cebe4e,-50.0,nr,80.0,-50.0,80.0,30.0,150.0,player.average_dg_belief,-50.0,50.0,False,0.0,1.5
1490,00020297d6--6297991772b8b44b5c91f28f,0.0,nr,90.0,0.0,50.0,10.0,100.0,player.average_dg_belief,0.0,0.0,True,0.25,1.25
1492,00020297d6--629798f90f0a604a6d5a69fc,0.0,nr,85.0,0.0,80.0,10.0,100.0,player.proportion,85.0,14.079999999999998,False,0.0,1.0
1493,00020297d6--629798f7ba0e0c481ed334da,20.0,yes,85.0,10.0,90.0,50.0,80.0,player.average_dg_belief,10.0,10.0,True,0.25,1.05
1495,00020297d6--62979921035b7842af571010,0.0,nr,20.0,50.0,50.0,35.0,100.0,player.average_dg_belief,50.0,50.0,False,0.0,1.0
1496,00020297d6--6297992e85c5c060cecad462,0.0,nr,30.0,-40.0,40.0,25.0,100.0,player.vl_contra_belief,25.0,27.0,False,0.0,1.0
1497,00020297d6--6297991bfc16bb14cdf3ce54,-50.0,no,50.0,-50.0,100.0,100.0,150.0,player.proportion,50.0,20.92,False,0.0,1.5
1498,00020297d6--62979911343b1203f379338c,0.0,nr,65.0,20.0,50.0,50.0,100.0,player.vl_pro_belief,50.0,2.8999999999999986,True,0.25,1.25
1499,00020297d6--6297992b1b437b49aa7b44e3,50.0,yes,70.0,0.0,95.0,75.0,50.0,player.average_dg_belief,0.0,0.0,True,0.25,0.75
1500,00020297d6--629798ee6789b1401e99c58d,-30.0,yes,80.0,-30.0,80.0,80.0,130.0,player.average_dg_belief,-30.0,30.0,False,0.0,1.3
1501,00020297d6--6297991efc16bb14cdf3ce7d,20.0,nr,75.0,20.0,66.0,40.0,80.0,player.average_dg_belief,20.0,20.0,False,0.0,0.8
1502,00020297d6--62979958286bd91e83d9e927,-40.0,nr,55.0,50.0,50.0,10.0,140.0,player.vl_pro_belief,50.0,2.8999999999999986,True,0.25,1.65
1503,00020297d6--6297996156b7cb048e259b80,-40.0,no,43.0,-50.0,95.0,100.0,140.0,player.vl_pro_belief,95.0,42.1,False,0.0,1.4
1504,00020297d6--62979956ab45cb7cbab751c2,50.0,yes,70.0,20.0,80.0,90.0,50.0,player.average_dg_belief,20.0,20.0,False,0.0,0.5
1505,00020297d6--629799519c973a4d0b806209,-50.0,nr,85.0,-40.0,90.0,25.0,150.0,player.vl_pro_belief,90.0,37.1,False,0.0,1.5
1506,00020297d6--6297993dc4f9241828caeabf,-50.0,no,90.0,-50.0,80.0,40.0,150.0,player.proportion,90.0,19.08,False,0.0,1.5
1507,00020297d6--62979974e796a155f013ecd0,50.0,no,50.0,50.0,50.0,50.0,50.0,player.vl_contra_belief,50.0,2.0,True,0.25,0.75
1508,00020297d6--6297996f75f2ea5422cfb7af,20.0,no,70.0,20.0,60.0,65.0,80.0,player.vl_pro_belief,60.0,7.100000000000001,True,0.25,1.05
1509,00020297d6--62979987e796a155f013edcc,0.0,nr,50.0,10.0,0.0,0.0,100.0,player.vl_pro_belief,0.0,52.9,False,0.0,1.0
1510,00020297d6--629798efce71890706f478e7,-50.0,yes,20.0,-20.0,70.0,20.0,150.0,player.vl_pro_belief,70.0,17.1,False,0.0,1.5
1511,00020297d6--6297997cdf858e094c97002a,0.0,nr,90.0,-30.0,70.0,90.0,100.0,player.proportion,90.0,19.08,False,0.0,1.0
1512,00020297d6--6297998b1cd4a2502e02f5dd,0.0,nr,60.0,0.0,50.0,30.0,100.0,player.proportion,60.0,10.920000000000002,True,0.25,1.25
1513,00020297d6--629798fc592d6a258065a756,0.0,no,65.0,50.0,95.0,70.0,100.0,player.proportion,65.0,5.920000000000002,True,0.25,1.25
1515,00020297d6--629799ab631aea4812977495,20.0,no,90.0,30.0,85.0,9.0,80.0,player.average_dg_belief,30.0,30.0,False,0.0,0.8
1516,00020297d6--62979996df858e094c97018d,0.0,nr,15.0,0.0,50.0,50.0,100.0,player.average_dg_belief,0.0,0.0,True,0.25,1.25
1517,00020297d6--62979898343b1203f3792b2c,20.0,yes,75.0,30.0,75.0,50.0,80.0,player.vl_pro_belief,75.0,22.1,False,0.0,0.8
1518,00020297d6--629799d585c5c060cecadf7b,20.0,nr,70.0,0.0,30.0,10.0,80.0,player.vl_contra_belief,10.0,42.0,False,0.0,0.8
1519,00020297d6--62979827286bd91e83d9d6f6,-20.0,yes,80.0,-20.0,90.0,90.0,120.0,player.vl_pro_belief,90.0,37.1,False,0.0,1.2
1520,00020297d6--629799e2e7caf416d32b9248,0.0,no,79.0,0.0,100.0,100.0,100.0,player.vl_pro_belief,100.0,47.1,False,0.0,1.0
1521,00020297d6--629799e875f2ea5422cfbd4a,0.0,yes,75.0,0.0,60.0,85.0,100.0,player.vl_pro_belief,60.0,7.100000000000001,True,0.25,1.25
1522,00020297d6--62979a090f0a604a6d5a76d8,20.0,yes,90.0,20.0,100.0,100.0,80.0,player.vl_contra_belief,100.0,48.0,False,0.0,0.8
1523,00020297d6--629799dd8d75da35c1800f3b,-20.0,nr,40.0,0.0,30.0,55.0,120.0,player.proportion,40.0,30.92,False,0.0,1.2
1524,00020297d6--62979a1afc16bb14cdf3da8a,30.0,yes,90.0,-50.0,100.0,100.0,70.0,player.proportion,90.0,19.08,False,0.0,0.7
1525,00020297d6--62979a23e14f7b062a220354,-50.0,nr,30.0,-50.0,50.0,50.0,150.0,player.vl_pro_belief,50.0,2.8999999999999986,True,0.25,1.75
1526,00020297d6--62979a20e7caf416d32b942c,0.0,nr,80.0,0.0,100.0,80.0,100.0,player.vl_contra_belief,80.0,28.0,False,0.0,1.0
1527,00020297d6--62979a2c0808263f550f504b,0.0,no,20.0,-40.0,80.0,50.0,100.0,player.vl_pro_belief,80.0,27.1,False,0.0,1.0
1528,00020297d6--62979a1c1b437b49aa7b5826,-50.0,no,80.0,-50.0,10.0,10.0,150.0,player.vl_contra_belief,10.0,42.0,False,0.0,1.5
1529,00020297d6--62979a17ce71890706f48549,0.0,nr,72.0,20.0,22.0,5.0,100.0,player.vl_pro_belief,22.0,30.9,False,0.0,1.0
1530,00020297d6--62979a51c5228a2201b5237d,0.0,no,80.0,0.0,60.0,20.0,100.0,player.vl_contra_belief,20.0,32.0,False,0.0,1.0
1532,00020297d6--62979a2531ed680113399461,0.0,yes,80.0,0.0,50.0,30.0,100.0,player.average_dg_belief,0.0,0.0,True,0.25,1.25
1533,00020297d6--62979a5d27b7222acc7f42b6,0.0,no,85.0,0.0,95.0,30.0,100.0,player.vl_contra_belief,30.0,22.0,False,0.0,1.0
1534,00020297d6--62979a63e7caf416d32b975f,0.0,nr,65.0,-10.0,80.0,25.0,100.0,player.proportion,65.0,5.920000000000002,True,0.25,1.25
1535,00020297d6--629798d48717592fea51cbbc,0.0,yes,90.0,0.0,50.0,50.0,100.0,player.vl_contra_belief,50.0,2.0,True,0.25,1.25
1536,00020297d6--62979a659c973a4d0b806e28,0.0,nr,85.0,-50.0,80.0,20.0,100.0,player.vl_pro_belief,80.0,27.1,False,0.0,1.0
1537,00020297d6--62979a8c85c5c060cecaece6,-10.0,yes,74.0,-50.0,40.0,10.0,110.0,player.vl_contra_belief,10.0,42.0,False,0.0,1.1
1538,00020297d6--62979a86ce71890706f48a39,-50.0,no,50.0,-50.0,89.0,13.0,150.0,player.average_dg_belief,-50.0,50.0,False,0.0,1.5
1539,00020297d6--62979a980209472a2f193c2c,-10.0,no,70.0,0.0,55.0,100.0,110.0,player.proportion,70.0,0.9200000000000017,True,0.25,1.35
1540,00020297d6--62979a544796d7421d16717b,20.0,no,50.0,0.0,90.0,90.0,80.0,player.average_dg_belief,0.0,0.0,True,0.25,1.05
1541,00020297d6--62979aa5e796a155f0140151,0.0,nr,70.0,0.0,70.0,30.0,100.0,player.average_dg_belief,0.0,0.0,True,0.25,1.25
1542,00020297d6--62979ab2592d6a258065c75c,-50.0,no,60.0,-50.0,40.0,20.0,150.0,player.vl_contra_belief,20.0,32.0,False,0.0,1.5
1543,00020297d6--62979ad6318cc4235d189c77,-50.0,nr,75.0,-50.0,75.0,60.0,150.0,player.vl_contra_belief,60.0,8.0,True,0.25,1.75
1544,00020297d6--62979aa3f97bee03d016532c,0.0,nr,70.0,0.0,50.0,50.0,100.0,player.vl_pro_belief,50.0,2.8999999999999986,True,0.25,1.25
1545,00020297d6--62979aae0808263f550f604d,0.0,nr,75.0,0.0,70.0,30.0,100.0,player.proportion,75.0,4.079999999999998,True,0.25,1.25
1546,00020297d6--62979adb1cd4a2502e030432,20.0,nr,60.0,-50.0,50.0,50.0,80.0,player.vl_pro_belief,50.0,2.8999999999999986,True,0.25,1.05
1547,00020297d6--62979ae08d75da35c180222c,0.0,nr,75.0,-50.0,0.0,0.0,100.0,player.average_dg_belief,-50.0,50.0,False,0.0,1.0
1548,00020297d6--62979ad456b7cb048e25ad11,50.0,no,80.0,30.0,60.0,40.0,50.0,player.average_dg_belief,30.0,30.0,False,0.0,0.5
1549,00020297d6--62979afd8d75da35c18023f2,0.0,yes,40.0,0.0,10.0,10.0,100.0,player.vl_contra_belief,10.0,42.0,False,0.0,1.0
1550,00020297d6--62979addce71890706f48f40,-50.0,nr,85.0,50.0,70.0,30.0,150.0,player.proportion,85.0,14.079999999999998,False,0.0,1.5
1551,00020297d6--62979b070f0a604a6d5a8a48,20.0,yes,70.0,30.0,50.0,40.0,80.0,player.vl_contra_belief,40.0,12.0,False,0.0,0.8
1552,00020297d6--62979af175f2ea5422cfca32,-50.0,nr,75.0,-50.0,60.0,25.0,150.0,player.average_dg_belief,-50.0,50.0,False,0.0,1.5
1553,00020297d6--62979aa80bd50b275509a245,10.0,nr,85.0,0.0,50.0,50.0,90.0,player.proportion,85.0,14.079999999999998,False,0.0,0.9
1554,00020297d6--62979b12095c8b3014b24e65,-20.0,no,50.0,-50.0,40.0,20.0,120.0,player.proportion,50.0,20.92,False,0.0,1.2
1555,00020297d6--62979b139c973a4d0b807648,0.0,nr,100.0,0.0,100.0,100.0,100.0,player.vl_pro_belief,100.0,47.1,False,0.0,1.0
1556,00020297d6--62979aea8d75da35c18022cd,-50.0,no,50.0,-50.0,50.0,50.0,150.0,player.proportion,50.0,20.92,False,0.0,1.5
1557,00020297d6--62979aeec2dd7967c03a1ca9,-50.0,no,80.0,-50.0,90.0,50.0,150.0,player.vl_contra_belief,50.0,2.0,True,0.25,1.75
1558,00020297d6--62979b43343b1203f3795a7d,-50.0,nr,50.0,-50.0,20.0,20.0,150.0,player.average_dg_belief,-50.0,50.0,False,0.0,1.5
1559,00020297d6--62979b3aa743b42b6ad09901,-50.0,nr,79.0,-50.0,50.0,40.0,150.0,player.proportion,79.0,8.079999999999998,True,0.25,1.75
1560,00020297d6--62979b299c973a4d0b8077b7,0.0,no,90.0,-50.0,100.0,50.0,100.0,player.vl_pro_belief,100.0,47.1,False,0.0,1.0
1561,00020297d6--62979b59c5228a2201b5319e,20.0,yes,90.0,20.0,80.0,50.0,80.0,player.proportion,90.0,19.08,False,0.0,0.8
1562,00020297d6--62979b53592d6a258065d421,20.0,nr,70.0,0.0,50.0,50.0,80.0,player.vl_contra_belief,50.0,2.0,True,0.25,1.05
1563,00020297d6--62979b68c5228a2201b53274,-30.0,no,58.0,-30.0,60.0,70.0,130.0,player.average_dg_belief,-30.0,30.0,False,0.0,1.3
1564,00020297d6--62979b47c4f9241828cb0ba1,0.0,yes,80.0,0.0,100.0,50.0,100.0,player.proportion,80.0,9.079999999999998,True,0.25,1.25
1565,00020297d6--62979b0b3e70ba48f978a6e5,-50.0,no,85.0,-50.0,95.0,80.0,150.0,player.vl_contra_belief,80.0,28.0,False,0.0,1.5
1567,00020297d6--62979b43035b7842af5739b4,20.0,yes,80.0,20.0,90.0,70.0,80.0,player.vl_pro_belief,90.0,37.1,False,0.0,0.8
1568,00020297d6--62979b808d75da35c1802e65,-50.0,nr,80.0,-50.0,50.0,10.0,150.0,player.average_dg_belief,-50.0,50.0,False,0.0,1.5
1571,00020297d6--62979b56b8c3540865cef26c,-50.0,nr,100.0,-30.0,100.0,0.0,150.0,player.vl_pro_belief,100.0,47.1,False,0.0,1.5
1572,00020297d6--62979bb5e796a155f0141c07,50.0,nr,20.0,30.0,50.0,50.0,50.0,player.vl_contra_belief,50.0,2.0,True,0.25,0.75
1573,00020297d6--62979bd51a1597570c3df158,0.0,nr,70.0,-20.0,60.0,30.0,100.0,player.proportion,70.0,0.9200000000000017,True,0.25,1.25
1574,00020297d6--62979bcb592d6a258065da09,0.0,nr,80.0,-10.0,50.0,30.0,100.0,player.vl_pro_belief,50.0,2.8999999999999986,True,0.25,1.25
1575,00020297d6--629798168753764e91f64754,20.0,yes,15.0,20.0,80.0,20.0,80.0,player.vl_contra_belief,20.0,32.0,False,0.0,0.8
1576,00020297d6--62979b84631aea4812979157,-40.0,nr,80.0,0.0,20.0,30.0,140.0,player.average_dg_belief,0.0,0.0,True,0.25,1.65
1577,00020297d6--62979bb9aee53a0f1ca3bd22,50.0,yes,65.0,50.0,35.0,75.0,50.0,player.vl_pro_belief,35.0,17.9,False,0.0,0.5
1579,00020297d6--62979c024796d7421d169113,-50.0,nr,50.0,-50.0,50.0,50.0,150.0,player.vl_pro_belief,50.0,2.8999999999999986,True,0.25,1.75
1580,00020297d6--62979bf10808263f550f77e4,20.0,yes,75.0,40.0,70.0,50.0,80.0,player.vl_contra_belief,50.0,2.0,True,0.25,1.05
1581,00020297d6--62979c251b437b49aa7b774b,-50.0,no,70.0,-50.0,50.0,70.0,150.0,player.proportion,70.0,0.9200000000000017,True,0.25,1.75
1582,00020297d6--62979c3d1cd4a2502e031254,0.0,yes,5.0,0.0,90.0,10.0,100.0,player.proportion,5.0,65.92,False,0.0,1.0
1583,00020297d6--62979c1e1cd4a2502e0310d6,0.0,no,80.0,20.0,75.0,50.0,100.0,player.vl_contra_belief,50.0,2.0,True,0.25,1.25
1584,00020297d6--62979c57379f925fdf5b1cbb,0.0,nr,90.0,0.0,50.0,50.0,100.0,player.vl_contra_belief,50.0,2.0,True,0.25,1.25
1585,00020297d6--62979c60095c8b3014b26029,0.0,nr,70.0,0.0,50.0,50.0,100.0,player.proportion,70.0,0.9200000000000017,True,0.25,1.25
1586,00020297d6--62979c4cc4f9241828cb18ee,0.0,no,80.0,-10.0,80.0,50.0,100.0,player.vl_pro_belief,80.0,27.1,False,0.0,1.0
1587,00020297d6--62979bff035b7842af5746f8,10.0,nr,81.0,20.0,65.0,15.0,90.0,player.vl_pro_belief,65.0,12.100000000000001,False,0.0,0.9
1588,00020297d6--62979cb9c2dd7967c03a3588,10.0,yes,78.0,10.0,55.0,30.0,90.0,player.vl_pro_belief,55.0,2.1000000000000014,True,0.25,1.15
1589,00020297d6--62979cbb55a82f0add5862e9,20.0,yes,80.0,0.0,90.0,100.0,80.0,player.average_dg_belief,0.0,0.0,True,0.25,1.05
1590,00020297d6--62979cd48d75da35c1804494,30.0,no,15.0,-30.0,30.0,80.0,70.0,player.average_dg_belief,-30.0,30.0,False,0.0,0.7
1591,00020297d6--62979ce7c2dd7967c03a378b,10.0,no,60.0,30.0,10.0,80.0,90.0,player.average_dg_belief,30.0,30.0,False,0.0,0.9
1592,00020297d6--62979d0de796a155f014378e,-20.0,yes,70.0,-20.0,70.0,30.0,120.0,player.vl_pro_belief,70.0,17.1,False,0.0,1.2
1593,00020297d6--62979d4785c5c060cecb1bb0,0.0,nr,90.0,0.0,80.0,60.0,100.0,player.proportion,90.0,19.08,False,0.0,1.0
1594,00020297d6--62979d5655a6576a01d4c1dc,-50.0,nr,75.0,-50.0,70.0,70.0,150.0,player.vl_pro_belief,70.0,17.1,False,0.0,1.5
1595,00020297d6--62979d64fc16bb14cdf4069f,-50.0,nr,60.0,-50.0,40.0,30.0,150.0,player.average_dg_belief,-50.0,50.0,False,0.0,1.5
1596,00020297d6--62979d62379f925fdf5b230c,-40.0,no,80.0,-50.0,90.0,50.0,140.0,player.vl_contra_belief,50.0,2.0,True,0.25,1.65
1597,00020297d6--62979d76f6a7361ea2f7c047,20.0,no,75.0,0.0,95.0,75.0,80.0,player.vl_pro_belief,95.0,42.1,False,0.0,0.8
1598,00020297d6--62979d7eab45cb7cbab783e3,-30.0,no,80.0,-20.0,80.0,50.0,130.0,player.proportion,80.0,9.079999999999998,True,0.25,1.55
1599,00020297d6--62979d74b8c3540865cf1934,-50.0,nr,97.0,-50.0,80.0,20.0,150.0,player.vl_contra_belief,20.0,32.0,False,0.0,1.5
1600,00020297d6--62979d98095c8b3014b270af,-10.0,nr,40.0,-20.0,40.0,70.0,110.0,player.vl_pro_belief,40.0,12.899999999999999,False,0.0,1.1
1601,00020297d6--62979d990f0a604a6d5aac96,20.0,nr,75.0,0.0,50.0,18.0,80.0,player.vl_contra_belief,18.0,34.0,False,0.0,0.8
1602,00020297d6--62979dbab8c3540865cf1ed4,0.0,yes,80.0,-40.0,80.0,20.0,100.0,player.vl_contra_belief,20.0,32.0,False,0.0,1.0
1603,00020297d6--62979da96789b1401e9a0514,-20.0,nr,86.0,-40.0,75.0,24.0,120.0,player.vl_contra_belief,24.0,28.0,False,0.0,1.2
1604,00020297d6--62979dcc9c973a4d0b8091ff,-10.0,yes,70.0,0.0,50.0,30.0,110.0,player.vl_pro_belief,50.0,2.8999999999999986,True,0.25,1.35
1605,00020297d6--62979bec8d75da35c1803665,50.0,nr,50.0,-30.0,50.0,50.0,50.0,player.average_dg_belief,-30.0,30.0,False,0.0,0.5
1606,00020297d6--62979e44ab45cb7cbab78c5c,-10.0,nr,70.0,0.0,10.0,10.0,110.0,player.vl_contra_belief,10.0,42.0,False,0.0,1.1
1607,00020297d6--62979e23c4f9241828cb31f4,0.0,no,25.0,-40.0,50.0,15.0,100.0,player.proportion,25.0,45.92,False,0.0,1.0
1608,00020297d6--62979e531a1597570c3e1264,0.0,yes,80.0,0.0,80.0,90.0,100.0,player.vl_pro_belief,80.0,27.1,False,0.0,1.0
1609,00020297d6--62979e8956b7cb048e25dc8d,-50.0,nr,65.0,-50.0,30.0,30.0,150.0,player.average_dg_belief,-50.0,50.0,False,0.0,1.5
1610,00020297d6--62979eb2e7caf416d32bc8fd,20.0,yes,80.0,20.0,60.0,20.0,80.0,player.vl_pro_belief,60.0,7.100000000000001,True,0.25,1.05
1611,00020297d6--62979eef1cd4a2502e033126,-50.0,no,25.0,-50.0,1.0,1.0,150.0,player.average_dg_belief,-50.0,50.0,False,0.0,1.5
1612,00020297d6--62979ee3318cc4235d18c458,0.0,nr,69.0,-20.0,35.0,35.0,100.0,player.average_dg_belief,-20.0,20.0,False,0.0,1.0
1613,00020297d6--62979eb7ba0e0c481ed3850a,20.0,yes,80.0,0.0,50.0,50.0,80.0,player.proportion,80.0,9.079999999999998,True,0.25,1.05
1614,00020297d6--62979ec78753764e91f6a52e,20.0,yes,50.0,20.0,50.0,50.0,80.0,player.vl_contra_belief,50.0,2.0,True,0.25,1.05
1615,00020297d6--62979ed6a743b42b6ad0c568,0.0,nr,100.0,0.0,50.0,20.0,100.0,player.vl_contra_belief,20.0,32.0,False,0.0,1.0
1616,00020297d6--62979f3be796a155f014606f,0.0,yes,85.0,0.0,50.0,20.0,100.0,player.vl_contra_belief,20.0,32.0,False,0.0,1.0
1617,00020297d6--62979f30e796a155f0145fb5,-50.0,nr,80.0,-50.0,40.0,90.0,150.0,player.vl_pro_belief,40.0,12.899999999999999,False,0.0,1.5
1618,00020297d6--62979f2327b7222acc7f7fc1,-50.0,nr,40.0,-50.0,20.0,10.0,150.0,player.proportion,40.0,30.92,False,0.0,1.5
1619,00020297d6--62979fa075f2ea5422d01059,-50.0,nr,80.0,-50.0,30.0,70.0,150.0,player.vl_pro_belief,30.0,22.9,False,0.0,1.5
1620,00020297d6--62979fcb88f65848589d04fc,20.0,nr,60.0,-50.0,70.0,15.0,80.0,player.vl_pro_belief,70.0,17.1,False,0.0,0.8
1621,00020297d6--6297a00a72b8b44b5c924f68,20.0,yes,80.0,0.0,100.0,20.0,80.0,player.vl_pro_belief,100.0,47.1,False,0.0,0.8
1622,00020297d6--62979fe28d75da35c18078a3,-50.0,no,60.0,-30.0,40.0,30.0,150.0,player.vl_pro_belief,40.0,12.899999999999999,False,0.0,1.5
1623,00020297d6--62979fef85c5c060cecb4bd4,0.0,no,60.0,-50.0,80.0,90.0,100.0,player.vl_contra_belief,90.0,38.0,False,0.0,1.0
1624,00020297d6--6297a02c9e3b850db62097f6,50.0,no,80.0,50.0,80.0,80.0,50.0,player.vl_pro_belief,80.0,27.1,False,0.0,0.5
1625,00020297d6--6297a00955a6576a01d4e1b2,0.0,yes,90.0,0.0,100.0,100.0,100.0,player.vl_pro_belief,100.0,47.1,False,0.0,1.0
1626,00020297d6--6297a06a8d75da35c1808162,-50.0,nr,75.0,-50.0,25.0,25.0,150.0,player.vl_contra_belief,25.0,27.0,False,0.0,1.5
1627,00020297d6--6297a068c5079d57c58162ed,-50.0,nr,90.0,-50.0,20.0,20.0,150.0,player.vl_contra_belief,20.0,32.0,False,0.0,1.5
1628,00020297d6--6297a000e796a155f0146ef6,20.0,no,40.0,0.0,30.0,65.0,80.0,player.average_dg_belief,0.0,0.0,True,0.25,1.05
1629,00020297d6--6297a080f6a7361ea2f7d563,-50.0,nr,86.0,-50.0,22.0,10.0,150.0,player.vl_contra_belief,10.0,42.0,False,0.0,1.5
1630,00020297d6--6297a0b90209472a2f199272,-10.0,nr,60.0,-20.0,50.0,50.0,110.0,player.vl_contra_belief,50.0,2.0,True,0.25,1.35
1631,00020297d6--6297a0e1343b1203f379c826,20.0,yes,80.0,20.0,99.0,85.0,80.0,player.vl_contra_belief,85.0,33.0,False,0.0,0.8
1632,00020297d6--6297a0c9b8c3540865cf576d,-10.0,nr,75.0,-30.0,40.0,75.0,110.0,player.vl_pro_belief,40.0,12.899999999999999,False,0.0,1.1
1633,00020297d6--6297a100aee53a0f1ca3e2ce,0.0,no,60.0,0.0,25.0,17.0,100.0,player.vl_contra_belief,17.0,35.0,False,0.0,1.0
1634,00020297d6--6297a1040db92334086580be,-50.0,nr,85.0,40.0,50.0,20.0,150.0,player.proportion,85.0,14.079999999999998,False,0.0,1.5
1635,00020297d6--6297a11985c5c060cecb6109,-20.0,nr,80.0,-50.0,30.0,20.0,120.0,player.vl_pro_belief,30.0,22.9,False,0.0,1.2
1636,00020297d6--6297a136592d6a25806643a9,30.0,yes,75.0,20.0,80.0,50.0,70.0,player.vl_pro_belief,80.0,27.1,False,0.0,0.7
1637,00020297d6--6297a112f6a7361ea2f7d9a7,0.0,no,95.0,50.0,80.0,15.0,100.0,player.average_dg_belief,50.0,50.0,False,0.0,1.0
1638,00020297d6--6297a14355a6576a01d4f0c4,-50.0,nr,45.0,-50.0,50.0,25.0,150.0,player.vl_pro_belief,50.0,2.8999999999999986,True,0.25,1.75
1639,00020297d6--6297a159c4f9241828cb716a,-30.0,nr,70.0,-20.0,0.0,0.0,130.0,player.proportion,70.0,0.9200000000000017,True,0.25,1.55
1640,00020297d6--6297a170286bd91e83da5e88,-20.0,no,81.0,-50.0,73.0,51.0,120.0,player.proportion,81.0,10.079999999999998,True,0.25,1.45
1641,00020297d6--6297a16b0db923340865841f,-50.0,no,80.0,-40.0,80.0,50.0,150.0,player.proportion,80.0,9.079999999999998,True,0.25,1.75
1642,00020297d6--6297a19285c5c060cecb6b79,-50.0,no,80.0,-50.0,80.0,20.0,150.0,player.proportion,80.0,9.079999999999998,True,0.25,1.75
1643,00020297d6--6297a1a20bd50b275509f9c4,-30.0,nr,70.0,-30.0,30.0,30.0,130.0,player.proportion,70.0,0.9200000000000017,True,0.25,1.55
1644,00020297d6--6297a1b4a743b42b6ad0eaaa,0.0,nr,70.0,0.0,50.0,50.0,100.0,player.average_dg_belief,0.0,0.0,True,0.25,1.25
1645,00020297d6--6297a1d26789b1401e9a3795,0.0,no,80.0,50.0,80.0,75.0,100.0,player.vl_pro_belief,80.0,27.1,False,0.0,1.0
1646,00020297d6--6297a1ad035b7842af57b631,-50.0,no,80.0,0.0,90.0,60.0,150.0,player.vl_pro_belief,90.0,37.1,False,0.0,1.5
1647,00020297d6--6297a20bc5079d57c5817543,30.0,nr,65.0,-50.0,90.0,50.0,70.0,player.average_dg_belief,-50.0,50.0,False,0.0,0.7
1648,00020297d6--6297a21e0808263f550ff179,0.0,nr,80.0,0.0,90.0,100.0,100.0,player.proportion,80.0,9.079999999999998,True,0.25,1.25
1649,00020297d6--6297a22d0bd50b27550a01a9,-30.0,nr,80.0,-40.0,70.0,50.0,130.0,player.vl_pro_belief,70.0,17.1,False,0.0,1.3
1650,00020297d6--6297a239379f925fdf5b3a36,-50.0,no,20.0,0.0,70.0,15.0,150.0,player.vl_contra_belief,15.0,37.0,False,0.0,1.5
1651,00020297d6--6297a222e14f7b062a2259b8,-10.0,nr,50.0,0.0,50.0,50.0,110.0,player.vl_pro_belief,50.0,2.8999999999999986,True,0.25,1.35
1652,00020297d6--6297a1ffc2dd7967c03a71fe,-50.0,yes,100.0,-50.0,100.0,0.0,150.0,player.vl_contra_belief,0.0,52.0,False,0.0,1.5
1653,00020297d6--6297a24bb8c3540865cf72fc,-40.0,nr,75.0,-30.0,50.0,30.0,140.0,player.vl_pro_belief,50.0,2.8999999999999986,True,0.25,1.65
1654,00020297d6--6297a245c3e04913dbb2bef6,30.0,nr,70.0,0.0,80.0,80.0,70.0,player.vl_contra_belief,80.0,28.0,False,0.0,0.7
1657,00020297d6--6297a03c55a82f0add588dad,0.0,no,50.0,0.0,99.0,50.0,100.0,player.average_dg_belief,0.0,0.0,True,0.25,1.25
1658,00020297d6--6297a2ba88f65848589d410d,20.0,yes,99.0,0.0,70.0,70.0,80.0,player.average_dg_belief,0.0,0.0,True,0.25,1.05
1659,00020297d6--6297a2c2ba0e0c481ed3b90e,0.0,nr,87.0,-10.0,78.0,87.0,100.0,player.proportion,87.0,16.08,False,0.0,1.0
1660,00020297d6--6297a2cece71890706f4f04e,20.0,yes,75.0,0.0,100.0,95.0,80.0,player.vl_pro_belief,100.0,47.1,False,0.0,0.8
1661,00020297d6--6297a2d5c3e04913dbb2c4f6,-50.0,nr,85.0,-40.0,90.0,25.0,150.0,player.proportion,85.0,14.079999999999998,False,0.0,1.5
1662,00020297d6--6297a2e256b7cb048e262133,20.0,nr,70.0,20.0,60.0,50.0,80.0,player.average_dg_belief,20.0,20.0,False,0.0,0.8
1663,00020297d6--6297a35dc2dd7967c03a84a1,-50.0,nr,78.0,-50.0,54.0,80.0,150.0,player.vl_pro_belief,54.0,1.1000000000000014,True,0.25,1.75
1664,00020297d6--6297a36831ed6801133a13a5,-50.0,no,80.0,0.0,80.0,25.0,150.0,player.vl_pro_belief,80.0,27.1,False,0.0,1.5
1665,00020297d6--6297a3600bd50b27550a0e17,0.0,no,50.0,-50.0,50.0,50.0,100.0,player.vl_pro_belief,50.0,2.8999999999999986,True,0.25,1.25
1666,00020297d6--6297a372e796a155f014b710,-50.0,yes,80.0,50.0,50.0,20.0,150.0,player.proportion,80.0,9.079999999999998,True,0.25,1.75
1667,00020297d6--6297a37a1a1597570c3e5332,-50.0,yes,80.0,0.0,90.0,10.0,150.0,player.average_dg_belief,0.0,0.0,True,0.25,1.75
1668,00020297d6--6297a3960808263f55100cd7,-50.0,no,95.0,-50.0,95.0,5.0,150.0,player.vl_contra_belief,5.0,47.0,False,0.0,1.5
1669,00020297d6--6297a3a8379f925fdf5b422b,-50.0,nr,75.0,-30.0,60.0,30.0,150.0,player.average_dg_belief,-30.0,30.0,False,0.0,1.5
1670,00020297d6--6297a37e31ed6801133a14b6,50.0,nr,80.0,50.0,60.0,20.0,50.0,player.vl_pro_belief,60.0,7.100000000000001,True,0.25,0.75
1671,00020297d6--6297a39927b7222acc7fbcb5,-10.0,yes,80.0,-30.0,50.0,50.0,110.0,player.vl_contra_belief,50.0,2.0,True,0.25,1.35
1672,00020297d6--6297a39cce71890706f4fb71,0.0,nr,85.0,0.0,85.0,5.0,100.0,player.vl_contra_belief,5.0,47.0,False,0.0,1.0
1673,00020297d6--6297a3a5ab45cb7cbab7d1c5,0.0,no,50.0,-50.0,70.0,50.0,100.0,player.vl_pro_belief,70.0,17.1,False,0.0,1.0
1674,00020297d6--6297a3b54796d7421d172411,0.0,no,95.0,50.0,90.0,10.0,100.0,player.proportion,95.0,24.08,False,0.0,1.0
1675,00020297d6--6297a44355a82f0add58c02e,-50.0,no,70.0,-30.0,70.0,66.0,150.0,player.proportion,70.0,0.9200000000000017,True,0.25,1.75
1676,00020297d6--6297a458a743b42b6ad10797,0.0,nr,80.0,0.0,90.0,25.0,100.0,player.proportion,80.0,9.079999999999998,True,0.25,1.25
1677,00020297d6--6297a470fc16bb14cdf460ed,-50.0,nr,70.0,0.0,60.0,70.0,150.0,player.average_dg_belief,0.0,0.0,True,0.25,1.75
1678,00020297d6--6297a478035b7842af57e448,20.0,nr,85.0,20.0,80.0,55.0,80.0,player.proportion,85.0,14.079999999999998,False,0.0,0.8
1679,00020297d6--6297a4826789b1401e9a5aee,10.0,nr,80.0,-50.0,70.0,40.0,90.0,player.vl_contra_belief,40.0,12.0,False,0.0,0.9
1680,00020297d6--6297a4be72b8b44b5c9288e6,20.0,nr,40.0,-10.0,50.0,20.0,80.0,player.average_dg_belief,-10.0,10.0,True,0.25,1.05
1681,00020297d6--6297a502286bd91e83da9320,0.0,no,40.0,0.0,70.0,50.0,100.0,player.average_dg_belief,0.0,0.0,True,0.25,1.25
1682,00020297d6--6297a552286bd91e83da9763,50.0,yes,85.0,20.0,60.0,50.0,50.0,player.proportion,85.0,14.079999999999998,False,0.0,0.5
1683,00020297d6--6297a558035b7842af57f1a1,0.0,no,50.0,0.0,0.0,0.0,100.0,player.vl_pro_belief,0.0,52.9,False,0.0,1.0
1684,00020297d6--6297a5d5592d6a25806683b4,-10.0,nr,75.0,-30.0,45.0,45.0,110.0,player.vl_contra_belief,45.0,7.0,True,0.25,1.35
1685,00020297d6--6297a5ede796a155f014e340,-20.0,yes,30.0,0.0,40.0,50.0,120.0,player.vl_pro_belief,40.0,12.899999999999999,False,0.0,1.2
1686,00020297d6--6297a5cb5bb53b198cc4f0b2,-50.0,nr,90.0,-50.0,90.0,10.0,150.0,player.proportion,90.0,19.08,False,0.0,1.5
1687,00020297d6--6297a5f90808263f55103941,0.0,nr,80.0,0.0,90.0,40.0,100.0,player.vl_contra_belief,40.0,12.0,False,0.0,1.0
1688,00020297d6--6297a6040db923340865aaa2,20.0,no,60.0,-20.0,90.0,100.0,80.0,player.vl_pro_belief,90.0,37.1,False,0.0,0.8
1689,00020297d6--6297a6451a1597570c3e756f,-50.0,nr,60.0,-50.0,50.0,25.0,150.0,player.proportion,60.0,10.920000000000002,True,0.25,1.75
1690,00020297d6--6297a67088f65848589d74f5,20.0,yes,70.0,0.0,75.0,50.0,80.0,player.vl_pro_belief,75.0,22.1,False,0.0,0.8
1691,00020297d6--6297a6e1035b7842af580b44,0.0,yes,70.0,0.0,93.0,92.0,100.0,player.vl_pro_belief,93.0,40.1,False,0.0,1.0
1692,00020297d6--6297a6f69e3b850db620ebee,-40.0,no,70.0,-40.0,90.0,80.0,140.0,player.vl_contra_belief,80.0,28.0,False,0.0,1.4
1693,00020297d6--6297a720c2dd7967c03ab1c9,0.0,yes,72.0,0.0,50.0,50.0,100.0,player.vl_pro_belief,50.0,2.8999999999999986,True,0.25,1.25
1694,00020297d6--6297a7291cd4a2502e036d8f,0.0,nr,70.0,0.0,20.0,10.0,100.0,player.proportion,70.0,0.9200000000000017,True,0.25,1.25
1695,00020297d6--6297a7430f0a604a6d5b2a0b,-20.0,no,15.0,-20.0,35.0,70.0,120.0,player.proportion,15.0,55.92,False,0.0,1.2
1696,00020297d6--6297a731ba0e0c481ed3ecd8,0.0,yes,95.0,-50.0,85.0,20.0,100.0,player.vl_pro_belief,85.0,32.1,False,0.0,1.0
1697,00020297d6--6297a72a1cd4a2502e036d9d,0.0,nr,86.0,40.0,75.0,25.0,100.0,player.average_dg_belief,40.0,40.0,False,0.0,1.0
1698,00020297d6--6297a755ba0e0c481ed3edf9,-50.0,yes,70.0,-30.0,90.0,50.0,150.0,player.vl_pro_belief,90.0,37.1,False,0.0,1.5
1699,00020297d6--6297a7d685c5c060cecbe7f2,20.0,yes,99.0,-30.0,100.0,0.0,80.0,player.average_dg_belief,-30.0,30.0,False,0.0,0.8
1700,00020297d6--6297a8465bb53b198cc51015,0.0,yes,75.0,0.0,70.0,70.0,100.0,player.vl_contra_belief,70.0,18.0,False,0.0,1.0
1701,00020297d6--6297a8798d75da35c18116d2,0.0,yes,82.0,0.0,90.0,30.0,100.0,player.proportion,82.0,11.079999999999998,False,0.0,1.0
1702,00020297d6--6297a88b0209472a2f19efca,-50.0,nr,90.0,-50.0,70.0,60.0,150.0,player.vl_pro_belief,70.0,17.1,False,0.0,1.5
1703,00020297d6--6297a92ac5228a2201b5e73a,50.0,no,80.0,-50.0,70.0,30.0,50.0,player.average_dg_belief,-50.0,50.0,False,0.0,0.5
1704,00020297d6--6297a91e0bd50b27550a541f,20.0,yes,80.0,0.0,90.0,20.0,80.0,player.vl_contra_belief,20.0,32.0,False,0.0,0.8
1705,00020297d6--6297a9380808263f551071c7,10.0,yes,85.0,20.0,95.0,98.0,90.0,player.average_dg_belief,20.0,20.0,False,0.0,0.9
1706,00020297d6--6297a98e286bd91e83dacea2,20.0,yes,60.0,0.0,80.0,60.0,80.0,player.average_dg_belief,0.0,0.0,True,0.25,1.05
1707,00020297d6--6297a95d75f2ea5422d08591,30.0,no,70.0,30.0,70.0,90.0,70.0,player.proportion,70.0,0.9200000000000017,True,0.25,0.95
1708,00020297d6--6297a9f8343b1203f37a7da3,0.0,no,35.0,40.0,50.0,90.0,100.0,player.vl_contra_belief,90.0,38.0,False,0.0,1.0
1709,00020297d6--6297a992286bd91e83daced4,-10.0,nr,83.0,-10.0,35.0,75.0,110.0,player.vl_pro_belief,35.0,17.9,False,0.0,1.1
1710,00020297d6--6297aa0ee796a155f0152b30,-20.0,nr,40.0,-30.0,40.0,40.0,120.0,player.proportion,40.0,30.92,False,0.0,1.2
1712,00020297d6--6297aa2f88f65848589dac5c,0.0,nr,90.0,-30.0,30.0,10.0,100.0,player.proportion,90.0,19.08,False,0.0,1.0
1713,00020297d6--6297aa9031ed6801133a6c6d,-50.0,no,82.0,0.0,65.0,77.0,150.0,player.average_dg_belief,0.0,0.0,True,0.25,1.75
1714,00020297d6--6297aa97b8c3540865d00b43,0.0,yes,75.0,0.0,90.0,80.0,100.0,player.vl_contra_belief,80.0,28.0,False,0.0,1.0
1715,00020297d6--6297aae4c3e04913dbb3422b,-50.0,nr,60.0,-20.0,30.0,10.0,150.0,player.vl_pro_belief,30.0,22.9,False,0.0,1.5
1716,00020297d6--6297aacd56b7cb048e2693fd,0.0,no,70.0,0.0,85.0,90.0,100.0,player.proportion,70.0,0.9200000000000017,True,0.25,1.25
1717,00020297d6--6297ab6eb8c3540865d01906,20.0,yes,80.0,0.0,80.0,60.0,80.0,player.average_dg_belief,0.0,0.0,True,0.25,1.05
1718,00020297d6--6297ac77c4f9241828cc07cd,20.0,nr,70.0,20.0,30.0,0.0,80.0,player.average_dg_belief,20.0,20.0,False,0.0,0.8
1719,00020297d6--6297acde286bd91e83db0d54,-20.0,nr,20.0,-20.0,80.0,80.0,120.0,player.proportion,20.0,50.92,False,0.0,1.2
1720,00020297d6--6297ad4831ed6801133a8a9b,0.0,no,50.0,0.0,50.0,50.0,100.0,player.average_dg_belief,0.0,0.0,True,0.25,1.25
1721,00020297d6--6297ade6095c8b3014b339a0,-50.0,nr,50.0,-50.0,50.0,50.0,150.0,player.vl_contra_belief,50.0,2.0,True,0.25,1.75
1722,00020297d6--6297adf70808263f5510c740,0.0,nr,60.0,-50.0,70.0,50.0,100.0,player.average_dg_belief,-50.0,50.0,False,0.0,1.0
1723,00020297d6--6297ae400f0a604a6d5b7d97,-50.0,nr,10.0,-50.0,50.0,5.0,150.0,player.proportion,10.0,60.92,False,0.0,1.5
1724,00020297d6--6297ae4f8753764e91f792f8,20.0,nr,80.0,10.0,100.0,30.0,80.0,player.vl_pro_belief,100.0,47.1,False,0.0,0.8
1725,00020297d6--6297ae92095c8b3014b340eb,0.0,no,80.0,0.0,60.0,10.0,100.0,player.vl_contra_belief,10.0,42.0,False,0.0,1.0
1726,00020297d6--6297aeae5bb53b198cc54fdf,-30.0,nr,60.0,-50.0,85.0,65.0,130.0,player.average_dg_belief,-50.0,50.0,False,0.0,1.3
1728,00020297d6--6297af5931ed6801133a9feb,0.0,nr,70.0,0.0,10.0,10.0,100.0,player.vl_contra_belief,10.0,42.0,False,0.0,1.0
1730,00020297d6--6297af8b0209472a2f1a4026,30.0,nr,75.0,20.0,40.0,30.0,70.0,player.vl_pro_belief,40.0,12.899999999999999,False,0.0,0.7
1731,00020297d6--6297b0299e3b850db6215a75,0.0,nr,60.0,50.0,70.0,80.0,100.0,player.average_dg_belief,50.0,50.0,False,0.0,1.0
1732,00020297d6--6297b05ec2dd7967c03b1962,20.0,yes,80.0,0.0,60.0,40.0,80.0,player.vl_pro_belief,60.0,7.100000000000001,True,0.25,1.05
1733,00020297d6--6297b09fc4f9241828cc3c87,0.0,yes,70.0,-50.0,70.0,30.0,100.0,player.vl_contra_belief,30.0,22.0,False,0.0,1.0
1734,00020297d6--6297b084a743b42b6ad1a3bb,0.0,nr,40.0,-50.0,50.0,50.0,100.0,player.vl_pro_belief,50.0,2.8999999999999986,True,0.25,1.25
1735,00020297d6--6297b049343b1203f37ae230,20.0,yes,70.0,0.0,70.0,50.0,80.0,player.average_dg_belief,0.0,0.0,True,0.25,1.05
1736,00020297d6--6297b15d8717592fea521d59,-50.0,yes,90.0,-50.0,90.0,90.0,150.0,player.vl_contra_belief,90.0,38.0,False,0.0,1.5
1737,00020297d6--6297b1a36789b1401e9af238,0.0,yes,85.0,0.0,95.0,30.0,100.0,player.vl_pro_belief,95.0,42.1,False,0.0,1.0
1738,00020297d6--6297b1ac1a1597570c3eefa2,0.0,nr,80.0,0.0,70.0,50.0,100.0,player.vl_pro_belief,70.0,17.1,False,0.0,1.0
1739,00020297d6--6297b1e731ed6801133ab92e,-30.0,yes,90.0,-50.0,100.0,100.0,130.0,player.proportion,90.0,19.08,False,0.0,1.3
1740,00020297d6--6297b2348d75da35c181a8f0,-10.0,nr,70.0,-50.0,98.0,10.0,110.0,player.vl_contra_belief,10.0,42.0,False,0.0,1.1
1741,00020297d6--6297b258a743b42b6ad1b319,-50.0,nr,50.0,0.0,50.0,50.0,150.0,player.proportion,50.0,20.92,False,0.0,1.5
1742,00020297d6--6297b2799e3b850db6216f90,10.0,no,70.0,-40.0,80.0,80.0,90.0,player.proportion,70.0,0.9200000000000017,True,0.25,1.15
1743,00020297d6--6297b2c31cd4a2502e03d154,0.0,nr,50.0,0.0,20.0,20.0,100.0,player.vl_contra_belief,20.0,32.0,False,0.0,1.0
1744,00020297d6--6297b3296789b1401e9b01d1,20.0,yes,80.0,-50.0,50.0,10.0,80.0,player.vl_pro_belief,50.0,2.8999999999999986,True,0.25,1.05
1745,00020297d6--6297b3718d75da35c181bd10,30.0,yes,99.0,30.0,99.0,10.0,70.0,player.average_dg_belief,30.0,30.0,False,0.0,0.7
1746,00020297d6--6297b38f343b1203f37b1a85,0.0,nr,70.0,0.0,50.0,50.0,100.0,player.vl_pro_belief,50.0,2.8999999999999986,True,0.25,1.25
1747,00020297d6--6297b3d5c3e04913dbb3a006,0.0,yes,85.0,0.0,95.0,60.0,100.0,player.vl_contra_belief,60.0,8.0,True,0.25,1.25
1748,00020297d6--6297b438a743b42b6ad1c481,-30.0,no,90.0,0.0,90.0,90.0,130.0,player.vl_contra_belief,90.0,38.0,False,0.0,1.3
1749,00020297d6--6297b463e796a155f015f5f8,-50.0,nr,80.0,0.0,80.0,20.0,150.0,player.vl_pro_belief,80.0,27.1,False,0.0,1.5
1750,00020297d6--6297b5510808263f55113cf2,50.0,no,40.0,0.0,70.0,80.0,50.0,player.vl_contra_belief,80.0,28.0,False,0.0,0.5
1751,00020297d6--6297b5c4592d6a25806754aa,20.0,nr,95.0,20.0,90.0,10.0,80.0,player.vl_pro_belief,90.0,37.1,False,0.0,0.8
1753,00020297d6--6297b62685c5c060ceccbab7,10.0,nr,90.0,0.0,75.0,15.0,90.0,player.average_dg_belief,0.0,0.0,True,0.25,1.15
1754,00020297d6--6297b69be14f7b062a230aef,0.0,nr,80.0,0.0,70.0,30.0,100.0,player.vl_contra_belief,30.0,22.0,False,0.0,1.0
1755,00020297d6--6297b63a592d6a25806759fc,0.0,nr,70.0,0.0,50.0,30.0,100.0,player.vl_contra_belief,30.0,22.0,False,0.0,1.0
1756,00020297d6--6297b73fab45cb7cbab8a05c,-10.0,no,80.0,0.0,90.0,0.0,110.0,player.vl_pro_belief,90.0,37.1,False,0.0,1.1
1757,00020297d6--6297b77075f2ea5422d11be9,-20.0,no,70.0,20.0,30.0,80.0,120.0,player.vl_pro_belief,30.0,22.9,False,0.0,1.2
1758,00020297d6--6297b7e58d75da35c181f760,0.0,nr,60.0,0.0,50.0,40.0,100.0,player.average_dg_belief,0.0,0.0,True,0.25,1.25
1759,00020297d6--6297b80bab45cb7cbab8a8cd,0.0,nr,40.0,-30.0,40.0,20.0,100.0,player.average_dg_belief,-30.0,30.0,False,0.0,1.0
1760,00020297d6--6297b81f095c8b3014b3aa8a,10.0,yes,80.0,10.0,80.0,20.0,90.0,player.average_dg_belief,10.0,10.0,True,0.25,1.15
1761,00020297d6--6297b8a756b7cb048e271a01,0.0,nr,90.0,-30.0,70.0,10.0,100.0,player.proportion,90.0,19.08,False,0.0,1.0
1762,00020297d6--6297b8f78753764e91f8078a,20.0,yes,70.0,0.0,75.0,20.0,80.0,player.vl_pro_belief,75.0,22.1,False,0.0,0.8
1763,00020297d6--6297b919ce71890706f5e1f8,-50.0,nr,50.0,-50.0,50.0,50.0,150.0,player.proportion,50.0,20.92,False,0.0,1.5
1764,00020297d6--6297b9319c973a4d0b819815,-50.0,nr,80.0,-50.0,70.0,90.0,150.0,player.average_dg_belief,-50.0,50.0,False,0.0,1.5
1765,00020297d6--6297b98c0f0a604a6d5bf3a7,50.0,nr,80.0,-50.0,50.0,50.0,50.0,player.vl_pro_belief,50.0,2.8999999999999986,True,0.25,0.75
1766,00020297d6--6297ba40ba0e0c481ed4cb11,0.0,nr,90.0,0.0,90.0,10.0,100.0,player.average_dg_belief,0.0,0.0,True,0.25,1.25
1767,00020297d6--6297bb3f9c973a4d0b81acc4,0.0,no,20.0,-40.0,90.0,30.0,100.0,player.average_dg_belief,-40.0,40.0,False,0.0,1.0
1768,00020297d6--6297bb990808263f5511aa12,0.0,yes,88.0,-30.0,24.0,22.0,100.0,player.average_dg_belief,-30.0,30.0,False,0.0,1.0
1769,00020297d6--6297bc41c5228a2201b6cd3d,-50.0,yes,80.0,-50.0,80.0,20.0,150.0,player.proportion,80.0,9.079999999999998,True,0.25,1.75
1770,00020297d6--6297bceb8d75da35c1824138,-50.0,no,25.0,-20.0,50.0,25.0,150.0,player.vl_pro_belief,50.0,2.8999999999999986,True,0.25,1.75
1771,00020297d6--6297bd4655a82f0add5a1a7c,20.0,yes,80.0,-30.0,50.0,10.0,80.0,player.vl_contra_belief,10.0,42.0,False,0.0,0.8
1772,00020297d6--6297bcf088f65848589eb8d6,-40.0,nr,70.0,-30.0,70.0,50.0,140.0,player.vl_contra_belief,50.0,2.0,True,0.25,1.65
1773,00020297d6--6297bdbdab45cb7cbab8e75e,-50.0,yes,85.0,-30.0,80.0,10.0,150.0,player.average_dg_belief,-30.0,30.0,False,0.0,1.5
1774,00020297d6--6297be218753764e91f84602,-50.0,yes,80.0,50.0,20.0,20.0,150.0,player.average_dg_belief,50.0,50.0,False,0.0,1.5
1775,00020297d6--6297c1424796d7421d192112,30.0,nr,75.0,50.0,60.0,90.0,70.0,player.proportion,75.0,4.079999999999998,True,0.25,0.95
1776,00020297d6--6297c1df4796d7421d1928c5,-50.0,no,79.0,-40.0,90.0,90.0,150.0,player.average_dg_belief,-40.0,40.0,False,0.0,1.5
1777,00020297d6--6297c1e58d75da35c1828830,0.0,yes,90.0,0.0,90.0,10.0,100.0,player.proportion,90.0,19.08,False,0.0,1.0
1778,00020297d6--6297c2ca8d75da35c1829335,-50.0,no,10.0,-50.0,5.0,90.0,150.0,player.proportion,10.0,60.92,False,0.0,1.5
1779,00020297d6--6297c4323e70ba48f97987a8,0.0,no,70.0,0.0,95.0,70.0,100.0,player.proportion,70.0,0.9200000000000017,True,0.25,1.25
1780,00020297d6--6297c673e796a155f016fe85,-20.0,yes,85.0,-40.0,90.0,80.0,120.0,player.vl_contra_belief,80.0,28.0,False,0.0,1.2
1781,00020297d6--6297c6e2c4f9241828cd81b6,50.0,yes,70.0,50.0,70.0,30.0,50.0,player.vl_contra_belief,30.0,22.0,False,0.0,0.5
1782,00020297d6--6297c6da4796d7421d196f7e,0.0,no,30.0,50.0,50.0,80.0,100.0,player.average_dg_belief,50.0,50.0,False,0.0,1.0
1783,00020297d6--6297c704592d6a2580682104,-50.0,nr,90.0,-50.0,50.0,50.0,150.0,player.average_dg_belief,-50.0,50.0,False,0.0,1.5
1784,00020297d6--6297c7b3b8c3540865d1dbfc,-20.0,nr,70.0,-20.0,50.0,70.0,120.0,player.vl_contra_belief,70.0,18.0,False,0.0,1.2
1785,00020297d6--6297c86cba0e0c481ed57b0b,0.0,nr,90.0,-50.0,0.0,10.0,100.0,player.average_dg_belief,-50.0,50.0,False,0.0,1.0
1786,00020297d6--6297caa3631aea4812995df3,-50.0,nr,65.0,-50.0,55.0,65.0,150.0,player.average_dg_belief,-50.0,50.0,False,0.0,1.5
1787,00020297d6--6297ca89a743b42b6ad2b8ea,-50.0,nr,50.0,-50.0,40.0,20.0,150.0,player.vl_contra_belief,20.0,32.0,False,0.0,1.5
1789,00020297d6--6297cc321cd4a2502e0490de,50.0,nr,70.0,50.0,30.0,70.0,50.0,player.average_dg_belief,50.0,50.0,False,0.0,0.5
1790,00020297d6--6297cd7d8d75da35c18313a9,-40.0,no,99.0,-50.0,99.0,1.0,140.0,player.proportion,99.0,28.08,False,0.0,1.4
1791,00020297d6--6297cd8756b7cb048e27c6df,20.0,yes,95.0,10.0,98.0,5.0,80.0,player.vl_contra_belief,5.0,47.0,False,0.0,0.8
1792,00020297d6--6297ce581cd4a2502e049c48,0.0,yes,60.0,0.0,100.0,50.0,100.0,player.vl_pro_belief,100.0,47.1,False,0.0,1.0
1793,00020297d6--6297cf49b8c3540865d23547,0.0,yes,80.0,0.0,90.0,80.0,100.0,player.vl_pro_belief,90.0,37.1,False,0.0,1.0
1795,00020297d6--6297d05a55a6576a01d6ae3a,0.0,nr,10.0,30.0,50.0,50.0,100.0,player.proportion,10.0,60.92,False,0.0,1.0
1797,00020297d6--6297d30b343b1203f37cd017,0.0,nr,75.0,0.0,100.0,100.0,100.0,player.average_dg_belief,0.0,0.0,True,0.25,1.25
1798,00020297d6--6297d53eb8c3540865d27212,-10.0,nr,70.0,-50.0,50.0,25.0,110.0,player.vl_contra_belief,25.0,27.0,False,0.0,1.1
1799,00020297d6--6297d71e8d75da35c1837f09,0.0,yes,53.0,0.0,80.0,20.0,100.0,player.vl_contra_belief,20.0,32.0,False,0.0,1.0
1800,00020297d6--6297d8b855a6576a01d6e586,0.0,no,90.0,-50.0,100.0,100.0,100.0,player.proportion,90.0,19.08,False,0.0,1.0
1801,00020297d6--6297da6f095c8b3014b5134a,0.0,no,75.0,0.0,80.0,80.0,100.0,player.vl_contra_belief,80.0,28.0,False,0.0,1.0
1802,00020297d6--6297db103e70ba48f979d839,-20.0,nr,65.0,-50.0,50.0,50.0,120.0,player.vl_contra_belief,50.0,2.0,True,0.25,1.45
1803,00020297d6--6297db14c2dd7967c03c7a4f,20.0,nr,70.0,-40.0,80.0,20.0,80.0,player.vl_contra_belief,20.0,32.0,False,0.0,0.8
1804,00020297d6--6297db2f88f65848589ff3a0,-50.0,yes,50.0,-50.0,40.0,30.0,150.0,player.vl_contra_belief,30.0,22.0,False,0.0,1.5
1805,00020297d6--6297dd26095c8b3014b52475,20.0,yes,60.0,0.0,100.0,0.0,80.0,player.proportion,60.0,10.920000000000002,True,0.25,1.05
1806,00020297d6--6297e0099e3b850db6230960,50.0,nr,75.0,0.0,75.0,59.0,50.0,player.vl_contra_belief,59.0,7.0,True,0.25,0.75
1807,00020297d6--6297e07e9c973a4d0b82cf85,0.0,nr,70.0,-30.0,30.0,60.0,100.0,player.average_dg_belief,-30.0,30.0,False,0.0,1.0
1808,00020297d6--6297e21aa743b42b6ad36590,0.0,yes,98.0,0.0,85.0,100.0,100.0,player.average_dg_belief,0.0,0.0,True,0.25,1.25
1809,00020297d6--6297e89d56b7cb048e2865d1,50.0,nr,50.0,50.0,10.0,30.0,50.0,player.average_dg_belief,50.0,50.0,False,0.0,0.5
1810,00020297d6--6297eaf59c973a4d0b830797,30.0,yes,85.0,20.0,70.0,20.0,70.0,player.vl_contra_belief,20.0,32.0,False,0.0,0.7
1812,00020297d6--6297eb2856b7cb048e286f96,-50.0,nr,100.0,-50.0,30.0,70.0,150.0,player.average_dg_belief,-50.0,50.0,False,0.0,1.5
1813,00020297d6--6297ed0a56b7cb048e2876ab,0.0,no,90.0,40.0,90.0,30.0,100.0,player.vl_contra_belief,30.0,22.0,False,0.0,1.0
1814,00020297d6--6297ef6afc16bb14cdf6c8d2,-50.0,nr,70.0,0.0,95.0,30.0,150.0,player.vl_pro_belief,95.0,42.1,False,0.0,1.5
1815,00020297d6--6297ea42592d6a2580696f03,0.0,yes,99.0,-50.0,99.0,1.0,100.0,player.vl_contra_belief,1.0,51.0,False,0.0,1.0
1816,00020297d6--6297f06ac5079d57c583defe,-50.0,yes,90.0,-50.0,80.0,8.0,150.0,player.average_dg_belief,-50.0,50.0,False,0.0,1.5
1817,00020297d6--6297f0754796d7421d1affa3,20.0,yes,70.0,0.0,50.0,50.0,80.0,player.average_dg_belief,0.0,0.0,True,0.25,1.05
1818,00020297d6--6297f244ab45cb7cbaba48b0,20.0,nr,70.0,-50.0,60.0,30.0,80.0,player.proportion,70.0,0.9200000000000017,True,0.25,1.05
1819,00020297d6--6297f8d80db92334086753e4,20.0,yes,70.0,20.0,70.0,70.0,80.0,player.proportion,70.0,0.9200000000000017,True,0.25,1.05
1820,00020297d6--6297fa5f343b1203f37e0ada,0.0,nr,90.0,0.0,90.0,90.0,100.0,player.average_dg_belief,0.0,0.0,True,0.25,1.25
1821,00020297d6--6297fb2e4796d7421d1b3775,0.0,nr,25.0,0.0,30.0,20.0,100.0,player.vl_pro_belief,30.0,22.9,False,0.0,1.0
1822,00020297d6--6297fdea631aea48129a5c55,20.0,yes,70.0,10.0,80.0,60.0,80.0,player.average_dg_belief,10.0,10.0,True,0.25,1.05
1823,00020297d6--6297fdd7035b7842af5b5603,0.0,nr,85.0,20.0,20.0,5.0,100.0,player.vl_contra_belief,5.0,47.0,False,0.0,1.0
1825,00020297d6--6297fec48d75da35c1849bc9,-10.0,no,20.0,-20.0,80.0,10.0,110.0,player.average_dg_belief,-20.0,20.0,False,0.0,1.1
1826,00020297d6--6297ff4a592d6a25806a0053,-20.0,yes,25.0,0.0,80.0,30.0,120.0,player.proportion,25.0,45.92,False,0.0,1.2
1827,00020297d6--629800b80209472a2f1c8227,0.0,yes,50.0,0.0,90.0,90.0,100.0,player.vl_pro_belief,90.0,37.1,False,0.0,1.0
1828,00020297d6--6298016c72b8b44b5c959af4,0.0,no,90.0,0.0,90.0,90.0,100.0,player.vl_pro_belief,90.0,37.1,False,0.0,1.0
1829,00020297d6--6298028cab45cb7cbaba85aa,-50.0,nr,80.0,-10.0,90.0,100.0,150.0,player.proportion,80.0,9.079999999999998,True,0.25,1.75
