row_num,participant.label,player.recipient_reveal,player.opinion_war,player.proportion,player.own_dg_belief,player.vl_pro_belief,player.vl_contra_belief,own_position,player.dg_decision,dictator_label,rpayoff,belief_column_name,belief_value,belief_match,get_belief_payoff,belief_payoff,total_payoff
0,0002028871--629753d48d75da35c17bdf49,1.0,0.0,60.0,0.0,20.0,20.0,no,-20.0,00020297d6--6297a7430f0a604a6d5b2a0b,30.0,player.own_dg_belief,0.0,20.0,False,0.0,0.3
1,0002028871--629746e0ab45cb7cbab37c87,1.0,0.0,30.0,0.0,100.0,50.0,no,-50.0,00020297d6--6297a3960808263f55100cd7,0.0,player.vl_contra_belief,50.0,2.0,True,0.25,0.25
2,0002028871--629747fd8d75da35c17b26d3,1.0,0.0,70.0,0.0,80.0,30.0,no,20.0,00020297d6--62979a544796d7421d16717b,70.0,player.vl_pro_belief,80.0,27.1,False,0.0,0.7
3,0002028871--629746e627b7222acc7b2a99,1.0,0.0,10.0,-20.0,50.0,50.0,no,-10.0,00020297d6--62979a980209472a2f193c2c,40.0,player.own_dg_belief,-20.0,10.0,True,0.25,0.65
4,0002028871--6297469d9e3b850db61b2cef,1.0,0.0,30.0,30.0,30.0,70.0,no,-50.0,00020297d6--62979a86ce71890706f48a39,0.0,player.proportion,30.0,40.92,False,0.0,0.0
5,0002028871--62974808c4f9241828c4dd2a,1.0,0.0,75.0,0.0,85.0,90.0,no,0.0,00020297d6--6297a3a5ab45cb7cbab7d1c5,50.0,player.vl_contra_belief,90.0,38.0,False,0.0,0.5
6,0002028871--6297477375f2ea5422cbdefb,1.0,0.0,40.0,-20.0,50.0,50.0,no,0.0,00020297d6--62979a5d27b7222acc7f42b6,50.0,player.vl_pro_belief,50.0,2.8999999999999986,True,0.25,0.75
7,0002028871--629746a90bd50b27550511c1,1.0,0.0,30.0,30.0,30.0,70.0,no,0.0,00020297d6--6297a3b54796d7421d172411,50.0,player.vl_pro_belief,30.0,22.9,False,0.0,0.5
8,0002028871--62974865fc16bb14cdf03a4d,1.0,0.0,50.0,0.0,50.0,20.0,no,0.0,00020297d6--62979a51c5228a2201b5237d,50.0,player.vl_contra_belief,20.0,32.0,False,0.0,0.5
9,0002028871--629746cde7caf416d327e9c0,1.0,0.0,55.0,0.0,25.0,10.0,no,-50.0,00020297d6--6297a44355a82f0add58c02e,0.0,player.own_dg_belief,0.0,50.0,False,0.0,0.0
10,0002028871--629746c9343b1203f373e99d,1.0,0.0,30.0,0.0,80.0,80.0,no,-50.0,00020297d6--62979a1c1b437b49aa7b5826,0.0,player.own_dg_belief,0.0,50.0,False,0.0,0.0
11,0002028871--629746cc72b8b44b5c8d7a16,1.0,0.0,30.0,0.0,60.0,40.0,no,0.0,00020297d6--62979a2c0808263f550f504b,50.0,player.vl_pro_belief,60.0,7.100000000000001,True,0.25,0.75
12,0002028871--629746bdfc16bb14cdf028c3,1.0,0.0,75.0,0.0,12.0,85.0,no,0.0,00020297d6--6297a502286bd91e83da9320,50.0,player.vl_contra_belief,85.0,33.0,False,0.0,0.5
13,0002028871--629746c0318cc4235d14ee4e,1.0,0.0,80.0,-20.0,80.0,80.0,no,0.0,00020297d6--629799e2e7caf416d32b9248,50.0,player.own_dg_belief,-20.0,20.0,False,0.0,0.5
14,0002028871--629748630209472a2f14ada0,1.0,0.0,61.0,-50.0,5.0,10.0,no,0.0,00020297d6--6297a558035b7842af57f1a1,50.0,player.vl_pro_belief,5.0,47.9,False,0.0,0.5
15,0002028871--62974879ab45cb7cbab390be,1.0,0.0,65.0,50.0,55.0,45.0,no,20.0,00020297d6--629799ab631aea4812977495,70.0,player.proportion,65.0,5.920000000000002,True,0.25,0.95
16,0002028871--629747d20bd50b2755052062,1.0,0.0,70.0,-50.0,100.0,50.0,no,0.0,00020297d6--629798fc592d6a258065a756,50.0,player.vl_contra_belief,50.0,2.0,True,0.25,0.75
17,0002028871--629746a41b437b49aa769a03,1.0,0.0,40.0,30.0,50.0,20.0,no,20.0,00020297d6--6297a6040db923340865aaa2,70.0,player.vl_contra_belief,20.0,32.0,False,0.0,0.7
18,0002028871--629748808753764e91f1dc7f,1.0,0.0,10.0,30.0,20.0,70.0,no,-40.0,00020297d6--6297a6f69e3b850db620ebee,10.0,player.proportion,10.0,60.92,False,0.0,0.1
19,0002028871--6297489588f658485895ed02,1.0,0.0,90.0,0.0,90.0,10.0,no,20.0,00020297d6--6297996f75f2ea5422cfb7af,70.0,player.own_dg_belief,0.0,20.0,False,0.0,0.7
20,0002028871--62974869095c8b3014ae2f04,1.0,0.0,50.0,-50.0,70.0,60.0,no,50.0,00020297d6--62979974e796a155f013ecd0,100.0,player.vl_contra_belief,60.0,8.0,True,0.25,1.25
21,0002028871--6297486cf97bee03d0114dbf,1.0,0.0,15.0,0.0,20.0,80.0,no,-50.0,00020297d6--6297993dc4f9241828caeabf,0.0,player.vl_pro_belief,20.0,32.9,False,0.0,0.0
22,0002028871--6297486ec4f9241828c4e145,1.0,0.0,90.0,50.0,50.0,50.0,no,-40.0,00020297d6--6297996156b7cb048e259b80,10.0,player.vl_contra_belief,50.0,2.0,True,0.25,0.35
23,0002028871--6297488756b7cb048e219edb,1.0,0.0,20.0,-10.0,50.0,100.0,no,50.0,00020297d6--6297a92ac5228a2201b5e73a,100.0,player.vl_pro_belief,50.0,2.8999999999999986,True,0.25,1.25
24,0002028871--6297468a1a1597570c3a17f5,1.0,0.0,50.0,0.0,25.0,60.0,no,30.0,00020297d6--6297a95d75f2ea5422d08591,80.0,player.vl_contra_belief,60.0,8.0,True,0.25,1.05
25,0002028871--629748ba75f2ea5422cbed9b,1.0,0.0,60.0,0.0,60.0,45.0,no,0.0,00020297d6--6297a9f8343b1203f37a7da3,50.0,player.own_dg_belief,0.0,0.0,True,0.25,0.75
26,0002028871--6297480085c5c060cec5b9b3,1.0,0.0,70.0,-50.0,83.0,30.0,no,-50.0,00020297d6--6297991bfc16bb14cdf3ce54,0.0,player.vl_pro_belief,83.0,30.1,False,0.0,0.0
27,0002028871--629746ef75f2ea5422cbd8c4,1.0,0.0,25.0,-30.0,80.0,25.0,no,-50.0,00020297d6--6297aa9031ed6801133a6c6d,0.0,player.own_dg_belief,-30.0,20.0,False,0.0,0.0
28,0002028871--629746e90808263f5507ff2e,1.0,0.0,75.0,30.0,50.0,50.0,no,0.0,00020297d6--6297aacd56b7cb048e2693fd,50.0,player.vl_pro_belief,50.0,2.8999999999999986,True,0.25,0.75
29,0002028871--629747da6789b1401e95e1f7,1.0,0.0,50.0,0.0,30.0,70.0,no,0.0,00020297d6--6297ad4831ed6801133a8a9b,50.0,player.own_dg_belief,0.0,0.0,True,0.25,0.75
30,0002028871--62974747343b1203f373f0d6,1.0,0.0,60.0,-20.0,50.0,50.0,no,-50.0,00020297d6--62979ab2592d6a258065c75c,0.0,player.proportion,60.0,10.920000000000002,True,0.25,0.25
31,0002028871--62974748c3e04913dbad91b5,1.0,0.0,50.0,0.0,50.0,50.0,no,-10.0,00020297d6--629798ed9e3b850db620308b,40.0,player.proportion,50.0,20.92,False,0.0,0.4
32,0002028871--6297477b88f658485895dcd5,1.0,0.0,60.0,-50.0,70.0,30.0,no,0.0,00020297d6--6297a3600bd50b27550a0e17,50.0,player.vl_contra_belief,30.0,22.0,False,0.0,0.5
33,0002028871--629747670808263f55080668,1.0,0.0,75.0,0.0,25.0,30.0,no,50.0,00020297d6--62979ad456b7cb048e25ad11,100.0,player.proportion,75.0,4.079999999999998,True,0.25,1.25
34,0002028871--629746db095c8b3014ae1dee,1.0,0.0,30.0,0.0,15.0,40.0,no,-50.0,00020297d6--62979eef1cd4a2502e033126,0.0,player.proportion,30.0,40.92,False,0.0,0.0
35,0002028871--6297470072b8b44b5c8d7c82,1.0,0.0,80.0,-50.0,70.0,80.0,no,0.0,00020297d6--6298016c72b8b44b5c959af4,50.0,player.vl_contra_belief,80.0,28.0,False,0.0,0.5
36,0002028871--6297475927b7222acc7b3005,1.0,0.0,30.0,-30.0,50.0,50.0,no,-30.0,00020297d6--62979d7eab45cb7cbab783e3,20.0,player.vl_pro_belief,50.0,2.8999999999999986,True,0.25,0.45
37,0002028871--629747033e70ba48f975e216,1.0,0.0,40.0,-20.0,90.0,100.0,no,20.0,00020297d6--62979d76f6a7361ea2f7c047,70.0,player.vl_contra_belief,100.0,48.0,False,0.0,0.7
38,0002028871--6297475127b7222acc7b2f9d,1.0,0.0,80.0,20.0,50.0,50.0,no,-40.0,00020297d6--62979d62379f925fdf5b230c,10.0,player.vl_contra_belief,50.0,2.0,True,0.25,0.35
39,0002028871--6297474a318cc4235d14f5a1,1.0,0.0,50.0,-50.0,35.0,25.0,no,-50.0,00020297d6--62979fe28d75da35c18078a3,0.0,player.vl_pro_belief,35.0,17.9,False,0.0,0.0
40,0002028871--6297474dc2dd7967c0365079,1.0,0.0,50.0,0.0,50.0,40.0,no,0.0,00020297d6--62979fef85c5c060cecb4bd4,50.0,player.own_dg_belief,0.0,0.0,True,0.25,0.75
41,0002028871--6297473cf97bee03d0113a5d,1.0,0.0,40.0,0.0,90.0,50.0,no,50.0,00020297d6--6297a02c9e3b850db62097f6,100.0,player.vl_contra_belief,50.0,2.0,True,0.25,1.25
42,0002028871--6297469e592d6a2580613d76,1.0,0.0,30.0,0.0,50.0,50.0,no,10.0,00020297d6--62979ce7c2dd7967c03a378b,60.0,player.vl_pro_belief,50.0,2.8999999999999986,True,0.25,0.85
43,0002028871--629747371b437b49aa76a036,1.0,0.0,60.0,-30.0,60.0,60.0,no,30.0,00020297d6--62979cd48d75da35c1804494,80.0,player.own_dg_belief,-30.0,60.0,False,0.0,0.8
44,0002028871--62974726343b1203f373eec2,1.0,0.0,5.0,0.0,70.0,90.0,no,20.0,00020297d6--6297a000e796a155f0146ef6,70.0,player.vl_contra_belief,90.0,38.0,False,0.0,0.7
45,0002028871--62974735ce71890706f08bcf,1.0,0.0,65.0,40.0,75.0,90.0,no,0.0,00020297d6--62979c4cc4f9241828cb18ee,50.0,player.proportion,65.0,5.920000000000002,True,0.25,0.75
46,0002028871--629747b51b437b49aa76adc7,1.0,0.0,60.0,-20.0,60.0,40.0,no,0.0,00020297d6--62979c1e1cd4a2502e0310d6,50.0,player.own_dg_belief,-20.0,20.0,False,0.0,0.5
47,0002028871--6297479875f2ea5422cbe01f,1.0,0.0,75.0,-30.0,30.0,50.0,no,-50.0,00020297d6--62979c251b437b49aa7b774b,0.0,player.vl_contra_belief,50.0,2.0,True,0.25,0.25
48,0002028871--6297470285c5c060cec5ac20,1.0,0.0,80.0,-50.0,100.0,70.0,no,0.0,00020297d6--6297a100aee53a0f1ca3e2ce,50.0,player.vl_contra_belief,70.0,18.0,False,0.0,0.5
49,0002028871--6297468cba0e0c481ece92af,1.0,0.0,31.0,20.0,40.0,60.0,no,0.0,00020297d6--6297a112f6a7361ea2f7d9a7,50.0,player.vl_contra_belief,60.0,8.0,True,0.25,0.75
50,0002028871--6297471255a82f0add5486b1,1.0,0.0,4.0,-10.0,25.0,60.0,no,-20.0,00020297d6--6297a170286bd91e83da5e88,30.0,player.vl_contra_belief,60.0,8.0,True,0.25,0.55
51,0002028871--629747211cd4a2502eff73e8,1.0,0.0,50.0,0.0,85.0,15.0,no,-50.0,00020297d6--6297a16b0db923340865841f,0.0,player.proportion,50.0,20.92,False,0.0,0.0
52,0002028871--6297478ca743b42b6acb590d,1.0,0.0,30.0,0.0,30.0,30.0,no,-50.0,00020297d6--6297a19285c5c060cecb6b79,0.0,player.proportion,30.0,40.92,False,0.0,0.0
53,0002028871--6297478056b7cb048e21943b,1.0,0.0,65.0,40.0,50.0,70.0,no,-50.0,00020297d6--62979b0b3e70ba48f978a6e5,0.0,player.vl_pro_belief,50.0,2.8999999999999986,True,0.25,0.25
54,0002028871--62974797fc16bb14cdf0312c,1.0,0.0,60.0,0.0,60.0,50.0,no,0.0,00020297d6--6297a1d26789b1401e9a3795,50.0,player.vl_pro_belief,60.0,7.100000000000001,True,0.25,0.75
55,0002028871--629747cc72b8b44b5c8d8626,1.0,0.0,50.0,50.0,50.0,50.0,no,-30.0,00020297d6--62979b68c5228a2201b53274,20.0,player.proportion,50.0,20.92,False,0.0,0.2
56,0002028871--629747299c973a4d0b7c464f,1.0,0.0,50.0,0.0,100.0,50.0,no,-50.0,00020297d6--6297a1ad035b7842af57b631,0.0,player.proportion,50.0,20.92,False,0.0,0.0
57,0002028871--629748d01cd4a2502eff836a,1.0,0.0,10.0,50.0,10.0,50.0,no,0.0,00020297d6--62979b299c973a4d0b8077b7,50.0,player.vl_pro_belief,10.0,42.9,False,0.0,0.5
58,0002028871--62974805ba0e0c481ecea35a,1.0,0.0,80.0,50.0,80.0,50.0,no,-50.0,00020297d6--62979aeec2dd7967c03a1ca9,0.0,player.vl_pro_belief,80.0,27.1,False,0.0,0.0
59,0002028871--6297469c8d75da35c17b1234,1.0,0.0,58.0,20.0,58.0,23.0,no,-50.0,00020297d6--62979aea8d75da35c18022cd,0.0,player.proportion,58.0,12.920000000000002,False,0.0,0.0
60,0002028871--62974688f97bee03d01132dd,1.0,0.0,70.0,0.0,30.0,50.0,no,-50.0,00020297d6--6297a239379f925fdf5b3a36,0.0,player.proportion,70.0,0.9200000000000017,True,0.25,0.25
61,0002028871--6297467555a82f0add547f2c,1.0,0.0,25.0,50.0,40.0,50.0,no,-20.0,00020297d6--62979b12095c8b3014b24e65,30.0,player.proportion,25.0,45.92,False,0.0,0.3
62,0002028871--629746afb8c3540865c909ac,1.0,0.0,30.0,30.0,30.0,70.0,no,0.0,00020297d6--6297a03c55a82f0add588dad,50.0,player.vl_pro_belief,30.0,22.9,False,0.0,0.5
63,0002028871--62974669c4f9241828c4c148,1.0,0.0,48.0,20.0,28.0,59.0,no,-50.0,00020297d6--6297a36831ed6801133a13a5,0.0,player.vl_pro_belief,28.0,24.9,False,0.0,0.0
64,0002028871--629749251cd4a2502eff85e7,1.0,0.0,70.0,50.0,70.0,70.0,no,0.0,00020297d6--6297ae92095c8b3014b340eb,50.0,player.own_dg_belief,50.0,50.0,False,0.0,0.5
65,0002028871--62974678e796a155f00e2714,1.0,0.0,80.0,0.0,100.0,50.0,no,0.0,00020297d6--62979e23c4f9241828cb31f4,50.0,player.own_dg_belief,0.0,0.0,True,0.25,0.75
66,0002028871--629746b6343b1203f373e801,1.0,0.0,30.0,30.0,30.0,70.0,no,-50.0,00020297d6--6297c1df4796d7421d1928c5,0.0,player.proportion,30.0,40.92,False,0.0,0.0
67,0002028871--62974934318cc4235d150f4c,1.0,0.0,60.0,-40.0,80.0,20.0,no,50.0,00020297d6--6297989b0209472a2f191ef9,100.0,player.vl_pro_belief,80.0,27.1,False,0.0,1.0
68,0002028871--62974a00e796a155f00e5c6b,1.0,0.0,40.0,-50.0,30.0,30.0,no,-30.0,00020297d6--629798079e3b850db62025ef,20.0,player.proportion,40.0,30.92,False,0.0,0.2
69,0002028871--62974656c5228a2201b1076f,1.0,0.0,50.0,-50.0,60.0,40.0,no,-20.0,00020297d6--6297989f8d75da35c17ff787,30.0,player.proportion,50.0,20.92,False,0.0,0.3
70,0002028871--62974932c5228a2201b129de,1.0,0.0,78.0,-50.0,90.0,20.0,no,0.0,00020297d6--6297989fa743b42b6ad075b1,50.0,player.vl_pro_belief,90.0,37.1,False,0.0,0.5
71,0002028871--629749094796d7421d10bb2a,1.0,0.0,65.0,-50.0,70.0,60.0,no,-10.0,00020297d6--6297b73fab45cb7cbab8a05c,40.0,player.vl_pro_belief,70.0,17.1,False,0.0,0.4
72,0002028871--62974935e796a155f00e5017,1.0,0.0,50.0,0.0,80.0,50.0,no,0.0,00020297d6--6297da6f095c8b3014b5134a,50.0,player.own_dg_belief,0.0,0.0,True,0.25,0.75
73,0002028871--6297466e343b1203f373e3b2,1.0,0.0,70.0,-50.0,30.0,70.0,no,-20.0,00020297d6--6297b77075f2ea5422d11be9,30.0,player.vl_pro_belief,30.0,22.9,False,0.0,0.3
74,0002028871--6297494555a6576a01d0a604,1.0,0.0,20.0,-40.0,50.0,60.0,no,50.0,00020297d6--6297b5510808263f55113cf2,100.0,player.own_dg_belief,-40.0,90.0,False,0.0,1.0
75,0002028871--629749840808263f550825d5,1.0,0.0,60.0,10.0,100.0,100.0,no,0.0,00020297d6--6297d8b855a6576a01d6e586,50.0,player.vl_contra_belief,100.0,48.0,False,0.0,0.5
76,0002028871--629746be318cc4235d14ee2b,1.0,0.0,30.0,30.0,30.0,70.0,no,0.0,00020297d6--6297bb3f9c973a4d0b81acc4,50.0,player.own_dg_belief,30.0,30.0,False,0.0,0.5
77,0002028871--62974920c2dd7967c0366696,1.0,0.0,50.0,-30.0,50.0,50.0,no,-50.0,00020297d6--6297bceb8d75da35c1824138,0.0,player.vl_pro_belief,50.0,2.8999999999999986,True,0.25,0.25
78,0002028871--629746b7a743b42b6acb5002,1.0,0.0,66.0,-50.0,80.0,20.0,no,0.0,00020297d6--6297985bc5228a2201b50afc,50.0,player.vl_pro_belief,80.0,27.1,False,0.0,0.5
79,0002028871--62974680e796a155f00e2758,1.0,0.0,45.0,-30.0,85.0,60.0,no,0.0,00020297d6--62979880e796a155f013dc77,50.0,player.vl_contra_belief,60.0,8.0,True,0.25,0.75
80,0002028871--6297492cc4f9241828c4e990,1.0,0.0,55.0,-50.0,60.0,40.0,no,-50.0,00020297d6--6297c2ca8d75da35c1829335,0.0,player.own_dg_belief,-50.0,0.0,True,0.25,0.25
81,0002028871--6297490472b8b44b5c8d94fe,1.0,0.0,50.0,0.0,60.0,40.0,no,0.0,00020297d6--6297c4323e70ba48f97987a8,50.0,player.proportion,50.0,20.92,False,0.0,0.5
82,0002028871--629748760db9233408624bce,1.0,0.0,80.0,-50.0,100.0,50.0,no,0.0,00020297d6--6297c6da4796d7421d196f7e,50.0,player.own_dg_belief,-50.0,50.0,False,0.0,0.5
83,0002028871--62974652343b1203f373e248,1.0,0.0,65.0,0.0,50.0,25.0,no,-40.0,00020297d6--6297cd7d8d75da35c18313a9,10.0,player.vl_pro_belief,50.0,2.8999999999999986,True,0.25,0.35
84,0002028871--629748f585c5c060cec5ca26,1.0,0.0,80.0,50.0,50.0,90.0,no,-30.0,00020297d6--6297b438a743b42b6ad1c481,20.0,player.own_dg_belief,50.0,80.0,False,0.0,0.2
85,0002028871--629746d2035b7842af527e8e,1.0,0.0,30.0,30.0,30.0,70.0,no,-40.0,00020297d6--6297986488f65848589c9ebe,10.0,player.vl_contra_belief,70.0,18.0,False,0.0,0.1
86,0002028871--6297469fba0e0c481ece93bb,1.0,0.0,50.0,0.0,35.0,40.0,no,-10.0,00020297d6--6297fec48d75da35c1849bc9,40.0,player.own_dg_belief,0.0,10.0,True,0.25,0.65
87,0002028871--629748f89c973a4d0b7c5996,1.0,0.0,10.0,-50.0,99.0,10.0,no,20.0,00020297d6--629798b2631aea48129768ca,70.0,player.vl_pro_belief,99.0,46.1,False,0.0,0.7
88,0002028871--629746600209472a2f1496d6,1.0,0.0,65.0,50.0,25.0,45.0,no,-30.0,00020297d6--629797b4df858e094c96e98d,20.0,player.proportion,65.0,5.920000000000002,True,0.25,0.45
89,0002028871--629748c0e796a155f00e4997,1.0,0.0,30.0,20.0,100.0,80.0,no,0.0,00020297d6--6297ed0a56b7cb048e2876ab,50.0,player.own_dg_belief,20.0,20.0,False,0.0,0.5
90,0002028871--629748f956b7cb048e21a3a0,1.0,0.0,50.0,50.0,50.0,50.0,no,10.0,00020297d6--6297b2799e3b850db6216f90,60.0,player.own_dg_belief,50.0,40.0,False,0.0,0.6
91,0002028871--6297469b56b7cb048e218ad4,1.0,0.0,70.0,30.0,50.0,50.0,no,20.0,00020297d6--629797dd8d75da35c17fec30,70.0,player.vl_contra_belief,50.0,2.0,True,0.25,0.95
92,0002028871--62975082c4f9241828c55d63,1.0,0.0,50.0,50.0,50.0,50.0,no,-50.0,00020297d6--629798c90db92334086533b8,0.0,player.vl_pro_belief,50.0,2.8999999999999986,True,0.25,0.25
93,0002028871--62974794ab45cb7cbab3850f,0.0,0.0,80.0,0.0,10.0,10.0,nr,-50.0,00020297d6--6297a068c5079d57c58162ed,0.0,player.vl_pro_belief,10.0,42.9,False,0.0,0.0
94,0002028871--629746abe796a155f00e2953,0.0,0.0,40.0,-10.0,30.0,40.0,nr,50.0,00020297d6--6297cc321cd4a2502e0490de,100.0,player.own_dg_belief,-10.0,60.0,False,0.0,1.0
95,0002028871--629751b627b7222acc7bb177,0.0,1.0,5.0,-40.0,5.0,10.0,nr,30.0,00020297d6--6297a20bc5079d57c5817543,80.0,player.own_dg_belief,-40.0,70.0,False,0.0,0.8
96,0002028871--629747bc1b437b49aa76adf6,0.0,0.0,30.0,20.0,50.0,30.0,nr,-50.0,00020297d6--6297ca89a743b42b6ad2b8ea,0.0,player.proportion,30.0,40.92,False,0.0,0.0
97,0002028871--629747c4e14f7b062a1ebafd,0.0,0.0,30.0,-50.0,30.0,30.0,nr,0.0,00020297d6--6297a21e0808263f550ff179,50.0,player.proportion,30.0,40.92,False,0.0,0.5
98,0002028871--629747b056b7cb048e21967d,0.0,0.0,10.0,-40.0,50.0,20.0,nr,-30.0,00020297d6--6297a22d0bd50b27550a01a9,20.0,player.vl_pro_belief,50.0,2.8999999999999986,True,0.25,0.45
99,0002028871--629748fb88f658485895f180,0.0,0.0,50.0,-50.0,80.0,20.0,nr,0.0,00020297d6--6297fb2e4796d7421d1b3775,50.0,player.own_dg_belief,-50.0,50.0,False,0.0,0.5
100,0002028871--629747c9ab45cb7cbab3882d,0.0,1.0,60.0,0.0,50.0,50.0,nr,-50.0,00020297d6--62979fa075f2ea5422d01059,0.0,player.vl_pro_belief,50.0,2.8999999999999986,True,0.25,0.25
101,0002028871--6297479c318cc4235d14fc07,0.0,0.0,60.0,-10.0,30.0,30.0,nr,0.0,00020297d6--6297c86cba0e0c481ed57b0b,50.0,player.proportion,60.0,10.920000000000002,True,0.25,0.75
102,0002028871--6297526f9c973a4d0b7cbe34,0.0,0.0,30.0,40.0,70.0,40.0,nr,-20.0,00020297d6--6297c7b3b8c3540865d1dbfc,30.0,player.proportion,30.0,40.92,False,0.0,0.3
103,0002028871--6297535dc5228a2201b1a93f,0.0,0.0,75.0,0.0,60.0,20.0,nr,-50.0,00020297d6--6297c704592d6a2580682104,0.0,player.vl_contra_belief,20.0,32.0,False,0.0,0.0
104,0002028871--629747bf0808263f55080a13,0.0,1.0,60.0,0.0,50.0,50.0,nr,-10.0,00020297d6--6297a222e14f7b062a2259b8,40.0,player.vl_pro_belief,50.0,2.8999999999999986,True,0.25,0.65
105,0002028871--6297475f27b7222acc7b3037,0.0,1.0,70.0,20.0,50.0,50.0,nr,-40.0,00020297d6--6297a24bb8c3540865cf72fc,10.0,player.proportion,70.0,0.9200000000000017,True,0.25,0.35
106,0002028871--629747a50808263f55080917,0.0,0.0,60.0,10.0,10.0,40.0,nr,-50.0,00020297d6--62979f2327b7222acc7f7fc1,0.0,player.proportion,60.0,10.920000000000002,True,0.25,0.25
107,0002028871--6297484a0db9233408624abe,0.0,0.0,55.0,10.0,80.0,50.0,nr,0.0,00020297d6--6297fdd7035b7842af5b5603,50.0,player.vl_pro_belief,80.0,27.1,False,0.0,0.5
108,0002028871--62974769e14f7b062a1eb7ae,0.0,1.0,99.0,-50.0,100.0,100.0,nr,0.0,00020297d6--62979ed6a743b42b6ad0c568,50.0,player.proportion,99.0,28.08,False,0.0,0.5
109,0002028871--629747ba035b7842af52927f,0.0,1.0,75.0,0.0,50.0,100.0,nr,0.0,00020297d6--62979ee3318cc4235d18c458,50.0,player.vl_contra_belief,100.0,48.0,False,0.0,0.5
110,0002028871--629747d1379f925fdf55c5e7,0.0,1.0,75.0,0.0,50.0,50.0,nr,30.0,00020297d6--6297a245c3e04913dbb2bef6,80.0,player.own_dg_belief,0.0,30.0,False,0.0,0.8
111,0002028871--629749b7592d6a25806161c1,0.0,0.0,40.0,20.0,60.0,30.0,nr,-50.0,00020297d6--6297caa3631aea4812995df3,0.0,player.vl_contra_belief,30.0,22.0,False,0.0,0.0
112,0002028871--629747b6c5228a2201b1173f,0.0,0.0,30.0,0.0,80.0,80.0,nr,0.0,00020297d6--6297d05a55a6576a01d6ae3a,50.0,player.own_dg_belief,0.0,0.0,True,0.25,0.75
113,0002028871--6297478855a82f0add548bb3,0.0,0.0,40.0,-20.0,30.0,20.0,nr,-30.0,00020297d6--6297a1a20bd50b275509f9c4,20.0,player.vl_contra_belief,20.0,32.0,False,0.0,0.2
114,0002028871--62974797c3e04913dbad9523,0.0,1.0,45.0,-10.0,75.0,90.0,nr,0.0,00020297d6--6297a1b4a743b42b6ad0eaaa,50.0,player.vl_pro_belief,75.0,22.1,False,0.0,0.5
115,0002028871--6297478456b7cb048e21946a,0.0,1.0,80.0,20.0,100.0,50.0,nr,50.0,00020297d6--6297e89d56b7cb048e2865d1,100.0,player.vl_pro_belief,100.0,47.1,False,0.0,1.0
116,0002028871--6297479c631aea481293dcbc,0.0,1.0,90.0,50.0,90.0,0.0,nr,-50.0,00020297d6--6297eb2856b7cb048e286f96,0.0,player.proportion,90.0,19.08,False,0.0,0.0
117,0002028871--6297478e8717592fea4e30c2,0.0,1.0,80.0,-50.0,50.0,50.0,nr,0.0,00020297d6--6297e07e9c973a4d0b82cf85,50.0,player.vl_contra_belief,50.0,2.0,True,0.25,0.75
118,0002028871--62974ac775f2ea5422cc04c0,0.0,1.0,85.0,20.0,30.0,40.0,nr,-50.0,00020297d6--6297a080f6a7361ea2f7d563,0.0,player.vl_contra_belief,40.0,12.0,False,0.0,0.0
119,0002028871--629747a18753764e91f1d186,0.0,1.0,70.0,-50.0,50.0,50.0,nr,-10.0,00020297d6--6297a0b90209472a2f199272,40.0,player.vl_pro_belief,50.0,2.8999999999999986,True,0.25,0.65
120,0002028871--62974764c2dd7967c03651b6,0.0,1.0,80.0,-50.0,0.0,100.0,nr,50.0,00020297d6--6297e0099e3b850db6230960,100.0,player.proportion,80.0,9.079999999999998,True,0.25,1.25
121,0002028871--6297479575f2ea5422cbe004,0.0,1.0,70.0,0.0,30.0,25.0,nr,-10.0,00020297d6--6297a0c9b8c3540865cf576d,40.0,player.vl_pro_belief,30.0,22.9,False,0.0,0.4
122,0002028871--629746f2a743b42b6acb52f7,0.0,1.0,55.0,0.0,25.0,30.0,nr,20.0,00020297d6--6297db14c2dd7967c03c7a4f,70.0,player.vl_contra_belief,30.0,22.0,False,0.0,0.7
123,0002028871--629747a21b437b49aa76acfd,0.0,0.0,50.0,-20.0,70.0,50.0,nr,-50.0,00020297d6--6297ef6afc16bb14cdf6c8d2,0.0,player.vl_contra_belief,50.0,2.0,True,0.25,0.25
124,0002028871--62974799e796a155f00e35d0,0.0,1.0,76.0,-20.0,46.0,34.0,nr,-50.0,00020297d6--6297a1040db92334086580be,0.0,player.proportion,76.0,5.079999999999998,True,0.25,0.25
125,0002028871--62974a5fe796a155f00e61c9,0.0,0.0,50.0,50.0,100.0,50.0,nr,20.0,00020297d6--6297f244ab45cb7cbaba48b0,70.0,player.own_dg_belief,50.0,30.0,False,0.0,0.7
126,0002028871--6297477627b7222acc7b3184,0.0,0.0,30.0,0.0,20.0,15.0,nr,0.0,00020297d6--6297a2c2ba0e0c481ed3b90e,50.0,player.proportion,30.0,40.92,False,0.0,0.5
127,0002028871--629749e0aee53a0f1ca08208,0.0,1.0,70.0,-30.0,20.0,60.0,nr,-20.0,00020297d6--6297db103e70ba48f979d839,30.0,player.own_dg_belief,-30.0,10.0,True,0.25,0.55
128,0002028871--629747a9aee53a0f1ca05a4c,0.0,1.0,60.0,-30.0,0.0,0.0,nr,-50.0,00020297d6--6297a14355a6576a01d4f0c4,0.0,player.proportion,60.0,10.920000000000002,True,0.25,0.25
129,0002028871--629747b1f97bee03d0114131,0.0,1.0,70.0,0.0,50.0,30.0,nr,-30.0,00020297d6--6297a159c4f9241828cb716a,20.0,player.own_dg_belief,0.0,30.0,False,0.0,0.2
130,0002028871--629749dba743b42b6acb71cf,0.0,1.0,89.0,20.0,50.0,50.0,nr,20.0,00020297d6--62979fcb88f65848589d04fc,70.0,player.vl_contra_belief,50.0,2.0,True,0.25,0.95
131,0002028871--6297479a286bd91e83d44419,0.0,1.0,90.0,40.0,50.0,50.0,nr,0.0,00020297d6--6297fa5f343b1203f37e0ada,50.0,player.vl_contra_belief,50.0,2.0,True,0.25,0.75
132,0002028871--62975144c3e04913dbae0e68,0.0,1.0,85.0,-40.0,45.0,75.0,nr,-10.0,00020297d6--6297d53eb8c3540865d27212,40.0,player.own_dg_belief,-40.0,30.0,False,0.0,0.4
133,0002028871--629747dcc3e04913dbad98a6,0.0,0.0,30.0,0.0,100.0,70.0,nr,-50.0,00020297d6--6297a06a8d75da35c1808162,0.0,player.vl_contra_belief,70.0,18.0,False,0.0,0.0
134,0002028871--629747cd1cd4a2502eff78e8,0.0,1.0,35.0,0.0,30.0,40.0,nr,0.0,00020297d6--6297d30b343b1203f37cd017,50.0,player.proportion,35.0,35.92,False,0.0,0.5
135,0002028871--629747c2c3e04913dbad9729,0.0,0.0,50.0,-40.0,90.0,30.0,nr,-20.0,00020297d6--6297a11985c5c060cecb6109,30.0,player.own_dg_belief,-40.0,20.0,False,0.0,0.3
136,0002028871--62974858318cc4235d150671,0.0,0.0,60.0,20.0,90.0,50.0,nr,0.0,00020297d6--6297b1ac1a1597570c3eefa2,50.0,player.vl_pro_belief,90.0,37.1,False,0.0,0.5
137,0002028871--629748e455a6576a01d0a0f6,0.0,1.0,90.0,-40.0,0.0,0.0,nr,20.0,00020297d6--6297a2e256b7cb048e262133,70.0,player.own_dg_belief,-40.0,60.0,False,0.0,0.7
138,0002028871--6297492b4796d7421d10bda4,0.0,1.0,80.0,-50.0,50.0,50.0,nr,-50.0,00020297d6--62979e8956b7cb048e25dc8d,0.0,player.proportion,80.0,9.079999999999998,True,0.25,0.25
139,0002028871--6297483a379f925fdf55cb86,0.0,1.0,5.0,-20.0,80.0,20.0,nr,0.0,00020297d6--6297a72a1cd4a2502e036d9d,50.0,player.vl_contra_belief,20.0,32.0,False,0.0,0.5
140,0002028871--62974928c2dd7967c03666fb,0.0,0.0,70.0,-30.0,70.0,40.0,nr,20.0,00020297d6--6297b5c4592d6a25806754aa,70.0,player.vl_pro_belief,70.0,17.1,False,0.0,0.7
141,0002028871--62974850e796a155f00e4161,0.0,0.0,50.0,-50.0,70.0,20.0,nr,-50.0,00020297d6--6297a88b0209472a2f19efca,0.0,player.vl_pro_belief,70.0,17.1,False,0.0,0.0
142,0002028871--6297492331ed680113359ad5,0.0,1.0,70.0,-20.0,10.0,50.0,nr,-50.0,00020297d6--6297b463e796a155f015f5f8,0.0,player.proportion,70.0,0.9200000000000017,True,0.25,0.25
143,0002028871--62974871e7caf416d327fcac,0.0,1.0,50.0,0.0,50.0,50.0,nr,-10.0,00020297d6--6297a992286bd91e83daced4,40.0,player.vl_pro_belief,50.0,2.8999999999999986,True,0.25,0.65
144,0002028871--6297485d72b8b44b5c8d8d99,0.0,0.0,50.0,0.0,20.0,20.0,nr,0.0,00020297d6--6297b38f343b1203f37b1a85,50.0,player.own_dg_belief,0.0,0.0,True,0.25,0.75
145,0002028871--6297474656b7cb048e2191b8,0.0,1.0,80.0,-20.0,80.0,40.0,nr,-20.0,00020297d6--6297aa0ee796a155f0152b30,30.0,player.own_dg_belief,-20.0,0.0,True,0.25,0.55
146,0002028871--629748fd8d75da35c17b3738,0.0,0.0,60.0,-20.0,100.0,60.0,nr,0.0,00020297d6--6297aa2f88f65848589dac5c,50.0,player.own_dg_belief,-20.0,20.0,False,0.0,0.5
147,0002028871--62974921e796a155f00e4f3e,0.0,0.0,25.0,-20.0,50.0,50.0,nr,-50.0,00020297d6--6297aae4c3e04913dbb3422b,0.0,player.vl_pro_belief,50.0,2.8999999999999986,True,0.25,0.25
148,0002028871--6297467b88f658485895d2ee,0.0,0.0,70.0,-50.0,10.0,10.0,nr,0.0,00020297d6--6297b2c31cd4a2502e03d154,50.0,player.vl_contra_belief,10.0,42.0,False,0.0,0.5
149,0002028871--629748910f0a604a6d569c0e,0.0,0.0,60.0,-40.0,50.0,10.0,nr,20.0,00020297d6--6297ac77c4f9241828cc07cd,70.0,player.vl_pro_belief,50.0,2.8999999999999986,True,0.25,0.95
150,0002028871--629747b48d75da35c17b204b,0.0,1.0,90.0,50.0,90.0,90.0,nr,-20.0,00020297d6--6297acde286bd91e83db0d54,30.0,player.vl_pro_belief,90.0,37.1,False,0.0,0.3
151,0002028871--629748988753764e91f1dd8e,0.0,1.0,80.0,0.0,30.0,75.0,nr,-50.0,00020297d6--6297ade6095c8b3014b339a0,0.0,player.own_dg_belief,0.0,50.0,False,0.0,0.0
152,0002028871--6297483eba0e0c481ecea6fd,0.0,0.0,35.0,10.0,5.0,80.0,nr,0.0,00020297d6--6297adf70808263f5510c740,50.0,player.own_dg_belief,10.0,10.0,True,0.25,0.75
153,0002028871--629748de72b8b44b5c8d9355,0.0,1.0,50.0,-50.0,80.0,50.0,nr,-50.0,00020297d6--6297ae400f0a604a6d5b7d97,0.0,player.own_dg_belief,-50.0,0.0,True,0.25,0.25
154,0002028871--629748b7c5079d57c57d6630,0.0,0.0,50.0,0.0,20.0,50.0,nr,20.0,00020297d6--6297ae4f8753764e91f792f8,70.0,player.vl_contra_belief,50.0,2.0,True,0.25,0.95
155,0002028871--629748bcba0e0c481ecead7f,0.0,0.0,30.0,0.0,50.0,50.0,nr,-50.0,00020297d6--6297b258a743b42b6ad1b319,0.0,player.vl_contra_belief,50.0,2.0,True,0.25,0.25
156,0002028871--629748b185c5c060cec5c51f,0.0,1.0,70.0,-50.0,50.0,50.0,nr,-30.0,00020297d6--6297aeae5bb53b198cc54fdf,20.0,player.vl_pro_belief,50.0,2.8999999999999986,True,0.25,0.45
157,0002028871--629748c28d75da35c17b339f,0.0,1.0,75.0,0.0,50.0,50.0,nr,0.0,00020297d6--6297af5931ed6801133a9feb,50.0,player.vl_pro_belief,50.0,2.8999999999999986,True,0.25,0.75
158,0002028871--6297489d592d6a25806153f6,0.0,0.0,60.0,-50.0,80.0,80.0,nr,30.0,00020297d6--6297af8b0209472a2f1a4026,80.0,player.own_dg_belief,-50.0,80.0,False,0.0,0.8
159,0002028871--629748c5ce71890706f09f82,0.0,0.0,50.0,-20.0,65.0,46.0,nr,0.0,00020297d6--6297b0299e3b850db6215a75,50.0,player.proportion,50.0,20.92,False,0.0,0.5
160,0002028871--629748e90bd50b2755052c67,0.0,0.0,20.0,-30.0,10.0,15.0,nr,0.0,00020297d6--6297b084a743b42b6ad1a3bb,50.0,player.vl_contra_belief,15.0,37.0,False,0.0,0.5
161,0002028871--629748240db92334086249b8,0.0,1.0,68.0,-40.0,10.0,5.0,nr,10.0,00020297d6--6297b62685c5c060ceccbab7,60.0,player.vl_pro_belief,10.0,42.9,False,0.0,0.6
162,0002028871--6297484c9e3b850db61b3ff1,0.0,1.0,25.0,10.0,60.0,70.0,nr,-50.0,00020297d6--6297a2d5c3e04913dbb2c4f6,0.0,player.proportion,25.0,45.92,False,0.0,0.0
163,0002028871--6297482c1cd4a2502eff7b9e,0.0,0.0,70.0,-50.0,50.0,50.0,nr,0.0,00020297d6--6297b69be14f7b062a230aef,50.0,player.own_dg_belief,-50.0,50.0,False,0.0,0.5
164,0002028871--629747aec2dd7967c03654df,0.0,0.0,50.0,0.0,60.0,20.0,nr,-50.0,00020297d6--6297a6451a1597570c3e756f,0.0,player.vl_pro_belief,60.0,7.100000000000001,True,0.25,0.25
165,0002028871--629747cfaee53a0f1ca05c5f,0.0,1.0,80.0,-40.0,50.0,40.0,nr,-50.0,00020297d6--6297a35dc2dd7967c03a84a1,0.0,player.proportion,80.0,9.079999999999998,True,0.25,0.25
166,0002028871--629747e4095c8b3014ae2956,0.0,1.0,30.0,-30.0,20.0,50.0,nr,-10.0,00020297d6--6297b2348d75da35c181a8f0,40.0,player.proportion,30.0,40.92,False,0.0,0.4
167,0002028871--629747d78d75da35c17b241b,0.0,1.0,99.0,50.0,99.0,99.0,nr,30.0,00020297d6--6297c1424796d7421d192112,80.0,player.vl_contra_belief,99.0,47.0,False,0.0,0.8
168,0002028871--629748ab1a1597570c3a2fc9,0.0,1.0,70.0,0.0,50.0,20.0,nr,-40.0,00020297d6--6297bcf088f65848589eb8d6,10.0,player.vl_contra_belief,20.0,32.0,False,0.0,0.1
169,0002028871--629747de4796d7421d10a832,0.0,1.0,82.0,30.0,68.0,45.0,nr,-50.0,00020297d6--6297a3a8379f925fdf5b422b,0.0,player.proportion,82.0,11.079999999999998,False,0.0,0.0
170,0002028871--6297495b8753764e91f1e799,0.0,1.0,93.0,-50.0,90.0,55.0,nr,50.0,00020297d6--6297a37e31ed6801133a14b6,100.0,player.vl_pro_belief,90.0,37.1,False,0.0,1.0
171,0002028871--629747ea0f0a604a6d56914d,0.0,1.0,80.0,0.0,50.0,10.0,nr,0.0,00020297d6--6297a39cce71890706f4fb71,50.0,player.proportion,80.0,9.079999999999998,True,0.25,0.75
172,0002028871--629747f98d75da35c17b267d,0.0,1.0,70.0,0.0,10.0,50.0,nr,0.0,00020297d6--6297ba40ba0e0c481ed4cb11,50.0,player.proportion,70.0,0.9200000000000017,True,0.25,0.75
173,0002028871--629747c5286bd91e83d44560,0.0,0.0,40.0,0.0,20.0,10.0,nr,50.0,00020297d6--6297b98c0f0a604a6d5bf3a7,100.0,player.own_dg_belief,0.0,50.0,False,0.0,1.0
174,0002028871--629747f2c4f9241828c4dc58,0.0,0.0,30.0,0.0,10.0,20.0,nr,-50.0,00020297d6--6297b9319c973a4d0b819815,0.0,player.own_dg_belief,0.0,50.0,False,0.0,0.0
175,0002028871--629747e6e796a155f00e3af5,0.0,0.0,60.0,0.0,80.0,60.0,nr,-50.0,00020297d6--6297b919ce71890706f5e1f8,0.0,player.vl_contra_belief,60.0,8.0,True,0.25,0.25
176,0002028871--629747fe9e3b850db61b3cee,0.0,1.0,70.0,0.0,30.0,0.0,nr,0.0,00020297d6--6297b8a756b7cb048e271a01,50.0,player.vl_contra_belief,0.0,52.0,False,0.0,0.5
177,0002028871--629747f88d75da35c17b2661,0.0,0.0,70.0,30.0,70.0,30.0,nr,0.0,00020297d6--6297a458a743b42b6ad10797,50.0,player.vl_pro_belief,70.0,17.1,False,0.0,0.5
178,0002028871--629747ee27b7222acc7b36d2,0.0,1.0,75.0,-50.0,20.0,10.0,nr,-50.0,00020297d6--6297a470fc16bb14cdf460ed,0.0,player.vl_pro_belief,20.0,32.9,False,0.0,0.0
179,0002028871--629748011a1597570c3a286c,0.0,0.0,50.0,-50.0,50.0,100.0,nr,20.0,00020297d6--6297a478035b7842af57e448,70.0,player.vl_contra_belief,100.0,48.0,False,0.0,0.7
180,0002028871--6297481c0808263f55080fef,0.0,1.0,70.0,0.0,20.0,20.0,nr,10.0,00020297d6--6297a4826789b1401e9a5aee,60.0,player.own_dg_belief,0.0,10.0,True,0.25,0.85
181,0002028871--629747f11b437b49aa76b09b,0.0,1.0,70.0,20.0,20.0,5.0,nr,20.0,00020297d6--6297a4be72b8b44b5c9288e6,70.0,player.own_dg_belief,20.0,0.0,True,0.25,0.95
182,0002028871--6297491785c5c060cec5cc80,0.0,0.0,30.0,-30.0,20.0,20.0,nr,0.0,00020297d6--6297b80bab45cb7cbab8a8cd,50.0,player.proportion,30.0,40.92,False,0.0,0.5
183,0002028871--6297482b3e70ba48f975e86b,0.0,1.0,65.0,0.0,30.0,60.0,nr,0.0,00020297d6--6297b7e58d75da35c181f760,50.0,player.own_dg_belief,0.0,0.0,True,0.25,0.75
184,0002028871--629746dcfc16bb14cdf02a00,0.0,1.0,50.0,0.0,25.0,20.0,nr,-10.0,00020297d6--6297a5d5592d6a25806683b4,40.0,player.vl_pro_belief,25.0,27.9,False,0.0,0.4
185,0002028871--6297483b0808263f550811ff,0.0,1.0,60.0,0.0,10.0,10.0,nr,-50.0,00020297d6--6297a5cb5bb53b198cc4f0b2,0.0,player.own_dg_belief,0.0,50.0,False,0.0,0.0
186,0002028871--629748348717592fea4e36d2,0.0,1.0,50.0,-50.0,0.0,0.0,nr,0.0,00020297d6--6297a5f90808263f55103941,50.0,player.own_dg_belief,-50.0,50.0,False,0.0,0.5
187,0002028871--629747c0ce71890706f0922d,0.0,0.0,85.0,-50.0,50.0,20.0,nr,0.0,00020297d6--6297b63a592d6a25806759fc,50.0,player.proportion,85.0,14.079999999999998,False,0.0,0.5
188,0002028871--629746a627b7222acc7b2869,0.0,0.0,35.0,0.0,80.0,35.0,nr,0.0,00020297d6--6297a7291cd4a2502e036d8f,50.0,player.proportion,35.0,35.92,False,0.0,0.5
189,0002028871--629747e3095c8b3014ae294a,0.0,1.0,80.0,0.0,40.0,45.0,nr,-50.0,00020297d6--62979f30e796a155f0145fb5,0.0,player.own_dg_belief,0.0,50.0,False,0.0,0.0
190,0002028871--62974779343b1203f373f35e,0.0,1.0,60.0,10.0,50.0,50.0,nr,-50.0,00020297d6--6298028cab45cb7cbaba85aa,0.0,player.vl_pro_belief,50.0,2.8999999999999986,True,0.25,0.25
191,0002028871--62974657e14f7b062a1eac5e,0.0,0.0,15.0,0.0,0.0,0.0,nr,0.0,00020297d6--6297991772b8b44b5c91f28f,50.0,player.own_dg_belief,0.0,0.0,True,0.25,0.75
192,0002028871--6297475d8717592fea4e2f45,0.0,1.0,70.0,-50.0,100.0,100.0,nr,0.0,00020297d6--6297992e85c5c060cecad462,50.0,player.vl_pro_belief,100.0,47.1,False,0.0,0.5
193,0002028871--6297468ec3e04913dbad8993,0.0,1.0,80.0,0.0,80.0,20.0,nr,0.0,00020297d6--62979911343b1203f379338c,50.0,player.proportion,80.0,9.079999999999998,True,0.25,0.75
194,0002028871--62974676aee53a0f1ca046e9,0.0,1.0,73.0,-40.0,27.0,0.0,nr,-50.0,00020297d6--629798948753764e91f64dfb,0.0,player.vl_pro_belief,27.0,25.9,False,0.0,0.0
195,0002028871--6297468931ed680113357dc0,0.0,1.0,85.0,20.0,50.0,10.0,nr,20.0,00020297d6--6297991efc16bb14cdf3ce7d,70.0,player.own_dg_belief,20.0,0.0,True,0.25,0.95
196,0002028871--629746a8ce71890706f085e3,0.0,0.0,10.0,20.0,100.0,10.0,nr,-40.0,00020297d6--62979958286bd91e83d9e927,10.0,player.vl_pro_belief,100.0,47.1,False,0.0,0.1
197,0002028871--629746a0b8c3540865c908b0,0.0,0.0,30.0,20.0,80.0,10.0,nr,20.0,00020297d6--6297988c31ed680113397e23,70.0,player.proportion,30.0,40.92,False,0.0,0.7
198,0002028871--629746ba592d6a2580613eac,0.0,0.0,80.0,0.0,100.0,50.0,nr,20.0,00020297d6--6297987a6789b1401e99c05b,70.0,player.proportion,80.0,9.079999999999998,True,0.25,0.95
199,0002028871--629746b2f97bee03d01134d5,0.0,1.0,60.0,-40.0,50.0,50.0,nr,0.0,00020297d6--62979884b8c3540865ceb3a4,50.0,player.vl_contra_belief,50.0,2.0,True,0.25,0.75
200,0002028871--629746c89c973a4d0b7c41d8,0.0,0.0,60.0,0.0,30.0,60.0,nr,-50.0,00020297d6--629799519c973a4d0b806209,0.0,player.own_dg_belief,0.0,50.0,False,0.0,0.0
201,0002028871--629746ae1a1597570c3a1a3f,0.0,0.0,10.0,50.0,80.0,50.0,nr,0.0,00020297d6--62979987e796a155f013edcc,50.0,player.proportion,10.0,60.92,False,0.0,0.5
202,0002028871--629746b9c4f9241828c4c948,0.0,1.0,40.0,-10.0,20.0,50.0,nr,-20.0,00020297d6--6297985fa743b42b6ad072f2,30.0,player.proportion,40.0,30.92,False,0.0,0.3
203,0002028871--629746cb318cc4235d14eec9,0.0,0.0,30.0,-30.0,35.0,25.0,nr,0.0,00020297d6--6297997cdf858e094c97002a,50.0,player.vl_pro_belief,35.0,17.9,False,0.0,0.5
204,0002028871--629746bec5228a2201b10c09,0.0,0.0,30.0,0.0,10.0,15.0,nr,0.0,00020297d6--6297998b1cd4a2502e02f5dd,50.0,player.vl_contra_belief,15.0,37.0,False,0.0,0.5
205,0002028871--6297466e56b7cb048e21888a,0.0,0.0,70.0,-50.0,10.0,10.0,nr,0.0,00020297d6--62979996df858e094c97018d,50.0,player.proportion,70.0,0.9200000000000017,True,0.25,0.75
206,0002028871--629747410209472a2f14a1a3,0.0,0.0,30.0,-50.0,20.0,30.0,nr,20.0,00020297d6--629799d585c5c060cecadf7b,70.0,player.own_dg_belief,-50.0,70.0,False,0.0,0.7
207,0002028871--629746e527b7222acc7b2a93,0.0,0.0,65.0,-50.0,30.0,25.0,nr,20.0,00020297d6--629798006789b1401e99b9c5,70.0,player.vl_contra_belief,25.0,27.0,False,0.0,0.7
208,0002028871--629746c0379f925fdf55b5f3,0.0,1.0,70.0,0.0,40.0,55.0,nr,0.0,00020297d6--629798940bd50b27550987a2,50.0,player.own_dg_belief,0.0,0.0,True,0.25,0.75
209,0002028871--629746cf1cd4a2502eff7119,0.0,0.0,68.0,-50.0,0.0,10.0,nr,-50.0,00020297d6--62979a23e14f7b062a220354,0.0,player.vl_pro_belief,0.0,52.9,False,0.0,0.0
210,0002028871--629746e4379f925fdf55b826,0.0,1.0,90.0,0.0,10.0,0.0,nr,0.0,00020297d6--62979a20e7caf416d32b942c,50.0,player.vl_pro_belief,10.0,42.9,False,0.0,0.5
211,0002028871--629746da85c5c060cec5a94b,0.0,0.0,70.0,20.0,50.0,30.0,nr,0.0,00020297d6--62979a17ce71890706f48549,50.0,player.own_dg_belief,20.0,20.0,False,0.0,0.5
212,0002028871--629746ed1cd4a2502eff7244,0.0,0.0,75.0,-30.0,50.0,50.0,nr,0.0,00020297d6--62979a63e7caf416d32b975f,50.0,player.vl_pro_belief,50.0,2.8999999999999986,True,0.25,0.75
213,0002028871--629746e78d75da35c17b160f,0.0,1.0,80.0,-20.0,70.0,50.0,nr,0.0,00020297d6--62979a659c973a4d0b806e28,50.0,player.vl_pro_belief,70.0,17.1,False,0.0,0.5
214,0002028871--629746834796d7421d10940f,0.0,0.0,30.0,-20.0,10.0,10.0,nr,0.0,00020297d6--62979aa5e796a155f0140151,50.0,player.own_dg_belief,-20.0,20.0,False,0.0,0.5
215,0002028871--629746e6c5228a2201b10e08,0.0,0.0,95.0,50.0,80.0,10.0,nr,0.0,00020297d6--62979921035b7842af571010,50.0,player.vl_pro_belief,80.0,27.1,False,0.0,0.5
216,0002028871--629746f4ce71890706f08911,0.0,1.0,80.0,20.0,10.0,0.0,nr,-50.0,00020297d6--62979ad6318cc4235d189c77,0.0,player.vl_pro_belief,10.0,42.9,False,0.0,0.0
217,0002028871--629746de0808263f5507fe67,0.0,1.0,45.0,0.0,0.0,0.0,nr,0.0,00020297d6--629798f90f0a604a6d5a69fc,50.0,player.vl_pro_belief,0.0,52.9,False,0.0,0.5
218,0002028871--629746fd88f658485895d831,0.0,1.0,60.0,-50.0,10.0,75.0,nr,-50.0,00020297d6--62979915b8c3540865cebe4e,0.0,player.vl_contra_belief,75.0,23.0,False,0.0,0.0
219,0002028871--629746df343b1203f373eaf8,0.0,1.0,30.0,-50.0,20.0,80.0,nr,0.0,00020297d6--629798874796d7421d164e47,50.0,player.proportion,30.0,40.92,False,0.0,0.5
220,0002028871--6297469a095c8b3014ae1b41,0.0,1.0,60.0,-40.0,50.0,30.0,nr,0.0,00020297d6--629798aeb8c3540865ceb61c,50.0,player.proportion,60.0,10.920000000000002,True,0.25,0.75
221,0002028871--629746b01b437b49aa769a4e,0.0,1.0,60.0,0.0,50.0,60.0,nr,-50.0,00020297d6--629798be318cc4235d18834c,0.0,player.vl_pro_belief,50.0,2.8999999999999986,True,0.25,0.25
222,0002028871--629746ad8753764e91f1c882,0.0,1.0,50.0,50.0,50.0,100.0,nr,20.0,00020297d6--6297988bc4f9241828cae235,70.0,player.proportion,50.0,20.92,False,0.0,0.7
223,0002028871--629746580209472a2f14967b,0.0,0.0,5.0,0.0,5.0,80.0,nr,-20.0,00020297d6--6297988ab8c3540865ceb3ec,30.0,player.own_dg_belief,0.0,20.0,False,0.0,0.3
224,0002028871--629746538753764e91f1c544,0.0,0.0,50.0,-50.0,50.0,50.0,nr,-20.0,00020297d6--629798b50808263f550f2c5f,30.0,player.own_dg_belief,-50.0,30.0,False,0.0,0.3
225,0002028871--6297465572b8b44b5c8d742e,0.0,1.0,90.0,0.0,80.0,2.0,nr,20.0,00020297d6--629798d188f65848589ca389,70.0,player.proportion,90.0,19.08,False,0.0,0.7
226,0002028871--62974664286bd91e83d43652,0.0,1.0,85.0,-10.0,60.0,30.0,nr,0.0,00020297d6--629798c855a6576a01d48744,50.0,player.proportion,85.0,14.079999999999998,False,0.0,0.5
227,0002028871--6297466731ed680113357ced,0.0,1.0,70.0,-50.0,60.0,30.0,nr,-50.0,00020297d6--6297988031ed680113397d9c,0.0,player.proportion,70.0,0.9200000000000017,True,0.25,0.25
228,0002028871--6297466a72b8b44b5c8d7549,0.0,0.0,10.0,-30.0,50.0,70.0,nr,-40.0,00020297d6--629798c685c5c060cecacdc1,10.0,player.own_dg_belief,-30.0,10.0,True,0.25,0.35
229,0002028871--629746720209472a2f14979f,0.0,0.0,25.0,0.0,40.0,60.0,nr,-10.0,00020297d6--62979889e796a155f013dd2b,40.0,player.proportion,25.0,45.92,False,0.0,0.4
230,0002028871--62974670318cc4235d14eaef,0.0,0.0,40.0,0.0,50.0,50.0,nr,50.0,00020297d6--6297988f8753764e91f64d15,100.0,player.vl_pro_belief,50.0,2.8999999999999986,True,0.25,1.25
231,0002028871--62974651343b1203f373e23f,0.0,1.0,50.0,20.0,50.0,50.0,nr,0.0,00020297d6--629798a80db9233408653188,50.0,player.own_dg_belief,20.0,20.0,False,0.0,0.5
232,0002028871--62974684c2dd7967c036489c,0.0,0.0,76.0,-30.0,50.0,50.0,nr,0.0,00020297d6--629798dbe7caf416d32b86bb,50.0,player.vl_contra_belief,50.0,2.0,True,0.25,0.75
233,0002028871--62974673aee53a0f1ca046ba,0.0,1.0,10.0,50.0,10.0,10.0,nr,0.0,00020297d6--629798cf1b437b49aa7b400c,50.0,player.own_dg_belief,50.0,50.0,False,0.0,0.5
234,0002028871--62974671343b1203f373e3ea,0.0,1.0,77.0,-50.0,50.0,50.0,nr,-30.0,00020297d6--6297988dc5079d57c581067b,20.0,player.vl_contra_belief,50.0,2.0,True,0.25,0.45
235,0002028871--629746621b437b49aa7697cd,0.0,0.0,50.0,-30.0,70.0,30.0,nr,30.0,00020297d6--629798d30f0a604a6d5a6809,80.0,player.vl_contra_belief,30.0,22.0,False,0.0,0.8
236,0002028871--62974685b8c3540865c90775,0.0,0.0,40.0,-20.0,70.0,40.0,nr,-50.0,00020297d6--629798e1318cc4235d188500,0.0,player.own_dg_belief,-20.0,30.0,False,0.0,0.0
237,0002028871--6297468b8d75da35c17b114d,0.0,1.0,95.0,0.0,95.0,95.0,nr,-50.0,00020297d6--629798c4095c8b3014b2324a,0.0,player.vl_pro_belief,95.0,42.1,False,0.0,0.0
238,0002028871--62974686343b1203f373e545,0.0,1.0,70.0,30.0,80.0,60.0,nr,20.0,00020297d6--62979895ce71890706f4746b,70.0,player.vl_contra_belief,60.0,8.0,True,0.25,0.95
239,0002028871--629746624796d7421d1091b4,0.0,0.0,40.0,-20.0,90.0,90.0,nr,50.0,00020297d6--6297990a0f0a604a6d5a6a6a,100.0,player.vl_pro_belief,90.0,37.1,False,0.0,1.0
240,0002028871--62974672aee53a0f1ca046b0,0.0,0.0,50.0,-20.0,50.0,50.0,nr,0.0,00020297d6--6297990875f2ea5422cfb329,50.0,player.proportion,50.0,20.92,False,0.0,0.5
241,0002028871--6297467fc5079d57c57d492a,0.0,1.0,90.0,0.0,50.0,50.0,nr,0.0,00020297d6--629799029e3b850db6203144,50.0,player.own_dg_belief,0.0,0.0,True,0.25,0.75
242,0002028871--6297465ae7caf416d327e461,0.0,0.0,70.0,-50.0,0.0,0.0,nr,-10.0,00020297d6--62979e44ab45cb7cbab78c5c,40.0,player.vl_contra_belief,0.0,52.0,False,0.0,0.4
243,0002028871--62974692286bd91e83d4382b,0.0,0.0,20.0,0.0,20.0,15.0,nr,0.0,00020297d6--62979aa3f97bee03d016532c,50.0,player.proportion,20.0,50.92,False,0.0,0.5
244,0002028871--6297467431ed680113357d35,0.0,0.0,20.0,0.0,10.0,50.0,nr,-20.0,00020297d6--629799dd8d75da35c1800f3b,30.0,player.vl_contra_belief,50.0,2.0,True,0.25,0.55
245,0002028871--6297467e318cc4235d14eb7f,0.0,1.0,70.0,0.0,50.0,30.0,nr,20.0,00020297d6--62979adb1cd4a2502e030432,70.0,player.own_dg_belief,0.0,20.0,False,0.0,0.7
246,0002028871--62974677c3e04913dbad88b5,0.0,1.0,70.0,-30.0,50.0,80.0,nr,50.0,00020297d6--62979bb5e796a155f0141c07,100.0,player.vl_pro_belief,50.0,2.8999999999999986,True,0.25,1.25
247,0002028871--6297466f0808263f5507f882,0.0,1.0,70.0,0.0,80.0,80.0,nr,0.0,00020297d6--62979bd51a1597570c3df158,50.0,player.own_dg_belief,0.0,0.0,True,0.25,0.75
248,0002028871--62974693a743b42b6acb4db1,0.0,1.0,80.0,-50.0,70.0,20.0,nr,0.0,00020297d6--62979bcb592d6a258065da09,50.0,player.own_dg_belief,-50.0,50.0,False,0.0,0.5
249,0002028871--62974697e14f7b062a1eaeec,0.0,1.0,90.0,20.0,90.0,80.0,nr,0.0,00020297d6--62979aae0808263f550f604d,50.0,player.vl_pro_belief,90.0,37.1,False,0.0,0.5
250,0002028871--629746f8e7caf416d327ebe0,0.0,0.0,50.0,-50.0,50.0,30.0,nr,-20.0,00020297d6--629797f5a743b42b6ad06e4a,30.0,player.vl_pro_belief,50.0,2.8999999999999986,True,0.25,0.55
251,0002028871--629746e84796d7421d1099be,0.0,0.0,20.0,0.0,75.0,40.0,nr,-40.0,00020297d6--62979b84631aea4812979157,10.0,player.vl_contra_belief,40.0,12.0,False,0.0,0.1
252,0002028871--62974786e7caf416d327f1bb,0.0,1.0,85.0,-50.0,50.0,90.0,nr,20.0,00020297d6--629797e60808263f550f1ec6,70.0,player.vl_contra_belief,90.0,38.0,False,0.0,0.7
253,0002028871--6297470b72b8b44b5c8d7d3a,0.0,1.0,78.0,-30.0,14.0,17.0,nr,-50.0,00020297d6--62979c024796d7421d169113,0.0,player.proportion,78.0,7.079999999999998,True,0.25,0.25
254,0002028871--629746e88d75da35c17b163a,0.0,1.0,77.0,0.0,90.0,30.0,nr,0.0,00020297d6--629797ea0bd50b2755097fce,50.0,player.proportion,77.0,6.079999999999998,True,0.25,0.75
255,0002028871--629746ce0808263f5507fda5,0.0,1.0,75.0,30.0,30.0,50.0,nr,-50.0,00020297d6--629797d6a743b42b6ad06cd9,0.0,player.vl_contra_belief,50.0,2.0,True,0.25,0.25
256,0002028871--6297476085c5c060cec5b0ee,0.0,0.0,28.0,0.0,50.0,50.0,nr,0.0,00020297d6--62979c57379f925fdf5b1cbb,50.0,player.own_dg_belief,0.0,0.0,True,0.25,0.75
257,0002028871--62974724095c8b3014ae20f3,0.0,0.0,50.0,0.0,60.0,60.0,nr,0.0,00020297d6--62979c60095c8b3014b26029,50.0,player.vl_contra_belief,60.0,8.0,True,0.25,0.75
258,0002028871--6297470988f658485895d8a1,0.0,1.0,90.0,20.0,30.0,1.0,nr,10.0,00020297d6--62979bff035b7842af5746f8,60.0,player.vl_contra_belief,1.0,51.0,False,0.0,0.6
259,0002028871--6297472b0db9233408624107,0.0,0.0,9.0,-40.0,60.0,30.0,nr,-20.0,00020297d6--629797cbe796a155f013cf64,30.0,player.proportion,9.0,61.92,False,0.0,0.3
260,0002028871--6297472755a82f0add5487df,0.0,0.0,10.0,20.0,10.0,10.0,nr,0.0,00020297d6--62979d4785c5c060cecb1bb0,50.0,player.vl_contra_belief,10.0,42.0,False,0.0,0.5
261,0002028871--629746feb8c3540865c90e8a,0.0,0.0,70.0,10.0,25.0,25.0,nr,-50.0,00020297d6--62979d5655a6576a01d4c1dc,0.0,player.proportion,70.0,0.9200000000000017,True,0.25,0.25
262,0002028871--6297472e6789b1401e95db30,0.0,0.0,20.0,0.0,30.0,10.0,nr,50.0,00020297d6--629797bfc5079d57c580fe06,100.0,player.proportion,20.0,50.92,False,0.0,1.0
263,0002028871--6297472a4796d7421d109d76,0.0,1.0,70.0,-30.0,50.0,30.0,nr,-50.0,00020297d6--62979d64fc16bb14cdf4069f,0.0,player.vl_contra_belief,30.0,22.0,False,0.0,0.0
264,0002028871--629747221b437b49aa769f2f,0.0,1.0,100.0,50.0,100.0,50.0,nr,-50.0,00020297d6--62979d74b8c3540865cf1934,0.0,player.proportion,100.0,29.08,False,0.0,0.0
265,0002028871--62974732aee53a0f1ca05371,0.0,0.0,65.0,0.0,75.0,30.0,nr,-10.0,00020297d6--62979d98095c8b3014b270af,40.0,player.vl_contra_belief,30.0,22.0,False,0.0,0.4
266,0002028871--6297470f592d6a25806142f1,0.0,1.0,90.0,50.0,90.0,20.0,nr,20.0,00020297d6--62979d990f0a604a6d5aac96,70.0,player.vl_pro_belief,90.0,37.1,False,0.0,0.7
267,0002028871--629747668d75da35c17b1cd6,0.0,1.0,80.0,0.0,60.0,60.0,nr,-40.0,00020297d6--629797ad4796d7421d164138,10.0,player.vl_contra_belief,60.0,8.0,True,0.25,0.35
268,0002028871--629747560808263f55080595,0.0,0.0,50.0,0.0,70.0,50.0,nr,0.0,00020297d6--629797bbfc16bb14cdf3bd78,50.0,player.vl_pro_belief,70.0,17.1,False,0.0,0.5
269,0002028871--62974706343b1203f373ed22,0.0,1.0,54.0,0.0,0.0,0.0,nr,-20.0,00020297d6--62979da96789b1401e9a0514,30.0,player.proportion,54.0,16.92,False,0.0,0.3
270,0002028871--6297471ba743b42b6acb54be,0.0,1.0,95.0,-10.0,96.0,70.0,nr,50.0,00020297d6--62979bec8d75da35c1803665,100.0,player.proportion,95.0,24.08,False,0.0,1.0
271,0002028871--62974754095c8b3014ae22ac,0.0,0.0,70.0,0.0,90.0,40.0,nr,-50.0,00020297d6--62979b56b8c3540865cef26c,0.0,player.proportion,70.0,0.9200000000000017,True,0.25,0.25
272,0002028871--62974750ab45cb7cbab381e9,0.0,0.0,70.0,0.0,70.0,60.0,nr,-50.0,00020297d6--62979b808d75da35c1802e65,0.0,player.vl_contra_belief,60.0,8.0,True,0.25,0.25
273,0002028871--629746ca035b7842af527e3b,0.0,1.0,90.0,-40.0,50.0,50.0,nr,50.0,00020297d6--629798abc2dd7967c03a01c5,100.0,player.vl_contra_belief,50.0,2.0,True,0.25,1.25
274,0002028871--62974738286bd91e83d44005,0.0,1.0,40.0,0.0,80.0,100.0,nr,-50.0,00020297d6--6297980588f65848589c98d2,0.0,player.proportion,40.0,30.92,False,0.0,0.0
275,0002028871--62974740f97bee03d0113a7d,0.0,1.0,75.0,-50.0,57.0,50.0,nr,0.0,00020297d6--62979ae08d75da35c180222c,50.0,player.vl_contra_belief,50.0,2.0,True,0.25,0.75
276,0002028871--6297471331ed680113358319,0.0,1.0,75.0,40.0,50.0,10.0,nr,-50.0,00020297d6--62979af175f2ea5422cfca32,0.0,player.own_dg_belief,40.0,90.0,False,0.0,0.0
277,0002028871--6297470a0209472a2f149e46,0.0,1.0,80.0,0.0,50.0,30.0,nr,20.0,00020297d6--62979b53592d6a258065d421,70.0,player.own_dg_belief,0.0,20.0,False,0.0,0.7
278,0002028871--62974734c4f9241828c4d333,0.0,0.0,60.0,0.0,75.0,25.0,nr,-50.0,00020297d6--62979addce71890706f48f40,0.0,player.vl_contra_belief,25.0,27.0,False,0.0,0.0
279,0002028871--62974705b8c3540865c90ed9,0.0,0.0,75.0,50.0,70.0,30.0,nr,-20.0,00020297d6--6297981bb8c3540865ceacfb,30.0,player.vl_pro_belief,70.0,17.1,False,0.0,0.3
280,0002028871--62974749c4f9241828c4d421,0.0,1.0,90.0,-40.0,80.0,50.0,nr,10.0,00020297d6--62979aa80bd50b275509a245,60.0,player.own_dg_belief,-40.0,50.0,False,0.0,0.6
281,0002028871--629747530808263f55080582,0.0,1.0,80.0,50.0,60.0,20.0,nr,0.0,00020297d6--62979b139c973a4d0b807648,50.0,player.vl_contra_belief,20.0,32.0,False,0.0,0.5
282,0002028871--6297470d0209472a2f149e5e,0.0,1.0,76.0,0.0,80.0,15.0,nr,-50.0,00020297d6--62979b3aa743b42b6ad09901,0.0,player.own_dg_belief,0.0,50.0,False,0.0,0.0
283,0002028871--629746b4c3e04913dbad8b9b,0.0,1.0,70.0,-50.0,20.0,30.0,nr,-50.0,00020297d6--62979b43343b1203f3795a7d,0.0,player.vl_pro_belief,20.0,32.9,False,0.0,0.0
284,0002028871--62974681095c8b3014ae1a2d,1.0,1.0,85.0,20.0,75.0,45.0,yes,20.0,00020297d6--62979862f97bee03d0163a39,70.0,player.vl_contra_belief,45.0,7.0,True,0.25,0.95
285,0002028871--6297466cba0e0c481ece9125,1.0,1.0,80.0,0.0,80.0,50.0,yes,50.0,00020297d6--6297c6e2c4f9241828cd81b6,100.0,player.vl_contra_belief,50.0,2.0,True,0.25,1.25
286,0002028871--629748eaa743b42b6acb6806,1.0,1.0,85.0,0.0,50.0,50.0,yes,30.0,00020297d6--62979891ce71890706f4745c,80.0,player.vl_contra_belief,50.0,2.0,True,0.25,1.05
287,0002028871--62974720379f925fdf55bc17,1.0,1.0,3.0,-20.0,3.0,3.0,yes,0.0,00020297d6--6297cf49b8c3540865d23547,50.0,player.vl_contra_belief,3.0,49.0,False,0.0,0.5
288,0002028871--629748dbc5228a2201b12625,1.0,1.0,90.0,0.0,75.0,15.0,yes,20.0,00020297d6--6297f8d80db92334086753e4,70.0,player.vl_contra_belief,15.0,37.0,False,0.0,0.7
289,0002028871--6297491c88f658485895f363,1.0,1.0,80.0,-30.0,90.0,100.0,yes,-50.0,00020297d6--6297db2f88f65848589ff3a0,0.0,player.vl_pro_belief,90.0,37.1,False,0.0,0.0
290,0002028871--629747390bd50b275505189d,1.0,1.0,88.0,0.0,50.0,50.0,yes,20.0,00020297d6--6297b8f78753764e91f8078a,70.0,player.vl_contra_belief,50.0,2.0,True,0.25,0.95
291,0002028871--629746944796d7421d1094d0,1.0,1.0,30.0,-50.0,80.0,50.0,yes,10.0,00020297d6--6297b81f095c8b3014b3aa8a,60.0,player.vl_contra_belief,50.0,2.0,True,0.25,0.85
292,0002028871--62974680c2dd7967c0364867,1.0,1.0,70.0,40.0,50.0,70.0,yes,10.0,00020297d6--629798390209472a2f191b22,60.0,player.own_dg_belief,40.0,30.0,False,0.0,0.6
293,0002028871--6297474dc3e04913dbad91cf,1.0,1.0,50.0,50.0,50.0,50.0,yes,-20.0,00020297d6--629798116789b1401e99bad0,30.0,player.vl_pro_belief,50.0,2.8999999999999986,True,0.25,0.55
294,0002028871--6297492eba0e0c481eceb34b,1.0,1.0,80.0,0.0,80.0,80.0,yes,-30.0,00020297d6--629797bca743b42b6ad06bc1,20.0,player.proportion,80.0,9.079999999999998,True,0.25,0.45
295,0002028871--629747188d75da35c17b189a,1.0,1.0,70.0,0.0,80.0,50.0,yes,20.0,00020297d6--6297fdea631aea48129a5c55,70.0,player.vl_contra_belief,50.0,2.0,True,0.25,0.95
296,0002028871--6297479e8d75da35c17b1f11,1.0,1.0,90.0,-20.0,50.0,50.0,yes,0.0,00020297d6--6297980db8c3540865ceac40,50.0,player.vl_contra_belief,50.0,2.0,True,0.25,0.75
297,0002028871--6297473327b7222acc7b2e74,1.0,1.0,80.0,0.0,50.0,40.0,yes,0.0,00020297d6--6297d71e8d75da35c1837f09,50.0,player.proportion,80.0,9.079999999999998,True,0.25,0.75
298,0002028871--62974696b8c3540865c9082c,1.0,1.0,70.0,0.0,80.0,50.0,yes,20.0,00020297d6--629798424796d7421d164a0e,70.0,player.vl_pro_belief,80.0,27.1,False,0.0,0.7
299,0002028871--62974915b8c3540865c932b2,1.0,1.0,60.0,0.0,40.0,60.0,yes,0.0,00020297d6--629798921b437b49aa7b3c03,50.0,player.own_dg_belief,0.0,0.0,True,0.25,0.75
300,0002028871--6297491e72b8b44b5c8d968a,1.0,1.0,75.0,-40.0,50.0,50.0,yes,-20.0,00020297d6--6297ff4a592d6a25806a0053,30.0,player.own_dg_belief,-40.0,20.0,False,0.0,0.3
301,0002028871--629747820db92334086243c6,1.0,1.0,30.0,0.0,50.0,50.0,yes,-50.0,00020297d6--629798a2592d6a258065a10e,0.0,player.own_dg_belief,0.0,50.0,False,0.0,0.0
302,0002028871--629747c4286bd91e83d44552,1.0,1.0,50.0,30.0,50.0,50.0,yes,0.0,00020297d6--629800b80209472a2f1c8227,50.0,player.vl_pro_belief,50.0,2.8999999999999986,True,0.25,0.75
303,0002028871--6297491f8d75da35c17b3983,1.0,1.0,20.0,30.0,70.0,30.0,yes,40.0,00020297d6--6297984ec5228a2201b50a45,90.0,player.vl_contra_belief,30.0,22.0,False,0.0,0.9
304,0002028871--6297481655a6576a01d097ad,1.0,1.0,80.0,20.0,60.0,40.0,yes,20.0,00020297d6--6297f0754796d7421d1affa3,70.0,player.own_dg_belief,20.0,0.0,True,0.25,0.95
305,0002028871--62975399aee53a0f1ca12d85,1.0,1.0,80.0,0.0,99.0,19.0,yes,20.0,00020297d6--6297dd26095c8b3014b52475,70.0,player.vl_contra_belief,19.0,33.0,False,0.0,0.7
306,0002028871--6297539b72b8b44b5c8e31ce,1.0,1.0,75.0,-50.0,50.0,50.0,yes,0.0,00020297d6--6297ce581cd4a2502e049c48,50.0,player.own_dg_belief,-50.0,50.0,False,0.0,0.5
307,0002028871--62974650ba0e0c481ece905a,1.0,1.0,80.0,50.0,80.0,20.0,yes,0.0,00020297d6--629797fc286bd91e83d9d4a2,50.0,player.own_dg_belief,50.0,50.0,False,0.0,0.5
308,0002028871--6297523a8d75da35c17bc6bb,1.0,1.0,75.0,50.0,50.0,0.0,yes,0.0,00020297d6--6297e21aa743b42b6ad36590,50.0,player.vl_pro_belief,50.0,2.8999999999999986,True,0.25,0.75
309,0002028871--629751b71cd4a2502efff11f,1.0,1.0,80.0,-30.0,50.0,50.0,yes,-20.0,00020297d6--6297c673e796a155f016fe85,30.0,player.own_dg_belief,-30.0,10.0,True,0.25,0.55
310,0002028871--62975145c2dd7967c036c2cd,1.0,1.0,90.0,50.0,50.0,90.0,yes,20.0,00020297d6--629798744796d7421d164d0c,70.0,player.proportion,90.0,19.08,False,0.0,0.7
311,0002028871--62974658318cc4235d14ea1c,1.0,1.0,60.0,-30.0,50.0,50.0,yes,0.0,00020297d6--6297c1e58d75da35c1828830,50.0,player.vl_pro_belief,50.0,2.8999999999999986,True,0.25,0.75
312,0002028871--6297476d55a82f0add548a94,1.0,1.0,70.0,0.0,90.0,30.0,yes,20.0,00020297d6--6297987e8d75da35c17ff548,70.0,player.own_dg_belief,0.0,20.0,False,0.0,0.7
313,0002028871--62974d3bfc16bb14cdf07201,1.0,1.0,80.0,0.0,80.0,80.0,yes,-50.0,00020297d6--6297be218753764e91f84602,0.0,player.proportion,80.0,9.079999999999998,True,0.25,0.25
314,0002028871--6297477d56b7cb048e219427,1.0,1.0,78.0,0.0,70.0,70.0,yes,-50.0,00020297d6--6297bdbdab45cb7cbab8e75e,0.0,player.vl_pro_belief,70.0,17.1,False,0.0,0.0
315,0002028871--6297470e0db9233408623fc7,1.0,1.0,81.0,10.0,81.0,67.0,yes,0.0,00020297d6--6297985e286bd91e83d9db28,50.0,player.vl_pro_belief,81.0,28.1,False,0.0,0.5
316,0002028871--62974665df858e094c930124,1.0,1.0,18.0,-50.0,80.0,90.0,yes,20.0,00020297d6--6297bd4655a82f0add5a1a7c,70.0,player.vl_pro_belief,80.0,27.1,False,0.0,0.7
317,0002028871--629746c1631aea481293d52e,1.0,1.0,60.0,30.0,30.0,70.0,yes,0.0,00020297d6--6297986c592d6a2580659e72,50.0,player.vl_contra_belief,70.0,18.0,False,0.0,0.5
318,0002028871--6297465488f658485895d149,1.0,1.0,75.0,-20.0,45.0,80.0,yes,30.0,00020297d6--6297eaf59c973a4d0b830797,80.0,player.vl_contra_belief,80.0,28.0,False,0.0,0.8
319,0002028871--629746bace71890706f08693,1.0,1.0,70.0,-50.0,90.0,20.0,yes,0.0,00020297d6--629797e5c5079d57c580ff8f,50.0,player.own_dg_belief,-50.0,50.0,False,0.0,0.5
320,0002028871--629746f055a82f0add548489,1.0,1.0,78.0,0.0,70.0,45.0,yes,-50.0,00020297d6--6297bc41c5228a2201b6cd3d,0.0,player.vl_contra_belief,45.0,7.0,True,0.25,0.25
321,0002028871--62974666c4f9241828c4c097,1.0,1.0,75.0,-50.0,60.0,70.0,yes,0.0,00020297d6--6297bb990808263f5511aa12,50.0,player.own_dg_belief,-50.0,50.0,False,0.0,0.5
322,0002028871--6297467856b7cb048e2188e7,1.0,1.0,75.0,-50.0,30.0,60.0,yes,0.0,00020297d6--6297985d4796d7421d164bea,50.0,player.vl_pro_belief,30.0,22.9,False,0.0,0.5
323,0002028871--6297465cc3e04913dbad87bd,1.0,1.0,85.0,-50.0,50.0,50.0,yes,0.0,00020297d6--629798934796d7421d164f3a,50.0,player.vl_pro_belief,50.0,2.8999999999999986,True,0.25,0.75
324,0002028871--629749a74796d7421d10c5d6,1.0,1.0,70.0,30.0,50.0,50.0,yes,20.0,00020297d6--6297cd8756b7cb048e27c6df,70.0,player.own_dg_belief,30.0,10.0,True,0.25,0.95
325,0002028871--6297498be796a155f00e556e,1.0,1.0,75.0,0.0,50.0,50.0,yes,0.0,00020297d6--6297ea42592d6a2580696f03,50.0,player.vl_pro_belief,50.0,2.8999999999999986,True,0.25,0.75
326,0002028871--6297467d27b7222acc7b26a7,1.0,1.0,20.0,30.0,80.0,20.0,yes,20.0,00020297d6--629798860808263f550f29c3,70.0,player.vl_pro_belief,80.0,27.1,False,0.0,0.7
327,0002028871--6297467f1cd4a2502eff6f05,1.0,1.0,80.0,0.0,50.0,70.0,yes,20.0,00020297d6--6297986bce71890706f472d1,70.0,player.vl_contra_belief,70.0,18.0,False,0.0,0.7
328,0002028871--6297466bfc16bb14cdf02587,1.0,1.0,92.0,20.0,100.0,0.0,yes,-50.0,00020297d6--6297f06ac5079d57c583defe,0.0,player.vl_pro_belief,100.0,47.1,False,0.0,0.0
329,0002028871--629749394796d7421d10beab,1.0,1.0,100.0,-20.0,100.0,100.0,yes,20.0,00020297d6--629798681b437b49aa7b3a5b,70.0,player.own_dg_belief,-20.0,40.0,False,0.0,0.7
330,0002028871--6297465f1cd4a2502eff6e4b,1.0,1.0,80.0,50.0,80.0,50.0,yes,0.0,00020297d6--62979e531a1597570c3e1264,50.0,player.vl_contra_belief,50.0,2.0,True,0.25,0.75
331,0002028871--6297466df97bee03d011319f,1.0,1.0,90.0,20.0,80.0,70.0,yes,0.0,00020297d6--6297b3d5c3e04913dbb3a006,50.0,player.own_dg_belief,20.0,20.0,False,0.0,0.5
332,0002028871--629746740808263f5507f8b4,1.0,1.0,99.0,50.0,99.0,99.0,yes,0.0,00020297d6--62979b47c4f9241828cb0ba1,50.0,player.vl_contra_belief,99.0,47.0,False,0.0,0.5
333,0002028871--62974683ab45cb7cbab3781a,1.0,1.0,50.0,-40.0,50.0,40.0,yes,20.0,00020297d6--62979b59c5228a2201b5319e,70.0,player.proportion,50.0,20.92,False,0.0,0.7
334,0002028871--62974730c3e04913dbad90fb,1.0,1.0,78.0,-50.0,79.0,80.0,yes,-50.0,00020297d6--6297a1ffc2dd7967c03a71fe,0.0,player.vl_pro_belief,79.0,26.1,False,0.0,0.0
335,0002028871--6297542adf858e094c93a3ba,1.0,1.0,60.0,50.0,50.0,50.0,yes,20.0,00020297d6--62979b070f0a604a6d5a8a48,70.0,player.own_dg_belief,50.0,30.0,False,0.0,0.7
336,0002028871--629748b5e796a155f00e4895,1.0,1.0,75.0,50.0,50.0,25.0,yes,20.0,00020297d6--6297a2ba88f65848589d410d,70.0,player.vl_contra_belief,25.0,27.0,False,0.0,0.7
337,0002028871--629747b58d75da35c17b2066,1.0,1.0,70.0,-50.0,50.0,50.0,yes,0.0,00020297d6--62979afd8d75da35c18023f2,50.0,player.own_dg_belief,-50.0,50.0,False,0.0,0.5
338,0002028871--62974699631aea481293d40e,1.0,1.0,80.0,-50.0,50.0,50.0,yes,20.0,00020297d6--62979b43035b7842af5739b4,70.0,player.vl_contra_belief,50.0,2.0,True,0.25,0.95
339,0002028871--629746db6789b1401e95d811,1.0,1.0,25.0,0.0,70.0,40.0,yes,20.0,00020297d6--6297a2cece71890706f4f04e,70.0,player.vl_pro_belief,70.0,17.1,False,0.0,0.7
340,0002028871--6297483b379f925fdf55cbc0,1.0,1.0,60.0,0.0,50.0,50.0,yes,-50.0,00020297d6--6297a37a1a1597570c3e5332,0.0,player.vl_pro_belief,50.0,2.8999999999999986,True,0.25,0.25
341,0002028871--629746d2a743b42b6acb514b,1.0,1.0,60.0,0.0,65.0,40.0,yes,-10.0,00020297d6--62979a8c85c5c060cecaece6,40.0,player.proportion,60.0,10.920000000000002,True,0.25,0.65
342,0002028871--6297467baee53a0f1ca04785,1.0,1.0,75.0,30.0,25.0,25.0,yes,-10.0,00020297d6--6297a39927b7222acc7fbcb5,40.0,player.own_dg_belief,30.0,40.0,False,0.0,0.4
343,0002028871--629746eca743b42b6acb52ad,1.0,1.0,40.0,20.0,50.0,20.0,yes,0.0,00020297d6--629798d48717592fea51cbbc,50.0,player.own_dg_belief,20.0,20.0,False,0.0,0.5
344,0002028871--629746ea75f2ea5422cbd871,1.0,1.0,70.0,30.0,40.0,30.0,yes,0.0,00020297d6--62979a2531ed680113399461,50.0,player.own_dg_belief,30.0,30.0,False,0.0,0.5
345,0002028871--629746dace71890706f08815,1.0,1.0,80.0,-50.0,80.0,20.0,yes,30.0,00020297d6--62979a1afc16bb14cdf3da8a,80.0,player.own_dg_belief,-50.0,80.0,False,0.0,0.8
346,0002028871--629747bd9c973a4d0b7c4aac,1.0,1.0,75.0,-40.0,50.0,50.0,yes,-50.0,00020297d6--6297a372e796a155f014b710,0.0,player.vl_contra_belief,50.0,2.0,True,0.25,0.25
347,0002028871--62974820ab45cb7cbab38cd3,1.0,1.0,90.0,-50.0,40.0,60.0,yes,20.0,00020297d6--62979a090f0a604a6d5a76d8,70.0,player.proportion,90.0,19.08,False,0.0,0.7
348,0002028871--629748200808263f5508102b,1.0,1.0,40.0,20.0,20.0,50.0,yes,20.0,00020297d6--629798168753764e91f64754,70.0,player.vl_contra_belief,50.0,2.0,True,0.25,0.95
349,0002028871--629746a927b7222acc7b286e,1.0,1.0,83.0,20.0,70.0,25.0,yes,50.0,00020297d6--62979bb9aee53a0f1ca3bd22,100.0,player.vl_pro_belief,70.0,17.1,False,0.0,1.0
350,0002028871--6297473f85c5c060cec5af17,1.0,1.0,88.0,-50.0,20.0,20.0,yes,20.0,00020297d6--62979eb2e7caf416d32bc8fd,70.0,player.own_dg_belief,-50.0,70.0,False,0.0,0.7
351,0002028871--629746d7e7caf416d327e9fc,1.0,1.0,90.0,20.0,70.0,70.0,yes,-10.0,00020297d6--62979dcc9c973a4d0b8091ff,40.0,player.own_dg_belief,20.0,30.0,False,0.0,0.4
352,0002028871--6297482831ed680113358f32,1.0,1.0,67.0,0.0,35.0,60.0,yes,20.0,00020297d6--62979eb7ba0e0c481ed3850a,70.0,player.vl_pro_belief,35.0,17.9,False,0.0,0.7
353,0002028871--629746d4c5079d57c57d4cd4,1.0,1.0,50.0,0.0,30.0,50.0,yes,20.0,00020297d6--62979ec78753764e91f6a52e,70.0,player.proportion,50.0,20.92,False,0.0,0.7
354,0002028871--62974811c4f9241828c4dda5,1.0,1.0,80.0,30.0,40.0,35.0,yes,0.0,00020297d6--62979dbab8c3540865cf1ed4,50.0,player.vl_contra_belief,35.0,17.0,False,0.0,0.5
355,0002028871--62974818b8c3540865c91e8d,1.0,1.0,70.0,20.0,60.0,30.0,yes,0.0,00020297d6--62979f3be796a155f014606f,50.0,player.vl_pro_belief,60.0,7.100000000000001,True,0.25,0.75
356,0002028871--629747911cd4a2502eff774f,1.0,1.0,88.0,-50.0,25.0,25.0,yes,30.0,00020297d6--6297a136592d6a25806643a9,80.0,player.vl_contra_belief,25.0,27.0,False,0.0,0.8
357,0002028871--629746d585c5c060cec5a8f8,1.0,1.0,80.0,0.0,70.0,30.0,yes,20.0,00020297d6--6297a00a72b8b44b5c924f68,70.0,player.vl_pro_belief,70.0,17.1,False,0.0,0.7
358,0002028871--629746f7aee53a0f1ca04f8c,1.0,1.0,60.0,-10.0,70.0,60.0,yes,0.0,00020297d6--6297a00955a6576a01d4e1b2,50.0,player.vl_pro_belief,70.0,17.1,False,0.0,0.5
359,0002028871--629746d68d75da35c17b155b,1.0,1.0,60.0,0.0,37.0,28.0,yes,20.0,00020297d6--62979cbb55a82f0add5862e9,70.0,player.own_dg_belief,0.0,20.0,False,0.0,0.7
360,0002028871--6297480356b7cb048e2199bc,1.0,1.0,80.0,0.0,80.0,80.0,yes,10.0,00020297d6--62979cb9c2dd7967c03a3588,60.0,player.vl_contra_belief,80.0,28.0,False,0.0,0.6
361,0002028871--629747b8379f925fdf55c428,1.0,1.0,70.0,0.0,30.0,50.0,yes,20.0,00020297d6--6297a0e1343b1203f379c826,70.0,player.proportion,70.0,0.9200000000000017,True,0.25,0.95
362,0002028871--6297467a4796d7421d109369,1.0,1.0,88.0,-50.0,20.0,20.0,yes,0.0,00020297d6--62979c3d1cd4a2502e031254,50.0,player.own_dg_belief,-50.0,50.0,False,0.0,0.5
363,0002028871--629746d8aee53a0f1ca04d6c,1.0,1.0,40.0,0.0,70.0,90.0,yes,20.0,00020297d6--62979bf10808263f550f77e4,70.0,player.proportion,40.0,30.92,False,0.0,0.7
364,0002028871--629746ede14f7b062a1eb246,1.0,1.0,85.0,10.0,70.0,80.0,yes,-20.0,00020297d6--62979d0de796a155f014378e,30.0,player.vl_contra_belief,80.0,28.0,False,0.0,0.3
365,0002028871--629747e00bd50b275505218f,1.0,1.0,50.0,0.0,50.0,50.0,yes,-50.0,00020297d6--629798af55a6576a01d485cf,0.0,player.own_dg_belief,0.0,50.0,False,0.0,0.0
366,0002028871--629746fbc5079d57c57d4ed7,1.0,1.0,85.0,20.0,70.0,20.0,yes,0.0,00020297d6--629799e875f2ea5422cfbd4a,50.0,player.vl_contra_belief,20.0,32.0,False,0.0,0.5
367,0002028871--62974810e14f7b062a1ebd92,1.0,1.0,80.0,20.0,85.0,95.0,yes,-20.0,00020297d6--62979827286bd91e83d9d6f6,30.0,player.proportion,80.0,9.079999999999998,True,0.25,0.55
368,0002028871--62974846379f925fdf55cc9d,1.0,1.0,80.0,0.0,80.0,80.0,yes,0.0,00020297d6--6297aa97b8c3540865d00b43,50.0,player.own_dg_belief,0.0,0.0,True,0.25,0.75
369,0002028871--629748561a1597570c3a2ccc,1.0,1.0,75.0,0.0,90.0,75.0,yes,20.0,00020297d6--6297ab6eb8c3540865d01906,70.0,player.proportion,75.0,4.079999999999998,True,0.25,0.95
370,0002028871--6297481eab45cb7cbab38c90,1.0,1.0,50.0,-50.0,50.0,50.0,yes,-30.0,00020297d6--629798bf6789b1401e99c2dc,20.0,player.own_dg_belief,-50.0,20.0,False,0.0,0.2
371,0002028871--6297469da743b42b6acb4e70,1.0,1.0,70.0,30.0,90.0,80.0,yes,20.0,00020297d6--629798e7ab45cb7cbab74cfb,70.0,player.vl_pro_belief,90.0,37.1,False,0.0,0.7
372,0002028871--629746a29c973a4d0b7c40b4,1.0,1.0,65.0,-40.0,30.0,80.0,yes,-30.0,00020297d6--629798dc0f0a604a6d5a687a,20.0,player.vl_contra_belief,80.0,28.0,False,0.0,0.2
373,0002028871--62974690ce71890706f084b3,1.0,1.0,50.0,-30.0,50.0,40.0,yes,20.0,00020297d6--6297b05ec2dd7967c03b1962,70.0,player.own_dg_belief,-30.0,50.0,False,0.0,0.7
374,0002028871--6297467c343b1203f373e49f,1.0,1.0,90.0,0.0,99.0,0.0,yes,20.0,00020297d6--629798f7ba0e0c481ed334da,70.0,player.own_dg_belief,0.0,20.0,False,0.0,0.7
375,0002028871--629748a49e3b850db61b43f6,1.0,1.0,70.0,10.0,70.0,70.0,yes,0.0,00020297d6--6297b09fc4f9241828cc3c87,50.0,player.vl_contra_belief,70.0,18.0,False,0.0,0.5
376,0002028871--629748bf9e3b850db61b452e,1.0,1.0,100.0,-50.0,100.0,0.0,yes,-50.0,00020297d6--6297b15d8717592fea521d59,0.0,player.own_dg_belief,-50.0,0.0,True,0.25,0.25
377,0002028871--6297470185c5c060cec5ac14,1.0,1.0,85.0,0.0,70.0,10.0,yes,0.0,00020297d6--6297b1a36789b1401e9af238,50.0,player.own_dg_belief,0.0,0.0,True,0.25,0.75
378,0002028871--629747a3035b7842af529157,1.0,1.0,60.0,-50.0,30.0,30.0,yes,-30.0,00020297d6--6297b1e731ed6801133ab92e,20.0,player.vl_contra_belief,30.0,22.0,False,0.0,0.2
379,0002028871--629746b1035b7842af527d59,1.0,1.0,80.0,-30.0,70.0,30.0,yes,-40.0,00020297d6--629798991b437b49aa7b3c7b,10.0,player.proportion,80.0,9.079999999999998,True,0.25,0.35
380,0002028871--6297465ece71890706f0824b,1.0,1.0,18.0,0.0,60.0,80.0,yes,20.0,00020297d6--6297b3296789b1401e9b01d1,70.0,player.proportion,18.0,52.92,False,0.0,0.7
381,0002028871--629748afce71890706f09e68,1.0,1.0,60.0,-50.0,90.0,80.0,yes,30.0,00020297d6--6297b3718d75da35c181bd10,80.0,player.own_dg_belief,-50.0,80.0,False,0.0,0.8
382,0002028871--62974893095c8b3014ae30e1,1.0,1.0,70.0,0.0,50.0,50.0,yes,20.0,00020297d6--6297b049343b1203f37ae230,70.0,player.own_dg_belief,0.0,20.0,False,0.0,0.7
383,0002028871--629746b78753764e91f1c91c,1.0,1.0,70.0,0.0,20.0,80.0,yes,50.0,00020297d6--6297a552286bd91e83da9763,100.0,player.vl_contra_belief,80.0,28.0,False,0.0,1.0
384,0002028871--6297472d31ed680113358453,1.0,1.0,75.0,20.0,50.0,50.0,yes,50.0,00020297d6--6297992b1b437b49aa7b44e3,100.0,player.vl_pro_belief,50.0,2.8999999999999986,True,0.25,1.25
385,0002028871--629748a2286bd91e83d453df,1.0,1.0,80.0,0.0,30.0,80.0,yes,20.0,00020297d6--6297a98e286bd91e83dacea2,70.0,player.vl_contra_belief,80.0,28.0,False,0.0,0.7
386,0002028871--6297489c75f2ea5422cbec3d,1.0,1.0,100.0,-40.0,10.0,10.0,yes,-20.0,00020297d6--6297a5ede796a155f014e340,30.0,player.proportion,100.0,29.08,False,0.0,0.3
387,0002028871--6297489dba0e0c481eceab3b,1.0,1.0,40.0,20.0,20.0,90.0,yes,20.0,00020297d6--62979898343b1203f3792b2c,70.0,player.proportion,40.0,30.92,False,0.0,0.7
388,0002028871--62974691df858e094c93026b,1.0,1.0,50.0,-50.0,50.0,50.0,yes,20.0,00020297d6--6297a67088f65848589d74f5,70.0,player.vl_contra_belief,50.0,2.0,True,0.25,0.95
389,0002028871--629746a8c5079d57c57d4a80,1.0,1.0,50.0,0.0,50.0,50.0,yes,0.0,00020297d6--6297a6e1035b7842af580b44,50.0,player.own_dg_belief,0.0,0.0,True,0.25,0.75
390,0002028871--62974725f97bee03d0113994,1.0,1.0,80.0,-20.0,80.0,20.0,yes,-50.0,00020297d6--629798efce71890706f478e7,0.0,player.vl_pro_belief,80.0,27.1,False,0.0,0.0
391,0002028871--629746aa75f2ea5422cbd60b,1.0,1.0,100.0,10.0,20.0,5.0,yes,0.0,00020297d6--6297a720c2dd7967c03ab1c9,50.0,player.proportion,100.0,29.08,False,0.0,0.5
392,0002028871--629747b9ce71890706f091f2,1.0,1.0,70.0,0.0,80.0,50.0,yes,-30.0,00020297d6--629798ee6789b1401e99c58d,20.0,player.own_dg_belief,0.0,30.0,False,0.0,0.2
393,0002028871--6297471a6789b1401e95da63,1.0,1.0,75.0,0.0,70.0,30.0,yes,0.0,00020297d6--6297a731ba0e0c481ed3ecd8,50.0,player.vl_pro_belief,70.0,17.1,False,0.0,0.5
394,0002028871--6297486e343b1203f374021b,1.0,1.0,88.0,0.0,80.0,60.0,yes,-50.0,00020297d6--6297a755ba0e0c481ed3edf9,0.0,player.own_dg_belief,0.0,50.0,False,0.0,0.0
395,0002028871--629746b40808263f5507fc09,1.0,1.0,25.0,-30.0,40.0,15.0,yes,20.0,00020297d6--6297a7d685c5c060cecbe7f2,70.0,player.own_dg_belief,-30.0,50.0,False,0.0,0.7
396,0002028871--629746c455a6576a01d0881c,1.0,1.0,60.0,0.0,90.0,90.0,yes,0.0,00020297d6--6297a8465bb53b198cc51015,50.0,player.own_dg_belief,0.0,0.0,True,0.25,0.75
397,0002028871--62974853c5079d57c57d61c4,1.0,1.0,60.0,0.0,50.0,50.0,yes,0.0,00020297d6--6297a8798d75da35c18116d2,50.0,player.vl_pro_belief,50.0,2.8999999999999986,True,0.25,0.75
398,0002028871--629746e1f97bee03d01136f9,1.0,1.0,75.0,-50.0,50.0,50.0,yes,20.0,00020297d6--6297a91e0bd50b27550a541f,70.0,player.vl_pro_belief,50.0,2.8999999999999986,True,0.25,0.95
399,0002028871--629747ada743b42b6acb5a81,1.0,1.0,17.0,-20.0,40.0,60.0,yes,10.0,00020297d6--6297a9380808263f551071c7,60.0,player.vl_contra_belief,60.0,8.0,True,0.25,0.85
400,0002028871--6297471e8717592fea4e2cce,1.0,1.0,80.0,-40.0,70.0,30.0,yes,50.0,00020297d6--62979956ab45cb7cbab751c2,100.0,player.proportion,80.0,9.079999999999998,True,0.25,1.25
401,0002028871--629748670808263f550814bd,1.0,1.0,99.0,20.0,99.0,1.0,yes,-10.0,00020297d6--629797a80bd50b2755097cc5,40.0,player.vl_contra_belief,1.0,51.0,False,0.0,0.4
