000200d377--628e3b418eab122ae3c9e3e4,45999d21566f1bf22a4b48d6f9febed8
000200d377--628e3b4ac5228a220152cd24,96f8183120d143b44f77e48106e94e8f
000200d377--628e3b4ace718907069b7fe3,daab011c3a0c33516ffecb77a02d3834
000200d377--628e3b3a8eab122ae3c9e377,391f7232cedcdb0a9e3c3b219039d0bc
000200d377--628e3b48df858e094c3e54ab,03b665e4773ceb30bb07024918f10124
000200d377--628e3b4f7ed8ea71a09023f8,e266e57057b71d4a3862aa9c284dbfef
000200d377--628e3b5dce718907069b8088,6a10955c7c3162888722b1113135806d
000200d377--628e3b3fba0e0c481e7370ce,ad6f3ebb546c61ae5891fae10fa26907
000200d377--628e3b84ed826f50243e2356,661b019784e70e8e7a6b2d8722d4a03f
000200d377--628e3b6daac6473b36abff2c,627aa54475e1730e80970f63c7869022
000200d377--628e3b4d87a38a2b22c789fc,29bd9d9da5baa761877961c5c09d14b0
000200d377--628e3b76095c8b3014592d8a,1df7dd75794b8e48b0cfa1524145e2e7
000200d377--628e3b73592d6a2580f9a588,9c1a330d5915983fb0d6776f29fc8bfe
000200d377--628e3b6ba743b42b6a750162,77088526f9fbc2ca4bb8f7bc37bcd645
000200d377--628e3badce718907069b8594,dea28af37886ef0c84d97de58c28970f
000200d377--628e3b971f5fa235db60937a,9b22e9359c10ebfd532717d2e190aa39
000200d377--628e3ba2aac6473b36ac02dc,36a99bfafe55d7aa49962f2c2b25b175
000200d377--628e3bb6e14f7b062ad5f84a,f64a829d7cbcf3877888c4c3374f3d08
000200d377--628e3bac27b7222acc2233d3,f147ce33bec0553276c5c21e6da8f60f
000200d377--628e3bbd1cd4a2502eb5bf29,2ae164e1bf2f3f3a62d2db58024bf332
000200d377--628e3bc80209472a2fb76d76,e65383a4cdbcb9388b6c67d3f4b25fd9
000200d377--628e3be177b65c5e4265f765,bcf29ea09d4d0a692d8125315d2f5e40
000200d377--628e3bc205a4423007c3ef1f,e5854fc998d007b20e6a86a8c6a9bc01
000200d377--628e3bd5fc16bb14cda0add0,82d4bc4bfcd50614557810ec00304e27
000200d377--628e3bf2ed826f50243e2a10,12a408cf010c22553dced80ce6c66f2b
000200d377--628e3bf90209472a2fb76ff7,893589591375de85f2e4dbdd13cdc3a9
000200d377--628e3c060f0c706b48259ca8,5d9bfd6a9bb0ff4f0f5bc677ee081f2e
000200d377--628e3c252579312f1ae134b1,38452ceb41db11350948009cf413fa0c
000200d377--628e3c3775f2ea54227bc8fe,db490266783ff3f7b7cbfe29cf9cbffa
000200d377--628e3be083df4a0f74ef7dea,21e59eb381608e5c26289722f741a6de
000200d377--628e3c3d1a1597570cebe6d2,fc4699c8ecf40affab3903b80f33a020
000200d377--628e3c6d0ee7c2293be06610,394f843c1e8ca99ddcdc72bc5eb74dde
000200d377--628e3c8ba743b42b6a7512a4,323a41b68ba6e25d232b75bd43c4001d
000200d377--628e3c9a095c8b3014593c8f,da95126e4ce9087b9562bd6451f6ca16
000200d377--628e3c8e8eab122ae3c9fa12,8238f72bccc713f2e1035d09f9844e5b
000200d377--628e3cbaed826f50243e390e,a28038ce3d4959e05cc23e689a410563
000200d377--628e3cd0aac6473b36ac1773,6e1b3fdf76efb7d480509e1aac8d5a29
000200d377--628e3cd4c3e04913db527833,7730e529765d03dac9e4598ca142728f
000200d377--628e3d190209472a2fb77d3f,48d1f8cfdfc6937a46d417dbbde9aca6
000200d377--628e3d2a7ed8ea71a090442a,97319e7c2978c9b18e8bb720b2e58145
000200d377--628e3d63318cc4235dc13469,b09c4dc0e9864217a9f21c6d7dd1a705
000200d377--628e3d666789b1401e3a3b2e,72b064cb312f0c48eb6cff598a7377a6
000200d377--628e3b52c5228a220152cd75,b209c9a35fd6e98c99ca9f12f0e439c7
000200d377--628e3da0095c8b301459488a,c91df19899260f0d700803e17fc645c5
000200d377--628e3d5ded826f50243e4429,6020869755535f97888b31b39c1b960f
000200d377--628e3d9b0f0a604a6d03cf58,43f0dab52e588e2856f39745c75a12e4
000200d377--628e3debe14f7b062ad61258,f143b5971c49f6fd484aee9ddefe9b62
000200d377--628e3e4f0f0a604a6d03d8a2,0943a19156e81ae77bc77cc330903cb5
000200d377--628e3f7d0bd50b2755aca077,60b04c4f6afb3e6eb41e36a441dbf219
000200d377--628e3fcfe14f7b062ad62f77,d3fd7f089278a54460a80cf28b4de52e
