0002009276--628cde2354e80124a85f337f,2417e2d6e03fb701361f7e6a8781e2cb
0002009276--628cde252f615f39aebeed46,492d744618d178bdb86fbb4ab3494543
0002009276--628cde2a626e24039330fa85,d607ef62839075b3fe1ff105e0ec478c
0002009276--628cde384e900f5f2651e007,11f3b1c6af612efe12d5a27e98c0170a
0002009276--628cde484e900f5f2651e0f0,7eb203baf2cef4a53cff2170e91edc74
0002009276--628cde16a830c12ab5ac36a5,2e773e6c175f45c4a1cffbd01b621756
0002009276--628cde42bbd4f5041f846a4a,c9519df2081b1efdf3826eca376d1cd6
0002009276--628cde3b4e900f5f2651e019,f61f54f806340f8fbe22fc0fbed63a78
0002009276--628cde4e5f6f9432d767591c,9f2e81a92ad3fc0b5176ab502a025364
0002009276--628cde3de187d80b49523597,b95844784aeca2903a1d078f5e4d7605
0002009276--628cde2f2579312f1acd70f2,039c725663250719ae35a9b0661e442d
0002009276--628cde49ed826f5024262293,10d0e160d63afa226564c1528d10850c
0002009276--628cde64f353ff086626da23,7297fb5e790195b38e63d645b41c21c7
0002009276--628cde63bbd4f5041f846c0a,d4d33882c5ac228bdceceed1bbf4a9bc
0002009276--628cde1583df4a0f74e0a571,d9a67f8a0d6b87161a37d838f8c3dbcd
0002009276--628cde6700d35927ff1c6dcb,a4f77a43972f2c3bf618e7b0655d5d6c
0002009276--628cde715f6f9432d7675b55,553f56745fdea5b8b2c9869ba9e01dc6
0002009276--628cde6c52f0054f5cab1516,d309d2358f0d57a4fa7a6f645f1cb350
0002009276--628cde8ae187d80b49523ad2,9faefcfc4a0f41180151e6642b93c9d1
0002009276--628cde89e187d80b49523ac2,1a589bd14dbf15c3b547bb067158fa1c
0002009276--628cdea6f353ff086626dd67,b4430ec26a46bdf453c2aa6f0f791c97
0002009276--628cdebb9cae466b3799d5b5,10f45759727b74c7b526c32a0473ad7f
0002009276--628cdea25f6f9432d7675d5d,5c2de6bebf9592051e5edeb2b746596e
0002009276--628cde813118f91e569fc70d,8c6c61beaea7a6e2bf2b946dc4b7ae5b
0002009276--628cdeb79cae466b3799d58a,05c388ba4b62f711f5272ab2de163da6
0002009276--628cdec0dd1ddd462dbaa2db,6bf86f13b236faf878738577c38e952f
0002009276--628cdebe29cc1c34a0b2c1fd,a311d48ee766b6e696228ffe2b731f5e
0002009276--628cdea8ada6b73de165adb3,3347354275f56a6ae4c190089c318f0c
0002009276--628cdee71b4d6738e8bcc0c7,2fbdec68e5eeef0ef247cf78aa79438f
0002009276--628cdefad3c53f3716f5639c,77ce18c3845a6b1c1fdc2b98679853ba
0002009276--628cdeeff353ff086626e226,077b290d72e0556ab58920a532297657
0002009276--628cdef3aac6473b369db5c2,ac61e0902c1ff70c39f39e421906f7cd
0002009276--628cdeeadd1ddd462dbaa595,84cba0d73a0c1f445d125e66c44df2fe
0002009276--628cdf0c8d34a916af694fa0,250838ad46dcb48cc1a83a512f8f8bfa
0002009276--628cdf1d3118f91e569fd1f4,cf7d211ce3e9d360aca22f10bae3a074
0002009276--628cdf01e187d80b49524829,d51344f84290cce78303c66890636f6c
0002009276--628cdf54ed826f5024264ceb,f63b6bda50d80d7f8d64f7411b1738e3
0002009276--628cdf59bbd4f5041f847b8e,577f0ddd84e45441052d1c8cf3f5115d
0002009276--628cdf53626e240393310b78,ec22405224b717ee3c867156217066ad
0002009276--628cdf438eab122ae3b92a5b,28bf0ffab0eb185d988af62745d38050
0002009276--628cdf749cae466b3799e3d5,00920dd2031a1d8a10e1d80a69174677
0002009276--628cdf67f353ff086626e86c,ba210f1c6e9eb2579cee8b819f2d79b0
0002009276--628cdf5d52f0054f5cab225b,b0f04cd866c8b0f6c5bbf6627d6afb5e
0002009276--628cdf6d8b826d64e101af9b,5c790c278e541f207149674d098bc6b1
0002009276--628cdf8ba830c12ab5ac4b06,6b1b248d06c9addfeade8163adfb7354
0002009276--628cdfd50ba326496aab44bd,fa841b3c0e1248ac3184dae204a6c001
0002009276--628cdfef0f0c706b481912f2,e508503ed3b9860e5e33c314e270a1cf
0002009276--628ce05a8b826d64e101b9c9,ebc6c5b9c78a128de2fd16a2819d4129
0002009276--628ce05d8d34a916af6960a5,ffc76a169ff6afed51523de4e46c106e
0002009276--628ce8f22f615f39aebf6e35,d9a67f8a0d6b87161a37d838f8c3dbcd
0002009276--628ceacb4299c12575fea52e,927c22b168893d6030cc4114cf063d62
0002009276--628ceb129a0dcb014a13bf61,ae31db9cef3b25d504025374f6f13a2b
00020098c0--628cf82bada6b73de166c39c,b8d4c8e5dae3437f7984f551798dc0de
00020098c0--628cf83e54e80124a86061cd,e9f266c9eebbe14c5118539bb7ca2772
00020098c0--628cf83d0ba326496aac4c78,fa599af5e261d386d22e7676710cfd79
00020098c0--628cf84887a38a2b22bca7ee,8dc87f9a45de3ffa9e2d082685d40c74
00020098c0--628cf840ada6b73de166c434,483987c654d1b5d1c2999fe9ac587c41
00020098c0--628cf8446bdb327c26a5e99d,0db11599ab6975bb92ab150ec88f132c
00020098c0--628cf833ed826f50242868ff,b246959f790838707d5cb6ae416ba387
00020098c0--628cf8501b4d6738e8be457e,1ab2594ced03e4294d09869635935137
00020098c0--628cf8650ba326496aac4d74,d795ff809e1c686c3aa4251350925b91
00020098c0--628cf84d2d96d85316c0898b,1489ed8b1896f56ea20144fc9666b988
00020098c0--628cf8729e801c6e76be8743,4789e56ca9741b9efa02ef0792afbd84
00020098c0--628cf83205a4423007b1bfd7,dbbabbb6d10fff5c54666ace52be82dc
00020098c0--628cf8948eab122ae3bab836,ef183c285c749da270d9e157d261b55f
00020098c0--628cf893f511a30e0462eb11,48b24f842b94e7c78b2b0b3759bac245
00020098c0--628cf8a12579312f1acf3b52,f5c8c3730a3f34c9baddf22cec4c1a2b
00020098c0--628cf8aa4299c12575ff4170,847e53fa8099557dfb8fc14707e1b45e
00020098c0--628cf8b6f511a30e0462ecd6,e32e827c9398044bc02e3c0ded57613f
00020098c0--628cf8966bdb327c26a5ed12,d3b04131661bfccf488dbedacb3064f5
00020098c0--628cf8b36bdb327c26a5ee28,3b7b3ef8edabda17035769d94b58dad6
00020098c0--628cf8ca83df4a0f74e1d0e4,e954a92f47f49c4f083dd87695987853
00020098c0--628cf8d57ed8ea71a07bbf8d,cf21b0d78ae777ac3867c94ea71af69f
00020098c0--628cf8deb03cbc6f7a1001a9,f1c78baaa1d4bdef53b512083e6987bf
00020098c0--628cf8d69a0dcb014a143398,6239884f9c2fe5ea7f637863e8ffc046
00020098c0--628cf85aa830c12ab5ad7966,1acbf2b496203938edc48507e195a182
00020098c0--628cf9091b4d6738e8be4e71,1a168d52efa604d1018ae150dda30863
00020098c0--628cf9284e900f5f265330fa,53f776c25cc8337687b3309896f74ea4
00020098c0--628cf930bbd4f5041f857e60,ca14dfa6476f3b4046ec95c54c9ba8cf
00020098c0--628cf90e05a4423007b1cac9,b6c92babd28cd2331d66205f118c2264
00020098c0--628cf9730f0c706b481a2193,153b7d0568b5452cfa06b4698a1c1ba2
00020098c0--628cf932bbd4f5041f857e93,e764d7005b06ff11da31e9cab25f4f3c
00020098c0--628cf9dd21e861227a607ad3,8cae2affaa4daff2d49bd99dd603403b
00020098c0--628cf9ec7ed8ea71a07bd0d8,6c99943c8216f6ac15763b7905c2e375
00020098c0--628cfa34c1c6935ddbb7f994,e780f2a28529b235325bfac68a70d67a
00020098c0--628cfa581f5fa235db556004,f43f300ba94fe2fa883e173622959507
00020098c0--628cf9c81b4d6738e8be5722,25da3288f181cf2d9d8c2462df11b83e
00020098c0--628cfa8505a4423007b1ddf0,4050e39158cb980360a6a5f1018bc2ee
00020098c0--628cfa836bdb327c26a5fec3,adb2b84a72d5e8dc824b9c24cb7b9cac
00020098c0--628cfb91f6c2a148138373ff,0efdcdf9f27a66d0f02bdbc48a018986
00020098c0--628cfbe45769f30cd4a4f9c0,89e99b197d0c7796c43fb36b58207f32
00020098c0--628cfbecf511a30e04630df3,3a069324a06c1e2c0f9827564e91b3df
00020098c0--628cfc268eab122ae3bae4db,346cd408d69c15d5ae7a81b279a8a379
00020098c0--628cfc632d96d85316c0b218,188aefad42a43c54f29e421b95e79709
00020098c0--628cfc47bf2e346ffa14e5f1,0cf44e5957dd560030a3da754ce46c62
00020098c0--628cfc72a830c12ab5ad9eaa,180f8076f6bdf7db2097de2beb6a2583
00020098c0--628cfc58062c922c3c1c320a,b9943de88f4b6245b9626eab6eeebc90
00020098c0--628cfcb405a4423007b20255,790c632506cb96b45ab4f98529ff4225
00020098c0--628cfca20f03482c1663d845,cff5dd02a912a8a0a114498c757cfbf0
00020098c0--628cfcd6d3c53f3716f6dc30,e832b56fb7e12430c54baf5984027e43
00020098c0--628cfd660ba326496aac7c87,159b08477b9d50f8768c77a545476eb7
00020098c0--628d06c2062c922c3c1cb494,d48023697c514817c6431f77f0b79498
00020098c0--628d07010ee7c2293bd0cb0a,0186400b77dcfad3fd78b2c08981ebd8
